score_time_sec,performance_time_sec
0.00000,0.37152
0.00100,1.02152
0.00200,1.02252
0.00300,1.02352
0.00400,1.02452
0.00500,1.02552
0.00600,1.02652
0.00700,1.02752
0.00800,1.02852
0.00900,1.02952
0.01000,1.03052
0.01100,1.03152
0.01200,1.03252
0.01300,1.03352
0.01400,1.03452
0.01500,1.03552
0.01600,1.03652
0.01700,1.03752
0.01800,1.03852
0.01900,1.03952
0.02000,1.04052
0.02100,1.04152
0.02200,1.04252
0.02300,1.04352
0.02400,1.04452
0.02500,1.04552
0.02600,1.04652
0.02700,1.04752
0.02800,1.04852
0.02900,1.04952
0.03000,1.05052
0.03100,1.05152
0.03200,1.05252
0.03300,1.05352
0.03400,1.05452
0.03500,1.05552
0.03600,1.05652
0.03700,1.05752
0.03800,1.05852
0.03900,1.05952
0.04000,1.06052
0.04100,1.06152
0.04200,1.06252
0.04300,1.06352
0.04400,1.06452
0.04500,1.06552
0.04600,1.06652
0.04700,1.06752
0.04800,1.06852
0.04900,1.06952
0.05000,1.07052
0.05100,1.07152
0.05200,1.07252
0.05300,1.07352
0.05400,1.07452
0.05500,1.07552
0.05600,1.07652
0.05700,1.07752
0.05800,1.07852
0.05900,1.07952
0.06000,1.08052
0.06100,1.08152
0.06200,1.08252
0.06300,1.08352
0.06400,1.08452
0.06500,1.08552
0.06600,1.08652
0.06700,1.08752
0.06800,1.08852
0.06900,1.08952
0.07000,1.09052
0.07100,1.09152
0.07200,1.09252
0.07300,1.09352
0.07400,1.09452
0.07500,1.09552
0.07600,1.09652
0.07700,1.09752
0.07800,1.09852
0.07900,1.09952
0.08000,1.10052
0.08100,1.10152
0.08200,1.10252
0.08300,1.10352
0.08400,1.10452
0.08500,1.10552
0.08600,1.10652
0.08700,1.10752
0.08800,1.10852
0.08900,1.10952
0.09000,1.11052
0.09100,1.11152
0.09200,1.11252
0.09300,1.11352
0.09400,1.11452
0.09500,1.11552
0.09600,1.11652
0.09700,1.11752
0.09800,1.11852
0.09900,1.11952
0.10000,1.12052
0.10100,1.12152
0.10200,1.12252
0.10300,1.12352
0.10400,1.12452
0.10500,1.12552
0.10600,1.12652
0.10700,1.12752
0.10800,1.12852
0.10900,1.12952
0.11000,1.13052
0.11100,1.13152
0.11200,1.13252
0.11300,1.13352
0.11400,1.13452
0.11500,1.13552
0.11600,1.13652
0.11700,1.13752
0.11800,1.13852
0.11900,1.13952
0.12000,1.14052
0.12100,1.14152
0.12200,1.14252
0.12300,1.14352
0.12400,1.14452
0.12500,1.14552
0.12600,1.14652
0.12700,1.14752
0.12800,1.14852
0.12900,1.14952
0.13000,1.15052
0.13100,1.15152
0.13200,1.15252
0.13300,1.15352
0.13400,1.15452
0.13500,1.15552
0.13600,1.15652
0.13700,1.15752
0.13800,1.15852
0.13900,1.15952
0.14000,1.16052
0.14100,1.16152
0.14200,1.16252
0.14300,1.16352
0.14400,1.16452
0.14500,1.16552
0.14600,1.16652
0.14700,1.16752
0.14800,1.16852
0.14900,1.16952
0.15000,1.17052
0.15100,1.17352
0.15200,1.17452
0.15300,1.17552
0.15400,1.17652
0.15500,1.18152
0.15600,1.18252
0.15700,1.18352
0.15800,1.18452
0.15900,1.18552
0.16000,1.18652
0.16100,1.18752
0.16200,1.18852
0.16300,1.18952
0.16400,1.19052
0.16500,1.19152
0.16600,1.19252
0.16700,1.19352
0.16800,1.19452
0.16900,1.19552
0.17000,1.19652
0.17100,1.19752
0.17200,1.19852
0.17300,1.19952
0.17400,1.20052
0.17500,1.20152
0.17600,1.20252
0.17700,1.20352
0.17800,1.20452
0.17900,1.20552
0.18000,1.20652
0.18100,1.20752
0.18200,1.20852
0.18300,1.20952
0.18400,1.21052
0.18500,1.21152
0.18600,1.21252
0.18700,1.21352
0.18800,1.21452
0.18900,1.21552
0.19000,1.21652
0.19100,1.21752
0.19200,1.21852
0.19300,1.21952
0.19400,1.22052
0.19500,1.22152
0.19600,1.22252
0.19700,1.22352
0.19800,1.22452
0.19900,1.22552
0.20000,1.22652
0.20100,1.22752
0.20200,1.22852
0.20300,1.22952
0.20400,1.23052
0.20500,1.23152
0.20600,1.23252
0.20700,1.23352
0.20800,1.23452
0.20900,1.23552
0.21000,1.23652
0.21100,1.23752
0.21200,1.23852
0.21300,1.23952
0.21400,1.24052
0.21500,1.24152
0.21600,1.24252
0.21700,1.24352
0.21800,1.24452
0.21900,1.24552
0.22000,1.24652
0.22100,1.24752
0.22200,1.24852
0.22300,1.24952
0.22400,1.25052
0.22500,1.25152
0.22600,1.25252
0.22700,1.25352
0.22800,1.25452
0.22900,1.25552
0.23000,1.25652
0.23100,1.25752
0.23200,1.25852
0.23300,1.25952
0.23400,1.26052
0.23500,1.26152
0.23600,1.26252
0.23700,1.26352
0.23800,1.26452
0.23900,1.26552
0.24000,1.26652
0.24100,1.26752
0.24200,1.26852
0.24300,1.26952
0.24400,1.27052
0.24500,1.27152
0.24600,1.27252
0.24700,1.27352
0.24800,1.27452
0.24900,1.27552
0.25000,1.27652
0.25100,1.27752
0.25200,1.27852
0.25300,1.27952
0.25400,1.28052
0.25500,1.28152
0.25600,1.28252
0.25700,1.28352
0.25800,1.28452
0.25900,1.28552
0.26000,1.28652
0.26100,1.28752
0.26200,1.28852
0.26300,1.28952
0.26400,1.29052
0.26500,1.29152
0.26600,1.29252
0.26700,1.29352
0.26800,1.29452
0.26900,1.29552
0.27000,1.29652
0.27100,1.29752
0.27200,1.29852
0.27300,1.29952
0.27400,1.30052
0.27500,1.30152
0.27600,1.30252
0.27700,1.30352
0.27800,1.30452
0.27900,1.30552
0.28000,1.30652
0.28100,1.30752
0.28200,1.30852
0.28300,1.30952
0.28400,1.31052
0.28500,1.31152
0.28600,1.31252
0.28700,1.31352
0.28800,1.31452
0.28900,1.31552
0.29000,1.31652
0.29100,1.31752
0.29200,1.31852
0.29300,1.31952
0.29400,1.32052
0.29500,1.32152
0.29600,1.32252
0.29700,1.32352
0.29800,1.32452
0.29900,1.32552
0.30000,1.32652
0.30100,1.32752
0.30200,1.32852
0.30300,1.32952
0.30400,1.33052
0.30500,1.33152
0.30600,1.33252
0.30700,1.33352
0.30800,1.33452
0.30900,1.33552
0.31000,1.33652
0.31100,1.33752
0.31200,1.33852
0.31300,1.33952
0.31400,1.34052
0.31500,1.34152
0.31600,1.34252
0.31700,1.34352
0.31800,1.34452
0.31900,1.34552
0.32000,1.34652
0.32100,1.34752
0.32200,1.34852
0.32300,1.34952
0.32400,1.35052
0.32500,1.35152
0.32600,1.35252
0.32700,1.35352
0.32800,1.35452
0.32900,1.35552
0.33000,1.35652
0.33100,1.35752
0.33200,1.35852
0.33300,1.35952
0.33400,1.36052
0.33500,1.36152
0.33600,1.36252
0.33700,1.36352
0.33800,1.36452
0.33900,1.36552
0.34000,1.36652
0.34100,1.36752
0.34200,1.36852
0.34300,1.36952
0.34400,1.37052
0.34500,1.37152
0.34600,1.37252
0.34700,1.37352
0.34800,1.37452
0.34900,1.37552
0.35000,1.37652
0.35100,1.37752
0.35200,1.37852
0.35300,1.37952
0.35400,1.38052
0.35500,1.38152
0.35600,1.38252
0.35700,1.38352
0.35800,1.38452
0.35900,1.38552
0.36000,1.38652
0.36100,1.38752
0.36200,1.38852
0.36300,1.38952
0.36400,1.39052
0.36500,1.39152
0.36600,1.39252
0.36700,1.39352
0.36800,1.39452
0.36900,1.39552
0.37000,1.39652
0.37100,1.39752
0.37200,1.39852
0.37300,1.39952
0.37400,1.40052
0.37500,1.40152
0.37600,1.40252
0.37700,1.40352
0.37800,1.40452
0.37900,1.40552
0.38000,1.40752
0.38100,1.40852
0.38200,1.40952
0.38300,1.41052
0.38400,1.41152
0.38500,1.41252
0.38600,1.41352
0.38700,1.41452
0.38800,1.41552
0.38900,1.41652
0.39000,1.41752
0.39100,1.41852
0.39200,1.41952
0.39300,1.42052
0.39400,1.42152
0.39500,1.42252
0.39600,1.42352
0.39700,1.42452
0.39800,1.42552
0.39900,1.42652
0.40000,1.42752
0.40100,1.42852
0.40200,1.42952
0.40300,1.43052
0.40400,1.43152
0.40500,1.43252
0.40600,1.43352
0.40700,1.43452
0.40800,1.43552
0.40900,1.43652
0.41000,1.43752
0.41100,1.43852
0.41200,1.43952
0.41300,1.44052
0.41400,1.44152
0.41500,1.44252
0.41600,1.44352
0.41700,1.44452
0.41800,1.44552
0.41900,1.44652
0.42000,1.44752
0.42100,1.44852
0.42200,1.44952
0.42300,1.45052
0.42400,1.45152
0.42500,1.45252
0.42600,1.45352
0.42700,1.45452
0.42800,1.45552
0.42900,1.45652
0.43000,1.45752
0.43100,1.45852
0.43200,1.45952
0.43300,1.46052
0.43400,1.46152
0.43500,1.46252
0.43600,1.46352
0.43700,1.46452
0.43800,1.46552
0.43900,1.46652
0.44000,1.46752
0.44100,1.46852
0.44200,1.46952
0.44300,1.47052
0.44400,1.47152
0.44500,1.47252
0.44600,1.47352
0.44700,1.47452
0.44800,1.47552
0.44900,1.47652
0.45000,1.47752
0.45100,1.47852
0.45200,1.47952
0.45300,1.48052
0.45400,1.48152
0.45500,1.48252
0.45600,1.48352
0.45700,1.48452
0.45800,1.48552
0.45900,1.48652
0.46000,1.48752
0.46100,1.48852
0.46200,1.48952
0.46300,1.49052
0.46400,1.49152
0.46500,1.49252
0.46600,1.49352
0.46700,1.49452
0.46800,1.49552
0.46900,1.49652
0.47000,1.49752
0.47100,1.49852
0.47200,1.49952
0.47300,1.50052
0.47400,1.50152
0.47500,1.50252
0.47600,1.50352
0.47700,1.50452
0.47800,1.50552
0.47900,1.50652
0.48000,1.50752
0.48100,1.50852
0.48200,1.50952
0.48300,1.51052
0.48400,1.51152
0.48500,1.51252
0.48600,1.51352
0.48700,1.51452
0.48800,1.51552
0.48900,1.51652
0.49000,1.51752
0.49400,1.51852
0.49500,1.51952
0.49600,1.52052
0.49700,1.52152
0.49800,1.52252
0.49900,1.52352
0.50000,1.52452
0.50100,1.52552
0.50200,1.52652
0.50300,1.52752
0.50400,1.52852
0.50500,1.52952
0.50600,1.53052
0.50700,1.53152
0.50800,1.53252
0.50900,1.53352
0.51000,1.53452
0.51100,1.53552
0.51200,1.53652
0.51300,1.53752
0.51400,1.53852
0.51500,1.53952
0.51600,1.54052
0.51700,1.54152
0.51800,1.54252
0.51900,1.54352
0.52000,1.54452
0.52100,1.54552
0.52200,1.54652
0.52300,1.54752
0.52400,1.54852
0.53000,1.54952
0.53100,1.55052
0.53200,1.55152
0.53700,1.55252
0.53800,1.55352
0.53900,1.55452
0.54000,1.55552
0.54100,1.55652
0.54200,1.55752
0.54300,1.55852
0.54400,1.55952
0.54500,1.56052
0.54600,1.56152
0.54700,1.56252
0.54800,1.56352
0.54900,1.56452
0.55000,1.56552
0.55100,1.56652
0.55200,1.56752
0.55300,1.56852
0.55400,1.56952
0.55500,1.57052
0.55600,1.57152
0.55700,1.57252
0.55800,1.57352
0.55900,1.57452
0.56000,1.57552
0.56100,1.57652
0.56200,1.57752
0.56300,1.57852
0.56400,1.57952
0.56500,1.58052
0.56600,1.58152
0.56700,1.58252
0.56800,1.58352
0.56900,1.58452
0.57000,1.58552
0.57100,1.58652
0.57200,1.58752
0.57300,1.58852
0.57400,1.58952
0.57500,1.59052
0.57600,1.59152
0.57700,1.59252
0.57800,1.59352
0.57900,1.59452
0.58000,1.59552
0.58100,1.59652
0.58200,1.59752
0.58300,1.59852
0.58400,1.59952
0.58500,1.60052
0.58600,1.60152
0.58700,1.60252
0.58800,1.60352
0.58900,1.60452
0.59000,1.60552
0.59100,1.60652
0.59200,1.60752
0.59300,1.60852
0.59400,1.60952
0.59500,1.61052
0.59600,1.61152
0.59700,1.61252
0.59800,1.61352
0.59900,1.61452
0.60000,1.61552
0.60100,1.61652
0.60200,1.61752
0.60300,1.61852
0.60400,1.61952
0.60500,1.62052
0.60600,1.62152
0.60700,1.62252
0.60800,1.62352
0.60900,1.62452
0.61000,1.62552
0.61100,1.62652
0.61200,1.62752
0.61300,1.62852
0.61400,1.62952
0.61500,1.63052
0.61600,1.63152
0.61700,1.63252
0.61800,1.63352
0.61900,1.63452
0.62000,1.63552
0.62100,1.63652
0.62200,1.63752
0.62300,1.63852
0.62400,1.63952
0.62500,1.64052
0.62600,1.64152
0.62700,1.64252
0.62800,1.64352
0.62900,1.64452
0.63000,1.64552
0.63100,1.64652
0.63200,1.64752
0.63700,1.64852
0.63800,1.64952
0.63900,1.65052
0.64300,1.65152
0.64400,1.65252
0.64500,1.65352
0.64600,1.65452
0.64700,1.65552
0.64800,1.65652
0.64900,1.65752
0.65000,1.65852
0.65100,1.65952
0.65200,1.66052
0.65300,1.66152
0.65400,1.66252
0.65500,1.66352
0.65600,1.66452
0.65700,1.66552
0.65800,1.66652
0.65900,1.66752
0.66000,1.66852
0.66100,1.66952
0.66200,1.67052
0.66300,1.67152
0.66400,1.67252
0.66500,1.67352
0.66600,1.67452
0.66700,1.67552
0.66800,1.67652
0.66900,1.67752
0.67000,1.67852
0.67100,1.67952
0.67200,1.68052
0.67300,1.68152
0.67400,1.68252
0.67500,1.68352
0.67600,1.68452
0.67700,1.68552
0.67800,1.68652
0.67900,1.68752
0.68000,1.68852
0.68100,1.68952
0.68200,1.69052
0.68300,1.69152
0.68400,1.69252
0.68500,1.69352
0.68600,1.69452
0.68700,1.69552
0.68800,1.69652
0.68900,1.69752
0.69000,1.69852
0.69100,1.69952
0.69200,1.70052
0.69300,1.70152
0.69400,1.70252
0.69500,1.70352
0.69600,1.70452
0.69700,1.70552
0.69800,1.70652
0.69900,1.70752
0.70000,1.70852
0.70100,1.70952
0.70200,1.71052
0.70300,1.71152
0.70400,1.71252
0.70500,1.71352
0.70600,1.71452
0.70700,1.71552
0.70800,1.71652
0.70900,1.71752
0.71000,1.71852
0.71100,1.71952
0.71200,1.72052
0.71300,1.72152
0.71400,1.72252
0.71500,1.72352
0.71600,1.72452
0.71700,1.72552
0.71800,1.72652
0.71900,1.72752
0.72000,1.72852
0.72100,1.72952
0.72200,1.73052
0.72300,1.73152
0.72400,1.73252
0.72500,1.73352
0.72600,1.73452
0.72700,1.73552
0.72800,1.73652
0.72900,1.73752
0.73000,1.73852
0.73100,1.73952
0.73200,1.74052
0.73300,1.74152
0.73400,1.74252
0.73500,1.74352
0.73600,1.74452
0.73700,1.74552
0.73800,1.74652
0.73900,1.74752
0.74000,1.74852
0.74100,1.74952
0.74200,1.75052
0.74300,1.75152
0.74400,1.75252
0.74500,1.75352
0.74600,1.75452
0.74700,1.75552
0.74800,1.75652
0.74900,1.75752
0.75000,1.75852
0.75100,1.75952
0.75200,1.76052
0.75300,1.76152
0.75400,1.76252
0.75500,1.76352
0.75600,1.76452
0.75700,1.76552
0.75800,1.76652
0.75900,1.76752
0.76000,1.76852
0.76100,1.76952
0.76200,1.77052
0.76300,1.77152
0.76400,1.77252
0.76500,1.77352
0.76600,1.77452
0.76700,1.77552
0.77700,1.77652
0.77800,1.77752
0.77900,1.77852
0.78000,1.77952
0.78100,1.78052
0.78200,1.78152
0.78300,1.78252
0.78400,1.78352
0.78500,1.78452
0.78600,1.78552
0.78700,1.78652
0.78800,1.78752
0.78900,1.78852
0.79000,1.78952
0.79100,1.79052
0.79200,1.79152
0.79300,1.79252
0.79400,1.79352
0.79500,1.79452
0.79600,1.79552
0.79700,1.79652
0.79800,1.79752
0.79900,1.79852
0.80000,1.79952
0.80100,1.80052
0.80200,1.80152
0.80300,1.80252
0.80400,1.80352
0.80500,1.80452
0.80600,1.80552
0.80700,1.80652
0.80800,1.80752
0.80900,1.80852
0.81000,1.80952
0.81100,1.81052
0.81200,1.81152
0.81300,1.81252
0.81400,1.81352
0.81500,1.81452
0.81600,1.81552
0.81700,1.81652
0.81800,1.81752
0.81900,1.81852
0.82000,1.81952
0.82100,1.82052
0.82200,1.82152
0.82300,1.82252
0.82400,1.82352
0.82500,1.82452
0.82600,1.82552
0.82700,1.82652
0.82800,1.82752
0.82900,1.82852
0.83000,1.82952
0.83100,1.83052
0.83200,1.83152
0.83300,1.83252
0.83400,1.83352
0.83500,1.83452
0.83600,1.83552
0.83700,1.83652
0.83800,1.83752
0.83900,1.83852
0.84000,1.83952
0.84100,1.84052
0.84200,1.84152
0.84300,1.84252
0.84400,1.84352
0.84500,1.84452
0.84600,1.84552
0.84700,1.84652
0.84800,1.84752
0.84900,1.84852
0.85000,1.84952
0.85100,1.85052
0.85200,1.85152
0.85300,1.85252
0.85400,1.85352
0.85500,1.85452
0.85600,1.85552
0.85700,1.85652
0.85800,1.85752
0.85900,1.85852
0.86000,1.85952
0.86100,1.86052
0.86200,1.86152
0.86300,1.86252
0.86400,1.86352
0.86500,1.86452
0.86600,1.86552
0.86700,1.86652
0.86800,1.86752
0.86900,1.86852
0.87000,1.86952
0.87100,1.87052
0.87200,1.87152
0.87300,1.87252
0.87400,1.87352
0.87500,1.87452
0.87600,1.87552
0.87700,1.87652
0.87800,1.87752
0.87900,1.87852
0.88000,1.87952
0.88100,1.88052
0.88200,1.88152
0.88300,1.88252
0.88400,1.88352
0.88500,1.88452
0.88600,1.88552
0.88700,1.88652
0.88800,1.88752
0.88900,1.88852
0.89000,1.88952
0.89100,1.89052
0.89200,1.89152
0.89300,1.89252
0.89400,1.89352
0.89500,1.89452
0.89600,1.89552
0.89700,1.89652
0.89800,1.89752
0.89900,1.89852
0.90000,1.89952
0.90100,1.90052
0.90200,1.90152
0.90300,1.90252
0.90400,1.90352
0.90500,1.90452
0.90600,1.90552
0.90700,1.90652
0.90800,1.90752
0.90900,1.90852
0.91000,1.90952
0.91100,1.91052
0.91200,1.91152
0.91300,1.91252
0.91400,1.91352
0.91500,1.91452
0.91600,1.91552
0.91700,1.91652
0.91800,1.91752
0.91900,1.91852
0.92000,1.91952
0.92100,1.92052
0.92500,1.92152
0.92600,1.92252
0.92700,1.92352
0.93100,1.92452
0.93200,1.92552
0.93300,1.92652
0.93400,1.92752
0.93500,1.92852
0.93600,1.92952
0.93700,1.93052
0.93800,1.93152
0.93900,1.93252
0.94000,1.93352
0.94100,1.93452
0.94200,1.93552
0.94300,1.93652
0.94400,1.93752
0.94500,1.93852
0.94600,1.93952
0.94700,1.94052
0.94800,1.94152
0.94900,1.94252
0.95000,1.94352
0.95100,1.94452
0.95200,1.94552
0.95300,1.94652
0.95400,1.94752
0.95500,1.94852
0.95600,1.94952
0.95700,1.95052
0.95800,1.95152
0.95900,1.95252
0.96000,1.95352
0.96100,1.95452
0.96200,1.95552
0.96300,1.95652
0.96400,1.95752
0.96500,1.95852
0.96600,1.95952
0.96700,1.96052
0.96800,1.96152
0.96900,1.96252
0.97000,1.96352
0.97100,1.96452
0.97200,1.96552
0.97300,1.96652
0.97400,1.96752
0.97500,1.96852
0.97600,1.96952
0.97700,1.97052
0.97900,1.97152
0.98000,1.97252
0.98100,1.97352
0.98200,1.97452
0.98400,1.97552
0.98500,1.97652
0.98600,1.97752
0.98700,1.97852
0.98800,1.97952
0.98900,1.98052
0.99000,1.98152
0.99500,1.98252
0.99600,1.98352
0.99700,1.98452
0.99800,1.98552
1.00000,1.98652
1.00100,1.98752
1.00200,1.98852
1.00300,1.98952
1.00400,1.99052
1.00500,1.99152
1.00600,1.99252
1.00700,1.99352
1.00800,1.99452
1.00900,1.99552
1.01000,1.99652
1.02500,1.99752
1.02600,1.99852
1.02700,1.99952
1.02800,2.00052
1.02900,2.00152
1.03000,2.00252
1.03100,2.00352
1.03200,2.00452
1.03300,2.00552
1.03400,2.00652
1.03500,2.00752
1.03600,2.00852
1.03700,2.00952
1.03800,2.01052
1.03900,2.01152
1.04000,2.01252
1.04100,2.01352
1.04200,2.01452
1.04300,2.01552
1.04400,2.01652
1.04500,2.01752
1.04600,2.01852
1.04700,2.01952
1.04800,2.02052
1.04900,2.02152
1.05000,2.02252
1.05100,2.02352
1.05200,2.02452
1.05300,2.02552
1.05400,2.02652
1.05500,2.02752
1.05600,2.02852
1.05700,2.02952
1.05800,2.03052
1.05900,2.03152
1.06000,2.03252
1.06100,2.03352
1.06200,2.03452
1.06300,2.03552
1.06400,2.03652
1.06500,2.03752
1.06600,2.03852
1.06700,2.03952
1.06800,2.04052
1.06900,2.04152
1.07000,2.04252
1.07100,2.04352
1.07200,2.04452
1.07300,2.04552
1.07400,2.04652
1.07500,2.04752
1.07600,2.04852
1.07700,2.04952
1.07800,2.05052
1.07900,2.05152
1.08000,2.05252
1.08100,2.05352
1.08200,2.05452
1.08300,2.05552
1.08400,2.05652
1.08500,2.05752
1.08600,2.05852
1.08700,2.05952
1.08800,2.06052
1.08900,2.06152
1.09000,2.06252
1.09100,2.06352
1.09200,2.06452
1.09300,2.06552
1.09400,2.06652
1.09500,2.06752
1.09600,2.06852
1.09700,2.06952
1.09800,2.07052
1.09900,2.07152
1.10000,2.07252
1.10200,2.07352
1.11100,2.07452
1.11200,2.07552
1.11300,2.07652
1.11600,2.07752
1.11700,2.07852
1.11800,2.07952
1.11900,2.08052
1.12000,2.08152
1.12100,2.08252
1.12200,2.08352
1.12300,2.08452
1.12400,2.08552
1.12500,2.08652
1.12600,2.08752
1.12700,2.08852
1.12800,2.08952
1.12900,2.09052
1.13000,2.09152
1.13100,2.09252
1.13200,2.09352
1.13300,2.09452
1.13400,2.09552
1.13500,2.09652
1.13600,2.09752
1.13700,2.09852
1.13800,2.09952
1.13900,2.10052
1.14000,2.10152
1.14100,2.10252
1.14200,2.10352
1.14300,2.10452
1.14400,2.10552
1.14500,2.10652
1.14600,2.10752
1.14700,2.10852
1.14800,2.10952
1.14900,2.11052
1.15000,2.11152
1.15100,2.11252
1.15200,2.11352
1.15300,2.11452
1.15400,2.11552
1.15500,2.11652
1.15600,2.11752
1.15700,2.11852
1.15800,2.11952
1.15900,2.12052
1.16000,2.12152
1.16100,2.12252
1.16200,2.12352
1.16300,2.12452
1.16400,2.12552
1.16500,2.12652
1.16600,2.12752
1.16700,2.12852
1.16800,2.12952
1.16900,2.13052
1.17000,2.13152
1.17100,2.13252
1.17200,2.13352
1.17300,2.13452
1.17400,2.13552
1.17500,2.13652
1.17600,2.13752
1.17700,2.13852
1.17800,2.13952
1.17900,2.14052
1.18000,2.14152
1.18100,2.14252
1.18200,2.14352
1.18300,2.14452
1.18400,2.14552
1.18500,2.14652
1.18600,2.14752
1.18700,2.14852
1.18800,2.14952
1.18900,2.15052
1.19000,2.15152
1.19100,2.15252
1.19200,2.15352
1.19300,2.15452
1.19400,2.15552
1.19500,2.15652
1.19600,2.15752
1.19700,2.15852
1.19800,2.15952
1.19900,2.16052
1.20000,2.16152
1.20100,2.16252
1.20200,2.16352
1.20300,2.16452
1.20400,2.16552
1.20500,2.16652
1.20600,2.16752
1.20700,2.16852
1.20800,2.16952
1.20900,2.17052
1.21000,2.17152
1.21100,2.17252
1.21200,2.17352
1.21300,2.17452
1.21400,2.17552
1.21500,2.17652
1.21600,2.17752
1.21700,2.17852
1.21800,2.17952
1.21900,2.18052
1.22000,2.18152
1.22100,2.18252
1.22200,2.18352
1.22300,2.18452
1.22400,2.18552
1.22500,2.18652
1.22600,2.18752
1.22700,2.18852
1.22800,2.18952
1.22900,2.19052
1.23000,2.19152
1.23100,2.19252
1.23200,2.19352
1.23300,2.19452
1.23400,2.19552
1.23500,2.19652
1.23600,2.19752
1.23700,2.19852
1.23800,2.19952
1.23900,2.20452
1.24000,2.20552
1.24100,2.20652
1.24200,2.20752
1.24300,2.20852
1.24400,2.20952
1.24500,2.21052
1.24600,2.21152
1.24700,2.21252
1.24800,2.21352
1.24900,2.21452
1.25000,2.21552
1.25100,2.21652
1.25200,2.21752
1.25300,2.21852
1.25400,2.21952
1.25500,2.22052
1.25600,2.22152
1.25700,2.22252
1.25800,2.22352
1.25900,2.22452
1.26000,2.22552
1.26100,2.22652
1.26200,2.22752
1.26300,2.22852
1.26400,2.22952
1.26500,2.23052
1.26600,2.23152
1.26700,2.23252
1.26800,2.23352
1.26900,2.23452
1.27000,2.23552
1.27100,2.23652
1.27200,2.23752
1.27300,2.23852
1.27400,2.23952
1.27500,2.24052
1.27600,2.24152
1.27700,2.24252
1.27800,2.24352
1.27900,2.24452
1.28000,2.24552
1.28100,2.24652
1.28200,2.24752
1.28300,2.24852
1.28400,2.24952
1.28500,2.25052
1.28600,2.25152
1.28700,2.25252
1.28800,2.25352
1.28900,2.25452
1.29000,2.25552
1.29100,2.25652
1.29200,2.25752
1.29300,2.25852
1.29400,2.25952
1.29500,2.26052
1.29600,2.26152
1.29700,2.26252
1.29800,2.26352
1.29900,2.26452
1.30000,2.26552
1.30100,2.26652
1.30200,2.26752
1.30300,2.26852
1.30400,2.26952
1.30500,2.27052
1.30600,2.27152
1.30700,2.27252
1.30800,2.27352
1.30900,2.27452
1.31000,2.27552
1.31100,2.27652
1.31200,2.27752
1.31300,2.27852
1.31400,2.27952
1.31500,2.28052
1.31600,2.28152
1.31700,2.28252
1.31800,2.28352
1.31900,2.28452
1.32000,2.28552
1.32100,2.28652
1.32200,2.28752
1.32300,2.28852
1.32400,2.28952
1.32500,2.29052
1.32600,2.29152
1.32700,2.29252
1.32800,2.29352
1.32900,2.29452
1.33000,2.29552
1.33100,2.29652
1.33200,2.29752
1.33300,2.29852
1.33400,2.29952
1.33500,2.30052
1.33600,2.30152
1.33700,2.30252
1.33800,2.30352
1.33900,2.30452
1.34000,2.30552
1.34100,2.30652
1.34200,2.30752
1.34300,2.30852
1.34400,2.30952
1.34500,2.31052
1.34600,2.31152
1.34700,2.31252
1.34800,2.31352
1.34900,2.31452
1.35000,2.31552
1.35100,2.31652
1.35200,2.31752
1.35300,2.31852
1.35400,2.31952
1.35500,2.32052
1.35600,2.32152
1.35700,2.32252
1.35800,2.32352
1.35900,2.32452
1.36000,2.32552
1.36100,2.32652
1.36200,2.32752
1.36300,2.32852
1.36400,2.32952
1.36500,2.33052
1.36600,2.33152
1.36700,2.33252
1.36800,2.33352
1.36900,2.33452
1.37000,2.33552
1.37100,2.33652
1.37200,2.33752
1.37300,2.33852
1.37400,2.33952
1.37500,2.34052
1.37600,2.34152
1.37700,2.34252
1.37800,2.34352
1.37900,2.34452
1.38000,2.34552
1.38100,2.34652
1.38200,2.34752
1.38300,2.34852
1.38400,2.34952
1.38500,2.35052
1.38600,2.35152
1.38700,2.35252
1.38800,2.35352
1.38900,2.35452
1.39000,2.35552
1.39100,2.35652
1.39200,2.35752
1.39300,2.35852
1.39400,2.35952
1.39500,2.36052
1.39600,2.36152
1.39700,2.36252
1.39800,2.36352
1.39900,2.36452
1.40000,2.36552
1.40100,2.36652
1.40200,2.36752
1.40300,2.36852
1.40400,2.36952
1.40500,2.37052
1.40600,2.37152
1.40700,2.37252
1.40800,2.37352
1.40900,2.37452
1.41000,2.37552
1.41100,2.37652
1.41200,2.37752
1.41300,2.37852
1.41400,2.37952
1.41500,2.38052
1.41600,2.38152
1.41700,2.38252
1.41800,2.38352
1.41900,2.38452
1.42000,2.38552
1.42100,2.38652
1.42200,2.38752
1.42300,2.38852
1.42400,2.38952
1.42500,2.39052
1.42600,2.39152
1.42700,2.39252
1.42800,2.39352
1.42900,2.39452
1.43000,2.39552
1.43100,2.39652
1.43200,2.39752
1.43300,2.39852
1.43400,2.39952
1.43500,2.40052
1.43600,2.40152
1.43700,2.40252
1.43800,2.40352
1.43900,2.40452
1.44000,2.40552
1.44100,2.40652
1.44200,2.40752
1.44300,2.40852
1.44400,2.41452
1.44500,2.41552
1.44600,2.41652
1.44700,2.41752
1.44800,2.41852
1.44900,2.41952
1.45000,2.42052
1.45100,2.42152
1.45200,2.42252
1.45300,2.42352
1.45400,2.42452
1.45500,2.42552
1.45600,2.42652
1.45700,2.42752
1.45800,2.42852
1.45900,2.42952
1.46000,2.43052
1.46100,2.43152
1.46200,2.43252
1.46300,2.43352
1.46400,2.43452
1.46500,2.43552
1.46600,2.43652
1.46700,2.43752
1.46800,2.43852
1.46900,2.43952
1.47000,2.44052
1.47100,2.44152
1.47200,2.44252
1.47300,2.44352
1.47400,2.44452
1.47500,2.44552
1.47600,2.44652
1.47700,2.44752
1.47800,2.44952
1.47900,2.45052
1.48000,2.45152
1.48100,2.45252
1.48200,2.45352
1.48300,2.45452
1.48400,2.45652
1.48500,2.45752
1.48600,2.45852
1.48700,2.45952
1.48800,2.46052
1.48900,2.46152
1.49000,2.46252
1.49100,2.46352
1.49200,2.46452
1.49300,2.47052
1.49500,2.47152
1.49600,2.47252
1.49700,2.47352
1.49800,2.47452
1.49900,2.47552
1.50000,2.47652
1.50100,2.47752
1.50200,2.47852
1.50300,2.47952
1.50400,2.48052
1.50500,2.48152
1.50600,2.48252
1.50700,2.48352
1.50800,2.48452
1.50900,2.48552
1.51000,2.48652
1.51100,2.48752
1.51200,2.48852
1.51300,2.48952
1.51400,2.49052
1.51500,2.49152
1.51600,2.49252
1.51700,2.49352
1.51800,2.49452
1.51900,2.49552
1.52000,2.49652
1.52100,2.49752
1.52200,2.49852
1.52300,2.49952
1.52400,2.50052
1.52500,2.50152
1.52600,2.50252
1.52700,2.50352
1.52800,2.50452
1.52900,2.50552
1.53000,2.50652
1.53100,2.50752
1.53200,2.50852
1.53300,2.50952
1.53400,2.51052
1.53500,2.51152
1.53600,2.51252
1.53700,2.51352
1.53800,2.51452
1.53900,2.51552
1.54000,2.51652
1.54100,2.51752
1.54200,2.51852
1.54300,2.51952
1.54400,2.52052
1.54500,2.52152
1.54600,2.52252
1.54700,2.52352
1.54800,2.52452
1.54900,2.52552
1.55000,2.52652
1.55100,2.52752
1.55200,2.52852
1.55300,2.52952
1.55400,2.53052
1.55500,2.53152
1.55600,2.53252
1.55700,2.53352
1.55800,2.53452
1.55900,2.53552
1.56000,2.53652
1.56100,2.53752
1.56200,2.53852
1.56300,2.53952
1.56400,2.54052
1.56500,2.54152
1.56600,2.54252
1.56700,2.54352
1.56800,2.54452
1.56900,2.54552
1.57000,2.54652
1.57100,2.54752
1.57200,2.54852
1.57300,2.54952
1.57400,2.55052
1.57500,2.55152
1.57600,2.55252
1.57700,2.55352
1.57800,2.55452
1.57900,2.55552
1.58000,2.55652
1.58100,2.55752
1.58200,2.55852
1.58300,2.55952
1.58400,2.56052
1.58500,2.56152
1.58600,2.56252
1.58700,2.56352
1.58800,2.56452
1.58900,2.56552
1.59000,2.56652
1.59100,2.56752
1.59200,2.56852
1.59300,2.56952
1.59400,2.57052
1.59500,2.57152
1.59600,2.57252
1.59700,2.57352
1.59800,2.57452
1.59900,2.57552
1.60000,2.57652
1.60100,2.57752
1.60200,2.57852
1.60300,2.57952
1.60400,2.58052
1.60500,2.58152
1.60600,2.58252
1.60700,2.58352
1.60800,2.58452
1.60900,2.58552
1.61000,2.58652
1.61100,2.58752
1.61200,2.58852
1.61300,2.58952
1.61400,2.59052
1.61500,2.59152
1.61600,2.59252
1.61700,2.59352
1.61800,2.59452
1.61900,2.59552
1.62000,2.59652
1.62100,2.59752
1.62200,2.59852
1.62300,2.59952
1.62400,2.60052
1.62500,2.60152
1.62600,2.60252
1.62700,2.60352
1.62800,2.60452
1.62900,2.60552
1.63000,2.60652
1.63100,2.60752
1.63200,2.60852
1.63300,2.60952
1.63400,2.61052
1.63500,2.61152
1.63600,2.61252
1.63700,2.61352
1.63800,2.61452
1.63900,2.61552
1.64000,2.61652
1.64100,2.61752
1.64200,2.61852
1.64300,2.61952
1.64400,2.62052
1.64500,2.62152
1.64600,2.62252
1.64700,2.62352
1.64800,2.62452
1.64900,2.62552
1.65000,2.62652
1.65100,2.62752
1.65200,2.62852
1.65300,2.62952
1.65400,2.63052
1.65500,2.63152
1.65600,2.63252
1.65700,2.63352
1.65800,2.63452
1.65900,2.63552
1.66000,2.63652
1.66100,2.63752
1.66200,2.63852
1.66300,2.63952
1.66400,2.64052
1.66500,2.64152
1.66600,2.64252
1.66700,2.64352
1.66800,2.64452
1.66900,2.64552
1.67000,2.64652
1.67100,2.64752
1.67200,2.64852
1.67300,2.64952
1.67400,2.65052
1.67500,2.65152
1.67600,2.65252
1.67700,2.65352
1.67800,2.65452
1.67900,2.65552
1.68000,2.65652
1.68100,2.65752
1.68200,2.65852
1.68300,2.65952
1.68400,2.66052
1.68500,2.66152
1.68600,2.66252
1.68700,2.66352
1.68800,2.66452
1.68900,2.66552
1.69000,2.66652
1.69100,2.66752
1.69200,2.66852
1.69300,2.66952
1.69400,2.67052
1.69500,2.67152
1.69600,2.67252
1.69700,2.67352
1.69800,2.67452
1.69900,2.67552
1.70000,2.67652
1.70100,2.67752
1.70300,2.67852
1.70400,2.67952
1.70500,2.68052
1.70600,2.68152
1.70700,2.68252
1.70800,2.68352
1.70900,2.68452
1.71000,2.68552
1.71100,2.68652
1.71200,2.68752
1.71300,2.68852
1.71400,2.68952
1.72300,2.69052
1.72400,2.69152
1.72500,2.69252
1.72600,2.69352
1.72700,2.69452
1.72800,2.69552
1.72900,2.69652
1.73000,2.69752
1.73100,2.69852
1.73200,2.69952
1.73300,2.70052
1.73400,2.70152
1.73800,2.70252
1.74400,2.70352
1.74500,2.70452
1.74600,2.70552
1.74700,2.70652
1.74800,2.70752
1.74900,2.70852
1.75000,2.70952
1.75100,2.71052
1.75200,2.71152
1.75300,2.71252
1.75700,2.71352
1.75800,2.71452
1.75900,2.71552
1.76000,2.71652
1.76100,2.71752
1.76200,2.71852
1.76300,2.71952
1.76400,2.72052
1.76500,2.72152
1.76600,2.72252
1.76700,2.72352
1.76800,2.72452
1.76900,2.72552
1.77000,2.72652
1.77100,2.72752
1.77200,2.72852
1.77300,2.72952
1.77400,2.73052
1.77500,2.73152
1.77600,2.73252
1.77700,2.73352
1.77800,2.73452
1.77900,2.73552
1.78000,2.73652
1.78100,2.73752
1.78200,2.73852
1.78300,2.73952
1.78400,2.74052
1.78500,2.74152
1.78600,2.74252
1.78700,2.74352
1.78800,2.74452
1.78900,2.74552
1.79000,2.74652
1.79100,2.74752
1.79200,2.74852
1.79300,2.74952
1.79400,2.75052
1.79500,2.75152
1.79600,2.75252
1.79700,2.75352
1.79800,2.75452
1.79900,2.75552
1.80000,2.75652
1.80100,2.75752
1.80200,2.75852
1.80300,2.75952
1.80400,2.76052
1.80500,2.76152
1.80600,2.76252
1.80700,2.76352
1.80800,2.76452
1.80900,2.76552
1.81000,2.76652
1.81100,2.76752
1.81200,2.76852
1.81300,2.76952
1.81400,2.77052
1.81500,2.77152
1.81600,2.77252
1.81700,2.77352
1.81800,2.77452
1.81900,2.77552
1.82000,2.77652
1.82100,2.77752
1.82200,2.77852
1.82300,2.77952
1.82400,2.78052
1.82500,2.78152
1.82600,2.78252
1.82700,2.78352
1.82800,2.78452
1.82900,2.78552
1.83000,2.78652
1.83100,2.78752
1.83200,2.78852
1.83300,2.78952
1.83400,2.79052
1.83500,2.79152
1.83600,2.79252
1.83700,2.79352
1.83800,2.79452
1.83900,2.79552
1.84000,2.79652
1.84100,2.79752
1.84200,2.79852
1.84300,2.79952
1.84400,2.80052
1.84500,2.80152
1.84600,2.80252
1.84700,2.80352
1.84800,2.80452
1.84900,2.80552
1.85000,2.80652
1.85100,2.80752
1.85200,2.80852
1.85300,2.80952
1.85400,2.81052
1.85500,2.81152
1.85600,2.81252
1.85700,2.81352
1.85800,2.81452
1.85900,2.81552
1.86000,2.81652
1.86100,2.81752
1.86200,2.81852
1.86300,2.81952
1.86400,2.82052
1.86500,2.82152
1.86600,2.82252
1.86700,2.82352
1.86800,2.82452
1.86900,2.82552
1.87000,2.82652
1.87100,2.82752
1.87200,2.82852
1.87300,2.82952
1.87400,2.83052
1.87500,2.83152
1.87600,2.83252
1.87700,2.83352
1.87800,2.83452
1.87900,2.83552
1.88000,2.83652
1.88100,2.83752
1.88200,2.83852
1.88300,2.83952
1.88400,2.84052
1.88500,2.84152
1.88600,2.84252
1.88700,2.84352
1.88800,2.84452
1.88900,2.84552
1.89000,2.84652
1.89100,2.84752
1.89200,2.84852
1.89300,2.84952
1.89400,2.85052
1.89500,2.85152
1.89600,2.85252
1.89700,2.85352
1.89800,2.85452
1.89900,2.85552
1.90000,2.85652
1.90100,2.85752
1.90200,2.85852
1.90300,2.85952
1.90400,2.86052
1.90500,2.86152
1.90600,2.86252
1.90700,2.86352
1.90800,2.86452
1.90900,2.86552
1.91000,2.86652
1.91100,2.86752
1.91200,2.86852
1.91300,2.86952
1.91400,2.87052
1.91500,2.87152
1.91600,2.87252
1.91700,2.87352
1.91800,2.87452
1.91900,2.87552
1.92000,2.87652
1.92100,2.87752
1.92200,2.87852
1.92300,2.87952
1.92400,2.88052
1.92500,2.88152
1.92600,2.88252
1.92700,2.88352
1.92800,2.88452
1.92900,2.88552
1.93000,2.88652
1.93100,2.88752
1.93200,2.88852
1.93300,2.88952
1.93400,2.89052
1.93500,2.89152
1.93600,2.89252
1.93700,2.89352
1.93800,2.89452
1.93900,2.89552
1.94000,2.89652
1.94100,2.89752
1.94200,2.89852
1.94300,2.89952
1.94400,2.90052
1.94500,2.90152
1.94600,2.90252
1.94700,2.90352
1.94800,2.90452
1.94900,2.90552
1.95000,2.90652
1.95100,2.90752
1.95200,2.90852
1.95300,2.90952
1.95400,2.91052
1.95500,2.91152
1.95600,2.91252
1.95700,2.91352
1.95800,2.91452
1.95900,2.91552
1.96000,2.91652
1.96100,2.91752
1.96200,2.91852
1.96300,2.91952
1.96400,2.92052
1.96500,2.92152
1.96600,2.92252
1.96700,2.92352
1.96800,2.92452
1.96900,2.92552
1.97000,2.92652
1.97100,2.92752
1.97200,2.92852
1.97300,2.92952
1.97400,2.93052
1.97500,2.93152
1.97600,2.93252
1.97700,2.93352
1.97800,2.93452
1.97900,2.93552
1.98000,2.93652
1.98100,2.93752
1.98200,2.93852
1.98300,2.93952
1.98400,2.94052
1.98500,2.94152
1.98600,2.94252
1.98700,2.94352
1.98800,2.94452
1.98900,2.94552
1.99000,2.94652
1.99100,2.94752
1.99200,2.94852
1.99300,2.94952
1.99400,2.95052
1.99500,2.95152
1.99600,2.95252
1.99700,2.95352
1.99800,2.95452
1.99900,2.95552
2.00000,2.95652
2.00100,2.95752
2.00200,2.95852
2.00300,2.95952
2.00400,2.96052
2.00500,2.96152
2.00600,2.96252
2.00700,2.96352
2.00800,2.96452
2.00900,2.96552
2.01200,2.96652
2.01300,2.96752
2.01400,2.96852
2.01500,2.96952
2.01600,2.97052
2.01700,2.97152
2.01800,2.97252
2.01900,2.97352
2.02000,2.97452
2.02100,2.97552
2.02200,2.97652
2.02300,2.97752
2.02400,2.97852
2.02500,2.97952
2.02600,2.98052
2.02700,2.98152
2.02800,2.98252
2.02900,2.98352
2.03000,2.98452
2.03100,2.98552
2.03200,2.98652
2.03300,2.98752
2.03400,2.98852
2.03500,2.98952
2.03600,2.99052
2.03700,2.99152
2.03800,2.99252
2.03900,2.99352
2.04000,2.99452
2.04100,2.99552
2.04200,2.99652
2.04300,2.99752
2.04400,2.99852
2.04500,2.99952
2.04600,3.00052
2.04700,3.00152
2.04800,3.00252
2.04900,3.00352
2.05000,3.00452
2.05100,3.00552
2.05200,3.00652
2.05300,3.00752
2.05400,3.00852
2.05500,3.00952
2.05600,3.01052
2.05700,3.01152
2.05800,3.01252
2.05900,3.01352
2.06000,3.01452
2.06100,3.01552
2.06200,3.01652
2.06300,3.01752
2.06400,3.01852
2.06500,3.01952
2.06600,3.02052
2.06700,3.02152
2.06800,3.02252
2.06900,3.02352
2.07000,3.02452
2.07100,3.02552
2.07200,3.02652
2.07300,3.02752
2.07400,3.02852
2.07500,3.02952
2.07600,3.03052
2.07700,3.03152
2.07800,3.03252
2.07900,3.03352
2.08000,3.03452
2.08100,3.03552
2.08200,3.03652
2.08300,3.03752
2.08400,3.03852
2.08500,3.03952
2.08600,3.04052
2.08700,3.04152
2.08800,3.04252
2.08900,3.04352
2.09000,3.04452
2.09100,3.04552
2.09200,3.04652
2.09300,3.04752
2.09400,3.04852
2.09500,3.04952
2.09600,3.05052
2.09700,3.05152
2.09800,3.05252
2.09900,3.05352
2.10000,3.05452
2.10100,3.05552
2.10200,3.05652
2.10300,3.05752
2.10400,3.05852
2.10500,3.05952
2.10600,3.06052
2.10700,3.06152
2.10800,3.06252
2.10900,3.06352
2.11000,3.06452
2.11100,3.06552
2.11200,3.06652
2.11300,3.06752
2.11400,3.06852
2.11500,3.06952
2.11600,3.07052
2.11700,3.07152
2.11800,3.07252
2.11900,3.07352
2.12000,3.07452
2.12100,3.07552
2.12200,3.07652
2.12300,3.07752
2.12400,3.07852
2.12500,3.07952
2.12600,3.08052
2.12700,3.08152
2.12800,3.08252
2.12900,3.08352
2.13000,3.08452
2.13100,3.08552
2.13200,3.08652
2.13300,3.08752
2.13400,3.08852
2.13500,3.08952
2.13600,3.09052
2.13700,3.09152
2.13800,3.09252
2.13900,3.09352
2.14000,3.09452
2.14100,3.09552
2.14200,3.09652
2.14300,3.09752
2.14400,3.09852
2.14500,3.09952
2.14600,3.10052
2.14700,3.10152
2.14800,3.10252
2.14900,3.10352
2.15000,3.10452
2.15100,3.10552
2.15200,3.10652
2.15300,3.10752
2.15400,3.10852
2.15500,3.10952
2.15600,3.11052
2.15700,3.11152
2.15800,3.11252
2.15900,3.11352
2.16000,3.11452
2.16100,3.11552
2.16200,3.11652
2.16300,3.11752
2.16400,3.11852
2.16500,3.11952
2.16600,3.12052
2.16700,3.12152
2.16800,3.12252
2.16900,3.12352
2.17000,3.12452
2.17100,3.12552
2.17200,3.12652
2.17300,3.12752
2.17400,3.12852
2.17500,3.12952
2.17600,3.13052
2.17700,3.13152
2.17800,3.13252
2.17900,3.13352
2.18000,3.13452
2.18100,3.13552
2.18200,3.13652
2.18300,3.13752
2.18400,3.13852
2.18500,3.13952
2.18600,3.14052
2.18800,3.14152
2.18900,3.14252
2.19000,3.14352
2.19100,3.14452
2.19200,3.14552
2.19300,3.14652
2.19400,3.14752
2.19500,3.14852
2.19600,3.14952
2.19700,3.15052
2.19800,3.15152
2.19900,3.15252
2.20000,3.15352
2.20100,3.15452
2.20200,3.15552
2.20600,3.15652
2.20700,3.15752
2.20800,3.15852
2.20900,3.15952
2.21000,3.16052
2.21100,3.16152
2.21300,3.16252
2.21400,3.16352
2.21500,3.16452
2.21600,3.16552
2.21700,3.16652
2.21800,3.16752
2.21900,3.16852
2.22000,3.16952
2.22100,3.17052
2.22200,3.17152
2.22300,3.17252
2.22400,3.17352
2.22500,3.17452
2.22600,3.17552
2.22700,3.17652
2.22800,3.17752
2.22900,3.17852
2.23000,3.17952
2.23100,3.18052
2.23200,3.18152
2.23300,3.18252
2.23400,3.18352
2.23500,3.18452
2.23600,3.18552
2.23700,3.18652
2.23800,3.18752
2.23900,3.18852
2.24000,3.18952
2.24100,3.19052
2.24200,3.19152
2.24300,3.19252
2.24400,3.19352
2.24700,3.19452
2.24800,3.19552
2.24900,3.19652
2.25000,3.19752
2.25100,3.19852
2.25200,3.19952
2.25300,3.20052
2.25400,3.20152
2.25500,3.20252
2.25600,3.20352
2.25700,3.20452
2.25800,3.20552
2.25900,3.20652
2.26000,3.20752
2.26100,3.20852
2.26200,3.20952
2.26300,3.21052
2.26400,3.21152
2.26500,3.21252
2.26600,3.21352
2.26700,3.21452
2.26800,3.21552
2.26900,3.21652
2.27000,3.21752
2.27100,3.21852
2.27200,3.21952
2.27300,3.22052
2.27400,3.22152
2.27500,3.22252
2.27600,3.22352
2.27700,3.22452
2.27800,3.22552
2.27900,3.22652
2.28000,3.22752
2.28100,3.22852
2.28200,3.22952
2.28300,3.23052
2.28400,3.23152
2.28500,3.23252
2.28600,3.23352
2.28700,3.23452
2.28800,3.23552
2.28900,3.23652
2.29000,3.23752
2.29100,3.23852
2.29200,3.23952
2.29300,3.24052
2.29400,3.24152
2.29500,3.24252
2.29600,3.24352
2.29700,3.24452
2.29800,3.24552
2.29900,3.24652
2.30000,3.24752
2.30100,3.24852
2.30200,3.24952
2.30300,3.25052
2.30400,3.25152
2.30500,3.25252
2.30600,3.25352
2.30700,3.25452
2.30800,3.25552
2.30900,3.25652
2.31000,3.25752
2.31100,3.25852
2.31200,3.25952
2.31300,3.26052
2.31400,3.26152
2.31500,3.26252
2.31600,3.26352
2.31700,3.26452
2.31800,3.26552
2.31900,3.26652
2.32000,3.26752
2.32100,3.26852
2.32200,3.26952
2.32300,3.27052
2.32400,3.27152
2.32500,3.27252
2.32600,3.27352
2.32700,3.27452
2.32800,3.27552
2.32900,3.27652
2.33000,3.27752
2.33100,3.27852
2.33200,3.27952
2.33300,3.28052
2.33400,3.28152
2.33500,3.28252
2.33600,3.28352
2.33700,3.28452
2.33800,3.28552
2.33900,3.28652
2.34000,3.28752
2.34100,3.28852
2.34200,3.28952
2.34300,3.29052
2.34400,3.29152
2.34500,3.29252
2.34600,3.29352
2.34700,3.29452
2.34800,3.29552
2.34900,3.29652
2.35000,3.29752
2.35100,3.29852
2.35200,3.29952
2.35300,3.30052
2.35400,3.30152
2.35500,3.30252
2.35600,3.30352
2.35700,3.30452
2.35800,3.30552
2.35900,3.30652
2.36000,3.30752
2.36100,3.30852
2.36200,3.30952
2.36300,3.31052
2.36400,3.31152
2.36500,3.31252
2.36600,3.31352
2.36700,3.31452
2.36800,3.31552
2.36900,3.31652
2.37000,3.31752
2.37100,3.31852
2.37200,3.31952
2.37300,3.32052
2.37400,3.32152
2.37500,3.32252
2.37600,3.32352
2.37700,3.32452
2.37800,3.32552
2.37900,3.32652
2.38000,3.32752
2.38100,3.32852
2.38200,3.32952
2.38300,3.33052
2.38400,3.33152
2.38500,3.33252
2.38600,3.33352
2.38700,3.33452
2.39900,3.33552
2.40000,3.33652
2.40100,3.33752
2.40200,3.33852
2.40300,3.33952
2.40400,3.34052
2.40500,3.34152
2.40600,3.34252
2.40700,3.34352
2.40800,3.34452
2.40900,3.34552
2.41000,3.34652
2.41100,3.34752
2.41200,3.34852
2.41300,3.34952
2.41400,3.35052
2.41500,3.35152
2.41600,3.35252
2.41700,3.35352
2.41800,3.35452
2.41900,3.35552
2.42000,3.35652
2.42100,3.35752
2.42200,3.35852
2.42300,3.35952
2.42400,3.36052
2.42500,3.36152
2.42600,3.36252
2.42700,3.36352
2.42800,3.36452
2.42900,3.36552
2.43000,3.36652
2.43100,3.36752
2.43200,3.36852
2.43300,3.36952
2.43400,3.37052
2.43500,3.37152
2.43600,3.37252
2.43700,3.37352
2.43800,3.37452
2.43900,3.37552
2.44000,3.37652
2.44100,3.37752
2.44200,3.37852
2.44300,3.37952
2.44400,3.38052
2.44500,3.38152
2.44600,3.38252
2.44700,3.38352
2.44800,3.38452
2.44900,3.38552
2.45000,3.38652
2.45100,3.38752
2.45200,3.38852
2.45300,3.38952
2.45400,3.39052
2.45500,3.39152
2.45600,3.39252
2.45700,3.39352
2.45800,3.39452
2.45900,3.39552
2.46000,3.39652
2.46100,3.39752
2.46200,3.39852
2.46300,3.39952
2.46400,3.40052
2.46500,3.40152
2.46600,3.40252
2.46700,3.40352
2.46800,3.40452
2.46900,3.40552
2.47000,3.40652
2.47100,3.40752
2.47200,3.40852
2.47300,3.40952
2.47400,3.41052
2.47500,3.41152
2.47600,3.41252
2.47700,3.41352
2.47800,3.41452
2.47900,3.41552
2.48000,3.41652
2.48100,3.41752
2.48200,3.41852
2.48300,3.41952
2.48400,3.42052
2.48500,3.42152
2.48600,3.42252
2.48700,3.42352
2.48800,3.42452
2.48900,3.42552
2.49000,3.42652
2.49100,3.42752
2.49200,3.42852
2.49300,3.42952
2.49400,3.43052
2.49500,3.43152
2.49600,3.43252
2.49700,3.43352
2.49800,3.43452
2.49900,3.43552
2.50000,3.43652
2.50100,3.43752
2.50200,3.43852
2.50300,3.43952
2.50400,3.44052
2.50500,3.44152
2.50600,3.44252
2.50700,3.44352
2.50800,3.44452
2.50900,3.44552
2.51000,3.44652
2.51100,3.44752
2.51200,3.44852
2.51300,3.44952
2.51400,3.45052
2.51500,3.45152
2.51600,3.45252
2.51700,3.45352
2.51800,3.45452
2.51900,3.45552
2.52000,3.45652
2.52100,3.45752
2.52200,3.45852
2.52300,3.45952
2.52400,3.46052
2.52500,3.46152
2.52600,3.46252
2.52700,3.46352
2.52800,3.46452
2.52900,3.46552
2.53000,3.46652
2.53100,3.46752
2.53200,3.46852
2.53300,3.46952
2.53400,3.47052
2.53500,3.47152
2.53600,3.47252
2.53700,3.47352
2.53800,3.47452
2.53900,3.47552
2.54000,3.47652
2.54100,3.47752
2.54200,3.47852
2.54300,3.47952
2.54400,3.48052
2.54500,3.48152
2.54600,3.48252
2.54700,3.48352
2.54800,3.48452
2.54900,3.48552
2.55000,3.48652
2.55100,3.48752
2.55200,3.48852
2.55300,3.48952
2.55400,3.49052
2.55500,3.49152
2.55600,3.49252
2.55700,3.49352
2.55800,3.49452
2.55900,3.49552
2.56000,3.49652
2.56100,3.49752
2.56200,3.49852
2.56300,3.49952
2.56400,3.50052
2.56500,3.50152
2.56600,3.50252
2.56700,3.50352
2.56800,3.50452
2.56900,3.50552
2.57000,3.50652
2.57100,3.50752
2.57200,3.50852
2.57300,3.50952
2.57400,3.51052
2.57600,3.51152
2.57700,3.51252
2.57800,3.51352
2.57900,3.51452
2.58000,3.51552
2.58100,3.51652
2.58200,3.51752
2.58300,3.51852
2.58400,3.51952
2.58500,3.52052
2.58600,3.52152
2.58700,3.52252
2.58800,3.52352
2.58900,3.52452
2.59000,3.52552
2.59300,3.52652
2.59500,3.52752
2.59600,3.52852
2.59700,3.52952
2.59800,3.53052
2.60100,3.53152
2.60200,3.53252
2.60300,3.53352
2.60400,3.53452
2.60700,3.53552
2.60800,3.53652
2.60900,3.53752
2.61000,3.53852
2.61100,3.53952
2.61200,3.54052
2.61300,3.54152
2.61400,3.54252
2.61500,3.54352
2.61600,3.54452
2.61700,3.54552
2.61800,3.54652
2.61900,3.54752
2.62000,3.54852
2.62100,3.54952
2.62200,3.55052
2.62300,3.55152
2.62400,3.55252
2.62500,3.55352
2.62600,3.55452
2.62700,3.55552
2.62800,3.55652
2.62900,3.55752
2.63000,3.55852
2.63100,3.55952
2.63200,3.56052
2.63300,3.56152
2.63400,3.56252
2.63500,3.56352
2.63600,3.56452
2.63700,3.56552
2.63800,3.56652
2.63900,3.56752
2.64000,3.56852
2.64100,3.56952
2.64200,3.57052
2.64300,3.57152
2.64400,3.57252
2.64500,3.57352
2.64600,3.57452
2.64700,3.57552
2.64800,3.57652
2.64900,3.57752
2.65000,3.57852
2.65100,3.57952
2.65200,3.58052
2.65300,3.58152
2.65400,3.58252
2.65500,3.58352
2.65600,3.58452
2.65700,3.58552
2.65800,3.58652
2.65900,3.58752
2.66000,3.58852
2.66100,3.58952
2.66200,3.59052
2.66300,3.59152
2.66400,3.59252
2.66500,3.59352
2.66600,3.59452
2.66700,3.59552
2.66800,3.59652
2.66900,3.59752
2.67000,3.59852
2.67100,3.59952
2.67200,3.60052
2.67300,3.60152
2.67400,3.60252
2.67500,3.60352
2.67600,3.60452
2.67700,3.60552
2.67800,3.60652
2.67900,3.60752
2.68000,3.60852
2.68100,3.60952
2.68200,3.61052
2.68300,3.61152
2.68400,3.61252
2.68500,3.61352
2.68600,3.61452
2.68700,3.61552
2.68800,3.61652
2.68900,3.61752
2.69000,3.61852
2.69100,3.61952
2.69200,3.62052
2.69300,3.62152
2.69400,3.62252
2.69500,3.62352
2.69600,3.62452
2.69700,3.62552
2.69800,3.62652
2.69900,3.62752
2.70000,3.62852
2.70100,3.62952
2.70200,3.63052
2.70300,3.63152
2.70400,3.63252
2.70500,3.63352
2.70600,3.63452
2.70700,3.63552
2.70800,3.63652
2.70900,3.63752
2.71000,3.63852
2.71100,3.63952
2.71200,3.64052
2.71300,3.64152
2.71400,3.64252
2.71500,3.64352
2.71600,3.64452
2.71700,3.64552
2.71800,3.64652
2.71900,3.64752
2.72000,3.64852
2.72100,3.64952
2.72200,3.65052
2.72300,3.65152
2.72400,3.65252
2.72500,3.65452
2.72600,3.65552
2.72700,3.65652
2.72800,3.65752
2.72900,3.65852
2.73000,3.65952
2.73100,3.66052
2.73200,3.66152
2.73300,3.66252
2.73400,3.66352
2.73500,3.66452
2.73600,3.66552
2.73700,3.66652
2.73800,3.66752
2.73900,3.66852
2.74000,3.66952
2.74100,3.67052
2.74200,3.67152
2.74300,3.67252
2.74400,3.67352
2.74500,3.67452
2.74600,3.67552
2.74700,3.67652
2.74800,3.67752
2.74900,3.67852
2.75000,3.67952
2.75100,3.68052
2.75200,3.68152
2.75300,3.68252
2.75400,3.68352
2.75500,3.68452
2.75600,3.68552
2.75700,3.68652
2.75800,3.68752
2.75900,3.68852
2.76000,3.68952
2.76100,3.69052
2.76200,3.69152
2.76300,3.69252
2.76400,3.69352
2.76500,3.69452
2.76600,3.69552
2.76700,3.69652
2.76800,3.69752
2.76900,3.69852
2.77000,3.69952
2.77100,3.70052
2.77200,3.70152
2.77300,3.70252
2.77400,3.70352
2.77500,3.70452
2.77600,3.70552
2.77700,3.70652
2.77800,3.70752
2.77900,3.70852
2.78000,3.70952
2.78100,3.71052
2.78200,3.71152
2.78300,3.71252
2.78400,3.71352
2.78500,3.71452
2.78600,3.71552
2.78700,3.71652
2.78800,3.71752
2.78900,3.71852
2.79000,3.71952
2.79100,3.72052
2.79200,3.72152
2.79300,3.72252
2.79400,3.72352
2.79500,3.72452
2.79600,3.72552
2.79700,3.72652
2.79800,3.72752
2.79900,3.72852
2.80000,3.72952
2.80100,3.73052
2.80200,3.73152
2.80300,3.73252
2.80400,3.73352
2.80500,3.73452
2.80600,3.73552
2.80700,3.73652
2.80800,3.73752
2.81300,3.73852
2.81400,3.73952
2.81500,3.74052
2.81600,3.74152
2.81700,3.74252
2.81800,3.74352
2.81900,3.74452
2.82000,3.74552
2.82100,3.74652
2.82200,3.74752
2.82300,3.74852
2.82800,3.74952
2.82900,3.75052
2.83000,3.75152
2.83100,3.75252
2.83200,3.75352
2.83300,3.75452
2.84000,3.75552
2.84100,3.75652
2.84200,3.75752
2.84300,3.75852
2.84400,3.75952
2.84500,3.76052
2.84600,3.76152
2.84700,3.76252
2.84800,3.76352
2.84900,3.76452
2.85000,3.76552
2.85100,3.76652
2.85200,3.76752
2.85300,3.76852
2.85400,3.76952
2.85500,3.77052
2.85600,3.77152
2.85900,3.77252
2.86000,3.77352
2.86100,3.77452
2.86200,3.77552
2.86300,3.77652
2.86400,3.77752
2.86500,3.77852
2.86600,3.77952
2.86700,3.78052
2.86800,3.78152
2.86900,3.78252
2.87000,3.78352
2.87100,3.78452
2.87200,3.78552
2.87300,3.78652
2.87400,3.78752
2.87500,3.78852
2.87600,3.78952
2.87700,3.79052
2.87800,3.79152
2.87900,3.79252
2.88000,3.79352
2.88100,3.79452
2.88200,3.79552
2.88300,3.79652
2.88400,3.79752
2.88500,3.79852
2.88600,3.79952
2.88700,3.80052
2.88800,3.80152
2.88900,3.80252
2.89000,3.80352
2.89100,3.80452
2.89200,3.80552
2.89300,3.80652
2.89400,3.80752
2.89500,3.80852
2.89600,3.80952
2.89700,3.81052
2.89800,3.81152
2.89900,3.81252
2.90000,3.81352
2.90100,3.81452
2.90200,3.81552
2.90300,3.81652
2.90400,3.81752
2.90500,3.81852
2.90600,3.81952
2.90700,3.82052
2.90800,3.82152
2.90900,3.82252
2.91000,3.82352
2.91100,3.82452
2.91200,3.82552
2.91300,3.82652
2.91400,3.82752
2.91500,3.82852
2.91600,3.82952
2.91700,3.83052
2.91800,3.83152
2.91900,3.83252
2.92000,3.83352
2.92100,3.83452
2.92200,3.83552
2.92300,3.83652
2.92400,3.83752
2.92500,3.83852
2.92600,3.83952
2.92700,3.84052
2.92800,3.84152
2.92900,3.84252
2.93000,3.84352
2.93100,3.84452
2.93200,3.84552
2.93300,3.84652
2.93400,3.84752
2.93500,3.84852
2.93600,3.84952
2.93700,3.85052
2.93800,3.85152
2.93900,3.85252
2.94000,3.85352
2.94100,3.85452
2.94200,3.85552
2.94300,3.85652
2.94400,3.85752
2.94500,3.85852
2.94600,3.85952
2.94700,3.86052
2.94800,3.86152
2.94900,3.86252
2.95000,3.86352
2.95100,3.86452
2.95200,3.86552
2.95300,3.86652
2.95400,3.86752
2.95500,3.86852
2.95600,3.86952
2.95700,3.87052
2.95800,3.87152
2.95900,3.87252
2.96000,3.87352
2.96100,3.87452
2.96200,3.87552
2.96300,3.87652
2.96400,3.87752
2.96500,3.87852
2.96600,3.87952
2.96700,3.88052
2.96800,3.88152
2.96900,3.88252
2.97000,3.88352
2.97100,3.88452
2.97200,3.88552
2.97300,3.88652
2.97400,3.88752
2.97500,3.88852
2.97600,3.88952
2.97700,3.89052
2.97800,3.89152
2.97900,3.89252
2.98000,3.89352
2.98100,3.89452
2.98200,3.89552
2.98300,3.89652
2.98400,3.89752
2.98500,3.89852
2.98600,3.89952
2.98700,3.90052
2.98800,3.90152
2.98900,3.90252
2.99000,3.90352
2.99100,3.90452
2.99200,3.90552
2.99300,3.90652
2.99400,3.90752
2.99500,3.90852
2.99600,3.90952
2.99700,3.91052
2.99800,3.91152
2.99900,3.91252
3.00000,3.91352
3.00100,3.91452
3.00200,3.91552
3.00300,3.91652
3.00400,3.91752
3.00500,3.91852
3.00600,3.91952
3.00700,3.92052
3.00800,3.92152
3.00900,3.92252
3.01000,3.92352
3.01100,3.92452
3.01200,3.92552
3.01300,3.92652
3.01400,3.92752
3.01500,3.92852
3.01600,3.92952
3.01700,3.93052
3.01800,3.93152
3.01900,3.93252
3.02000,3.93352
3.02100,3.93452
3.02200,3.93552
3.02300,3.93652
3.02400,3.93752
3.02500,3.93852
3.02600,3.93952
3.02700,3.94052
3.02800,3.94152
3.02900,3.94252
3.03000,3.94352
3.03100,3.94452
3.03200,3.94552
3.03300,3.94652
3.03400,3.94752
3.03500,3.94852
3.03600,3.94952
3.03700,3.95052
3.03800,3.95152
3.03900,3.95252
3.04000,3.95352
3.04100,3.95452
3.04200,3.95552
3.04300,3.95652
3.04400,3.95752
3.04500,3.95852
3.04600,3.95952
3.04700,3.96052
3.04800,3.96152
3.04900,3.96252
3.05000,3.96352
3.05100,3.96452
3.05200,3.96552
3.05300,3.96652
3.05400,3.96752
3.05500,3.96852
3.05600,3.96952
3.05700,3.97052
3.05800,3.97152
3.05900,3.97252
3.06000,3.97352
3.06100,3.97452
3.06200,3.97552
3.06300,3.97652
3.06400,3.97752
3.06500,3.97852
3.06600,3.97952
3.06700,3.98052
3.06800,3.98152
3.06900,3.98252
3.07000,3.98352
3.07100,3.98452
3.07200,3.98552
3.07300,3.98652
3.07400,3.98752
3.07500,3.98852
3.07600,3.98952
3.07700,3.99052
3.07800,3.99152
3.07900,3.99252
3.08000,3.99352
3.08100,3.99452
3.08200,3.99552
3.08300,3.99652
3.08400,3.99752
3.08500,3.99852
3.08600,3.99952
3.08700,4.00052
3.08800,4.00152
3.08900,4.00252
3.09000,4.00352
3.09100,4.00452
3.09200,4.00552
3.09300,4.00652
3.09400,4.00752
3.09500,4.00852
3.09600,4.00952
3.09700,4.01052
3.09800,4.01152
3.09900,4.01252
3.10000,4.01352
3.10100,4.01452
3.10200,4.01552
3.10300,4.01652
3.10400,4.01752
3.10500,4.01852
3.10600,4.01952
3.10700,4.02052
3.10800,4.02152
3.10900,4.02252
3.11000,4.02352
3.11100,4.02452
3.11200,4.02552
3.11300,4.02652
3.11400,4.02752
3.11500,4.02852
3.11600,4.02952
3.11700,4.03052
3.11800,4.03152
3.11900,4.03252
3.12000,4.03352
3.12100,4.03452
3.12200,4.03552
3.12300,4.03652
3.12400,4.03752
3.12500,4.03852
3.12600,4.03952
3.12700,4.04052
3.12800,4.04152
3.12900,4.04252
3.13000,4.04352
3.13100,4.04452
3.13200,4.04552
3.13300,4.04652
3.13400,4.04752
3.13500,4.04852
3.13600,4.04952
3.13700,4.05052
3.13800,4.05152
3.13900,4.05752
3.14000,4.05852
3.14100,4.05952
3.14200,4.06052
3.14300,4.06152
3.14400,4.06252
3.14500,4.06352
3.14600,4.06452
3.14700,4.06552
3.14800,4.06652
3.14900,4.06752
3.15000,4.06852
3.15100,4.06952
3.15200,4.07052
3.15300,4.07152
3.15400,4.07252
3.15500,4.07352
3.15600,4.07452
3.15700,4.07552
3.15800,4.07652
3.15900,4.07752
3.16000,4.07852
3.16100,4.07952
3.16200,4.08052
3.16300,4.08152
3.16400,4.08252
3.16500,4.08352
3.16600,4.08452
3.16700,4.08552
3.16800,4.08652
3.16900,4.08752
3.17000,4.08852
3.17100,4.08952
3.17200,4.09052
3.17300,4.09152
3.17400,4.09252
3.17500,4.09352
3.17600,4.09452
3.17700,4.09552
3.17800,4.09652
3.17900,4.09752
3.18000,4.09852
3.18100,4.09952
3.18200,4.10052
3.18300,4.10152
3.18400,4.10252
3.18500,4.10352
3.18600,4.10452
3.18700,4.10552
3.18800,4.10652
3.18900,4.10752
3.19000,4.10852
3.19100,4.10952
3.19200,4.11052
3.19300,4.11152
3.19400,4.11252
3.19500,4.11352
3.19600,4.11452
3.19700,4.11552
3.19800,4.11652
3.19900,4.11752
3.20000,4.11852
3.20100,4.11952
3.20200,4.12052
3.20300,4.12152
3.20400,4.12252
3.20500,4.12352
3.20600,4.12452
3.20700,4.12552
3.20800,4.12652
3.20900,4.12752
3.21000,4.12852
3.21100,4.12952
3.21200,4.13052
3.21300,4.13152
3.21400,4.13252
3.21500,4.13352
3.21600,4.13452
3.21700,4.13552
3.21800,4.13652
3.21900,4.13752
3.22000,4.13852
3.22100,4.13952
3.22200,4.14052
3.22300,4.14152
3.22400,4.14252
3.22500,4.14352
3.22600,4.14452
3.22700,4.14552
3.22800,4.14652
3.22900,4.14752
3.23000,4.14852
3.23100,4.14952
3.23200,4.15052
3.23300,4.15152
3.23400,4.15252
3.23500,4.15352
3.23600,4.15452
3.23700,4.15552
3.23800,4.15652
3.23900,4.15752
3.24000,4.15852
3.24100,4.15952
3.24200,4.16052
3.24300,4.16152
3.24400,4.16252
3.24500,4.16352
3.24600,4.16452
3.24700,4.16552
3.24800,4.16652
3.24900,4.16752
3.25000,4.16852
3.25100,4.16952
3.25300,4.17052
3.25400,4.17152
3.25500,4.17252
3.25600,4.17352
3.25700,4.17452
3.25800,4.17552
3.25900,4.17652
3.26000,4.17752
3.26100,4.17852
3.26200,4.17952
3.26300,4.18052
3.26400,4.18152
3.26500,4.18252
3.26600,4.18352
3.26700,4.18452
3.26800,4.18552
3.26900,4.18652
3.27000,4.18752
3.27100,4.18852
3.27200,4.18952
3.27300,4.19052
3.27400,4.19152
3.27500,4.19252
3.27600,4.19352
3.27700,4.19452
3.27800,4.19552
3.27900,4.19652
3.28000,4.19752
3.28100,4.19852
3.28200,4.19952
3.28300,4.20052
3.28400,4.20152
3.28500,4.20252
3.28600,4.20352
3.28700,4.20452
3.28800,4.20552
3.28900,4.20652
3.29000,4.20752
3.29100,4.20852
3.29200,4.20952
3.29300,4.21052
3.29400,4.21152
3.29500,4.21252
3.29600,4.21352
3.29700,4.21452
3.29800,4.21552
3.29900,4.21652
3.30000,4.21752
3.30100,4.21852
3.30200,4.21952
3.30300,4.22052
3.30400,4.22152
3.30500,4.22252
3.30600,4.22352
3.30700,4.22452
3.30800,4.22552
3.30900,4.22652
3.31000,4.22752
3.31100,4.22852
3.31200,4.22952
3.31300,4.23052
3.31400,4.23152
3.31500,4.23252
3.31600,4.23352
3.31700,4.23452
3.31800,4.23552
3.31900,4.23652
3.32000,4.23752
3.32100,4.23852
3.32200,4.23952
3.32300,4.24052
3.32400,4.24152
3.32500,4.24252
3.35400,4.24352
3.35500,4.24452
3.36200,4.24552
3.36500,4.24652
3.36600,4.24752
3.36700,4.24852
3.36800,4.24952
3.36900,4.25052
3.37000,4.25152
3.37100,4.25252
3.37200,4.25352
3.37300,4.25452
3.37400,4.25552
3.37500,4.25652
3.37600,4.25752
3.37700,4.26252
3.37800,4.26352
3.37900,4.26452
3.38000,4.26552
3.38100,4.26652
3.38200,4.26752
3.38300,4.26852
3.38400,4.26952
3.38500,4.27052
3.38600,4.27152
3.38700,4.27252
3.38800,4.27352
3.38900,4.27452
3.39000,4.27552
3.39100,4.27652
3.39200,4.27752
3.39300,4.27852
3.39400,4.27952
3.39500,4.28052
3.39600,4.28152
3.39700,4.28252
3.39800,4.28352
3.39900,4.28452
3.40000,4.28552
3.40100,4.28652
3.40200,4.28752
3.40300,4.28852
3.40400,4.28952
3.40500,4.29052
3.40600,4.29152
3.40700,4.29252
3.40800,4.29352
3.40900,4.29452
3.41000,4.29552
3.41100,4.29652
3.41200,4.29752
3.41300,4.29852
3.41400,4.29952
3.41500,4.30052
3.41600,4.30152
3.41700,4.30252
3.41800,4.30352
3.41900,4.30452
3.42000,4.30552
3.42100,4.30652
3.42200,4.30752
3.42300,4.30852
3.42400,4.30952
3.42500,4.31052
3.42600,4.31152
3.42700,4.31252
3.42800,4.31352
3.42900,4.31452
3.43000,4.31552
3.43100,4.31652
3.43200,4.31752
3.43300,4.31852
3.43400,4.31952
3.43500,4.32052
3.43600,4.32152
3.43700,4.32252
3.43800,4.32352
3.43900,4.32452
3.44000,4.32552
3.44100,4.32652
3.44200,4.32752
3.44300,4.32852
3.44400,4.32952
3.44500,4.33052
3.44600,4.33152
3.44700,4.33252
3.44800,4.33352
3.44900,4.33452
3.45000,4.33552
3.45100,4.33652
3.45200,4.33752
3.45300,4.33852
3.45400,4.33952
3.45500,4.34052
3.45600,4.34152
3.45700,4.34252
3.45800,4.34352
3.45900,4.34452
3.46000,4.34552
3.46100,4.34652
3.46200,4.34752
3.46300,4.34852
3.46400,4.35052
3.46500,4.35152
3.46600,4.35252
3.46700,4.35352
3.46800,4.35452
3.46900,4.35552
3.47000,4.35652
3.47100,4.35752
3.47200,4.35852
3.47300,4.35952
3.47400,4.36052
3.47500,4.36152
3.47600,4.36252
3.47700,4.36352
3.47800,4.36452
3.47900,4.36552
3.48000,4.36652
3.48100,4.36752
3.48200,4.36852
3.48300,4.36952
3.48400,4.37052
3.48500,4.37152
3.48600,4.37252
3.48700,4.37352
3.48800,4.37452
3.48900,4.37552
3.49000,4.37652
3.49100,4.37752
3.49200,4.37852
3.49300,4.37952
3.49400,4.38052
3.49500,4.38352
3.49600,4.38452
3.49700,4.38552
3.49800,4.38652
3.49900,4.38752
3.50000,4.38852
3.50100,4.38952
3.50200,4.39052
3.50300,4.39152
3.50400,4.39252
3.50500,4.39352
3.50600,4.39452
3.50700,4.39552
3.50800,4.39652
3.50900,4.39752
3.51000,4.39852
3.51100,4.39952
3.51200,4.40052
3.51300,4.40152
3.51400,4.40252
3.51500,4.40352
3.51600,4.40452
3.51700,4.40552
3.51800,4.40652
3.51900,4.40752
3.52000,4.40852
3.52100,4.40952
3.52200,4.41052
3.52300,4.41152
3.52400,4.41252
3.52500,4.41352
3.52600,4.41452
3.52700,4.41552
3.52800,4.41652
3.52900,4.41752
3.53000,4.41852
3.53100,4.41952
3.53200,4.42052
3.53300,4.42152
3.53400,4.42252
3.53500,4.42352
3.53600,4.42452
3.53700,4.42552
3.53800,4.42652
3.53900,4.42752
3.54000,4.42852
3.54100,4.42952
3.54200,4.43052
3.54300,4.43152
3.54400,4.43252
3.54500,4.43352
3.54600,4.43452
3.54700,4.43552
3.54800,4.43652
3.54900,4.43752
3.55000,4.43852
3.55100,4.43952
3.55200,4.44052
3.55300,4.44152
3.55400,4.44252
3.55500,4.44352
3.55600,4.44452
3.55700,4.44552
3.55800,4.44652
3.55900,4.44752
3.56000,4.44852
3.56100,4.44952
3.56200,4.45052
3.56300,4.45152
3.56400,4.45252
3.56500,4.45352
3.56600,4.45452
3.56700,4.45552
3.56800,4.45652
3.56900,4.45752
3.57000,4.45852
3.57100,4.45952
3.57200,4.46052
3.57300,4.46152
3.57400,4.46252
3.57500,4.46352
3.57600,4.46452
3.57700,4.46552
3.57800,4.46652
3.57900,4.46752
3.58000,4.46852
3.58100,4.46952
3.58200,4.47052
3.58300,4.47152
3.58400,4.47252
3.58500,4.47352
3.58600,4.47452
3.58700,4.47552
3.58800,4.47652
3.58900,4.47752
3.59000,4.47852
3.59100,4.47952
3.59200,4.48052
3.59300,4.48152
3.59400,4.48252
3.59500,4.48352
3.59600,4.48452
3.59700,4.48552
3.59800,4.48652
3.59900,4.48752
3.60000,4.48852
3.60100,4.48952
3.60200,4.49052
3.60300,4.49152
3.60400,4.49252
3.60500,4.49352
3.60600,4.49452
3.60700,4.49552
3.60800,4.49652
3.60900,4.49752
3.61000,4.49852
3.61100,4.49952
3.61200,4.50052
3.61300,4.50152
3.61400,4.50252
3.61500,4.50352
3.61600,4.50452
3.61700,4.50552
3.61800,4.50652
3.61900,4.50752
3.62000,4.50852
3.62100,4.50952
3.62200,4.51052
3.62300,4.51152
3.62400,4.51252
3.62500,4.51352
3.62600,4.51452
3.62700,4.51552
3.62800,4.51652
3.62900,4.51752
3.63000,4.51852
3.63100,4.51952
3.63200,4.52052
3.63300,4.52152
3.63400,4.52252
3.63500,4.52352
3.63600,4.52452
3.63700,4.52552
3.63800,4.52652
3.63900,4.52752
3.64000,4.52852
3.64100,4.52952
3.64200,4.53052
3.64300,4.53152
3.64400,4.53252
3.64500,4.53352
3.64600,4.53452
3.64700,4.53552
3.64800,4.53652
3.64900,4.53752
3.65000,4.53852
3.65100,4.53952
3.65200,4.54052
3.65300,4.54152
3.65400,4.54252
3.65500,4.54352
3.65600,4.54452
3.65700,4.54552
3.65800,4.54652
3.65900,4.54752
3.66000,4.54852
3.66100,4.54952
3.66200,4.55052
3.66300,4.55152
3.66400,4.55252
3.66500,4.55352
3.66600,4.55452
3.66700,4.55552
3.66800,4.55652
3.66900,4.55752
3.67000,4.55852
3.67100,4.55952
3.67200,4.56052
3.67300,4.56152
3.67400,4.56252
3.67500,4.56352
3.67600,4.56452
3.67700,4.56552
3.67800,4.56652
3.67900,4.56752
3.68000,4.56852
3.68100,4.56952
3.68200,4.57052
3.68300,4.57152
3.68400,4.57252
3.68500,4.57352
3.68600,4.57452
3.68700,4.57552
3.68800,4.57652
3.68900,4.57752
3.69000,4.57852
3.69100,4.57952
3.69200,4.58052
3.69300,4.58152
3.69400,4.58252
3.69500,4.58352
3.69600,4.58452
3.69700,4.58552
3.69800,4.58652
3.69900,4.58752
3.70000,4.58852
3.70100,4.58952
3.70200,4.59052
3.70300,4.59152
3.70400,4.59252
3.70500,4.59352
3.70600,4.59452
3.70700,4.59552
3.70800,4.59652
3.70900,4.59752
3.71000,4.59852
3.71100,4.59952
3.71200,4.60052
3.71300,4.60152
3.71400,4.60252
3.71500,4.60352
3.71600,4.60452
3.71700,4.60552
3.71800,4.60652
3.71900,4.60752
3.72000,4.60852
3.72100,4.60952
3.72200,4.61052
3.72300,4.61152
3.72400,4.61252
3.72500,4.61352
3.72600,4.61452
3.72700,4.61552
3.72800,4.61652
3.72900,4.61852
3.73000,4.61952
3.73100,4.62052
3.73200,4.62152
3.73300,4.62252
3.73400,4.62352
3.73500,4.62452
3.73600,4.62552
3.73700,4.62652
3.73800,4.62752
3.73900,4.62852
3.74000,4.62952
3.74100,4.63052
3.74200,4.63152
3.74300,4.63252
3.74400,4.63352
3.74500,4.63452
3.74600,4.63552
3.74700,4.63652
3.74800,4.63752
3.74900,4.63852
3.75000,4.63952
3.75100,4.64052
3.75200,4.64152
3.75300,4.64252
3.75400,4.64352
3.75500,4.64452
3.75600,4.64552
3.75700,4.64652
3.75800,4.64752
3.75900,4.64852
3.76000,4.64952
3.76100,4.65052
3.76200,4.65152
3.76300,4.65252
3.76400,4.65352
3.76500,4.65452
3.76600,4.65552
3.76700,4.65652
3.76800,4.65752
3.76900,4.65852
3.77000,4.65952
3.77100,4.66052
3.77200,4.66152
3.77300,4.66252
3.77400,4.66352
3.77500,4.66452
3.77600,4.66552
3.77700,4.66652
3.77800,4.66752
3.77900,4.66852
3.78000,4.66952
3.78100,4.67052
3.78200,4.67152
3.78300,4.67252
3.78400,4.67352
3.78500,4.67452
3.78600,4.67552
3.78700,4.67652
3.78800,4.67752
3.78900,4.67852
3.79000,4.67952
3.79100,4.68052
3.79200,4.68152
3.79300,4.68252
3.79400,4.68352
3.79500,4.68452
3.79600,4.68552
3.79700,4.68652
3.79800,4.68752
3.79900,4.68852
3.80000,4.68952
3.80100,4.69052
3.80200,4.69152
3.80300,4.69252
3.80400,4.69352
3.80500,4.69452
3.80600,4.69552
3.80700,4.69652
3.80800,4.69752
3.80900,4.69852
3.81000,4.69952
3.81100,4.70052
3.81200,4.70152
3.81300,4.70252
3.81400,4.70352
3.81500,4.70452
3.81600,4.70552
3.81700,4.70652
3.81800,4.70752
3.81900,4.70852
3.82000,4.70952
3.82100,4.71052
3.82200,4.71152
3.82300,4.71252
3.82400,4.71352
3.82500,4.71452
3.82600,4.71552
3.82700,4.71652
3.82800,4.71752
3.82900,4.71852
3.83000,4.71952
3.83100,4.72052
3.83200,4.72152
3.83300,4.72252
3.83400,4.72352
3.83500,4.72452
3.83900,4.72552
3.84000,4.72652
3.84900,4.72752
3.85000,4.72852
3.85100,4.72952
3.85200,4.73052
3.85300,4.73152
3.85400,4.73252
3.85500,4.73352
3.85600,4.73452
3.85700,4.73552
3.85800,4.73652
3.85900,4.73752
3.86000,4.73852
3.86100,4.73952
3.86200,4.74052
3.86300,4.74152
3.86400,4.74252
3.86600,4.74352
3.86700,4.74452
3.86800,4.74552
3.86900,4.74652
3.87000,4.74752
3.87100,4.74852
3.87200,4.74952
3.87300,4.75052
3.87400,4.75152
3.87500,4.75252
3.87600,4.75352
3.87700,4.75452
3.87800,4.75552
3.87900,4.75652
3.88000,4.75752
3.88100,4.75852
3.88200,4.75952
3.88300,4.76052
3.88400,4.76152
3.88500,4.76252
3.88600,4.76352
3.88700,4.76452
3.88800,4.76552
3.88900,4.76652
3.89000,4.76752
3.89100,4.76852
3.89200,4.76952
3.89300,4.77052
3.89400,4.77152
3.89500,4.77252
3.89600,4.77352
3.89700,4.77452
3.89800,4.77552
3.89900,4.77652
3.90000,4.77752
3.90100,4.77852
3.90200,4.77952
3.90300,4.78052
3.90400,4.78152
3.90500,4.78252
3.90600,4.78352
3.90700,4.78452
3.90800,4.78552
3.90900,4.78652
3.91000,4.78752
3.91100,4.78852
3.91200,4.78952
3.91300,4.79052
3.91400,4.79152
3.91500,4.79252
3.91600,4.79352
3.91700,4.79452
3.91800,4.79552
3.91900,4.79652
3.92000,4.79752
3.92100,4.79852
3.92200,4.79952
3.92300,4.80052
3.92400,4.80152
3.92500,4.80252
3.92600,4.80352
3.92700,4.80452
3.92800,4.80552
3.92900,4.80652
3.93000,4.80752
3.93100,4.80852
3.93200,4.80952
3.93300,4.81052
3.93400,4.81152
3.93500,4.81252
3.93600,4.81352
3.93700,4.81452
3.93800,4.81552
3.93900,4.81652
3.94000,4.81752
3.94100,4.81852
3.94200,4.81952
3.94300,4.82052
3.94400,4.82152
3.94500,4.82252
3.94600,4.82352
3.94700,4.82452
3.94800,4.82552
3.94900,4.82652
3.95000,4.82752
3.95100,4.82852
3.95200,4.82952
3.95300,4.83052
3.95400,4.83152
3.95500,4.83252
3.95600,4.83352
3.95700,4.83452
3.95800,4.83552
3.95900,4.83652
3.96000,4.83752
3.96100,4.83852
3.96200,4.83952
3.96300,4.84052
3.96400,4.84152
3.96500,4.84252
3.96600,4.84352
3.96700,4.84452
3.96800,4.84552
3.96900,4.84652
3.97000,4.84752
3.97100,4.84852
3.97200,4.84952
3.97300,4.85052
3.97400,4.85152
3.97500,4.85252
3.97600,4.85352
3.97700,4.85452
3.97800,4.85552
3.97900,4.85652
3.98000,4.85752
3.98100,4.85852
3.98200,4.85952
3.98300,4.86052
3.98400,4.86152
3.98500,4.86252
3.98600,4.86352
3.98700,4.86452
3.98800,4.86552
3.98900,4.86652
3.99000,4.86752
3.99100,4.86852
3.99200,4.86952
3.99300,4.87052
3.99400,4.87152
3.99500,4.87252
3.99600,4.87352
3.99700,4.87452
3.99800,4.87552
3.99900,4.87652
4.00000,4.87752
4.00100,4.87852
4.00200,4.87952
4.00300,4.88052
4.00500,4.88152
4.00600,4.88252
4.00700,4.88352
4.00800,4.88452
4.00900,4.88552
4.01000,4.88652
4.01100,4.88752
4.01200,4.88852
4.01300,4.88952
4.01400,4.89052
4.01500,4.89152
4.01600,4.89252
4.01700,4.89352
4.01800,4.89452
4.01900,4.89552
4.02000,4.89652
4.02100,4.89752
4.02200,4.89852
4.02300,4.89952
4.02400,4.90052
4.02500,4.90152
4.02600,4.90252
4.02700,4.90352
4.02800,4.90452
4.02900,4.90552
4.03000,4.90652
4.03100,4.90752
4.03200,4.90852
4.03300,4.90952
4.03400,4.91052
4.03500,4.91152
4.03600,4.91252
4.03700,4.91352
4.03800,4.91452
4.03900,4.91552
4.04000,4.91652
4.04100,4.91752
4.04200,4.91852
4.04300,4.91952
4.04400,4.92052
4.04500,4.92152
4.04600,4.92252
4.04700,4.92352
4.04800,4.92452
4.04900,4.92552
4.05000,4.92652
4.05100,4.92752
4.05200,4.92852
4.05300,4.92952
4.05400,4.93052
4.05500,4.93152
4.05600,4.93252
4.05700,4.93352
4.05800,4.93452
4.05900,4.93552
4.06000,4.93652
4.06100,4.93752
4.06200,4.93852
4.06300,4.93952
4.06400,4.94052
4.06500,4.94152
4.06600,4.94252
4.06700,4.94352
4.06800,4.94452
4.06900,4.94552
4.07000,4.94652
4.07100,4.94752
4.07200,4.94852
4.07300,4.94952
4.07400,4.95052
4.07500,4.95152
4.07600,4.95252
4.07700,4.95352
4.07800,4.95452
4.08000,4.95552
4.08100,4.95652
4.08200,4.95752
4.08300,4.95852
4.08400,4.95952
4.08500,4.96052
4.08600,4.96152
4.08700,4.96252
4.08800,4.96352
4.08900,4.96452
4.09000,4.96552
4.09600,4.96652
4.09700,4.96752
4.09800,4.96852
4.09900,4.96952
4.10000,4.97052
4.10100,4.97152
4.10200,4.97252
4.10300,4.97352
4.10400,4.97452
4.10500,4.97552
4.10600,4.97652
4.10700,4.97752
4.10800,4.97852
4.10900,4.97952
4.11000,4.98052
4.11100,4.98152
4.11200,4.98252
4.11300,4.98352
4.12000,4.98452
4.12100,4.98552
4.12200,4.98652
4.12300,4.98752
4.12400,4.98852
4.12500,4.98952
4.12600,4.99052
4.12700,4.99152
4.12800,4.99252
4.12900,4.99352
4.13000,4.99452
4.13100,4.99552
4.13200,4.99652
4.13300,4.99752
4.13400,4.99852
4.13500,4.99952
4.13600,5.00052
4.13700,5.00152
4.13800,5.00252
4.13900,5.00352
4.14000,5.00452
4.14100,5.00552
4.14200,5.00652
4.14300,5.00752
4.14400,5.00852
4.14500,5.00952
4.14600,5.01052
4.14700,5.01152
4.14800,5.01252
4.14900,5.01352
4.15000,5.01452
4.15100,5.01552
4.15200,5.01652
4.15300,5.01752
4.15400,5.01852
4.15500,5.01952
4.15600,5.02052
4.15700,5.02152
4.15800,5.02252
4.15900,5.02352
4.16000,5.02452
4.16100,5.02552
4.16200,5.02652
4.16300,5.02752
4.16400,5.02852
4.16500,5.02952
4.16600,5.03052
4.16700,5.03152
4.16800,5.03252
4.16900,5.03352
4.17000,5.03452
4.17100,5.03552
4.17200,5.03652
4.17300,5.03752
4.17400,5.03852
4.17500,5.03952
4.17600,5.04052
4.17700,5.04152
4.17800,5.04252
4.17900,5.04352
4.18000,5.04452
4.18100,5.04552
4.18200,5.04652
4.18300,5.04752
4.18400,5.04852
4.18500,5.04952
4.19000,5.05052
4.19100,5.05152
4.19200,5.05252
4.19300,5.05352
4.19400,5.05452
4.19500,5.05552
4.19600,5.05652
4.19700,5.05752
4.19800,5.05852
4.19900,5.05952
4.20000,5.06052
4.20100,5.06152
4.20300,5.06252
4.20400,5.06352
4.20500,5.06452
4.20600,5.06552
4.20700,5.06652
4.20800,5.06752
4.20900,5.06852
4.21000,5.06952
4.21100,5.07052
4.21200,5.07152
4.21300,5.07252
4.21400,5.07352
4.21500,5.07452
4.21600,5.07552
4.21700,5.07652
4.21800,5.07752
4.21900,5.07852
4.22000,5.07952
4.22100,5.08052
4.22200,5.08152
4.22300,5.08252
4.22400,5.08352
4.22500,5.08452
4.22600,5.08552
4.22700,5.08652
4.22800,5.08752
4.22900,5.08852
4.23000,5.08952
4.23100,5.09052
4.23200,5.09152
4.23300,5.09252
4.23400,5.09352
4.23500,5.09452
4.23600,5.09552
4.23700,5.09652
4.23800,5.09752
4.23900,5.09852
4.24000,5.09952
4.24100,5.10052
4.24200,5.10152
4.24500,5.10252
4.24600,5.10352
4.24700,5.10452
4.24800,5.10552
4.24900,5.10652
4.25000,5.10752
4.25100,5.10852
4.25200,5.10952
4.25300,5.11052
4.25400,5.11152
4.25500,5.11252
4.25600,5.11352
4.25700,5.11452
4.25800,5.11552
4.25900,5.11652
4.26000,5.11752
4.26100,5.11852
4.26200,5.11952
4.26300,5.12052
4.26400,5.12152
4.26500,5.12252
4.26600,5.12352
4.26700,5.12452
4.26800,5.12552
4.26900,5.12652
4.27000,5.12752
4.27100,5.12852
4.27200,5.12952
4.27300,5.13052
4.27400,5.13152
4.27500,5.13252
4.27600,5.13352
4.27700,5.13452
4.27800,5.13552
4.27900,5.13652
4.28000,5.13752
4.28100,5.13852
4.28200,5.13952
4.28300,5.14052
4.28400,5.14152
4.28500,5.14252
4.28600,5.14352
4.28700,5.14452
4.28800,5.14552
4.28900,5.14652
4.29000,5.14752
4.29100,5.14852
4.29200,5.14952
4.29300,5.15052
4.29400,5.15152
4.29500,5.15252
4.29600,5.15352
4.29700,5.15452
4.29800,5.15552
4.29900,5.15652
4.30000,5.15752
4.30100,5.15852
4.30200,5.15952
4.30300,5.16052
4.30400,5.16152
4.30500,5.16252
4.30600,5.16352
4.30800,5.16452
4.30900,5.16552
4.31000,5.16652
4.31100,5.16752
4.31200,5.16852
4.31300,5.16952
4.31400,5.17052
4.31500,5.17152
4.31600,5.17252
4.31700,5.17352
4.31800,5.17452
4.31900,5.17552
4.32000,5.17652
4.32100,5.17752
4.32200,5.17852
4.32300,5.17952
4.32400,5.18052
4.32500,5.18152
4.32600,5.18252
4.32700,5.18352
4.32800,5.18452
4.32900,5.18552
4.33000,5.18652
4.33100,5.18752
4.33200,5.18852
4.33300,5.18952
4.33400,5.19052
4.33500,5.19152
4.33600,5.19252
4.33700,5.19352
4.33800,5.19452
4.34000,5.19552
4.34100,5.19652
4.34200,5.19752
4.34300,5.19852
4.34400,5.19952
4.34500,5.20052
4.34600,5.20152
4.34700,5.20252
4.34800,5.20352
4.34900,5.20452
4.35000,5.20552
4.35100,5.20652
4.35200,5.20752
4.35300,5.20852
4.35400,5.20952
4.35600,5.21052
4.35700,5.21152
4.35800,5.21252
4.35900,5.21352
4.36000,5.21452
4.36100,5.21552
4.36200,5.21652
4.36300,5.21752
4.36400,5.21852
4.36500,5.21952
4.36600,5.22052
4.36700,5.22152
4.36800,5.22252
4.36900,5.22352
4.37000,5.22452
4.37100,5.22552
4.37200,5.22652
4.37300,5.22752
4.37400,5.22852
4.37500,5.22952
4.37600,5.23052
4.37700,5.23152
4.37800,5.23252
4.37900,5.23352
4.38000,5.23452
4.38100,5.23552
4.38200,5.23652
4.38300,5.23752
4.38400,5.23852
4.38500,5.23952
4.38600,5.24052
4.38700,5.24152
4.38800,5.24252
4.38900,5.24352
4.39000,5.24452
4.39100,5.24552
4.39200,5.24652
4.39300,5.24752
4.39400,5.24852
4.39500,5.24952
4.39600,5.25052
4.39700,5.25152
4.39800,5.25252
4.39900,5.25352
4.40000,5.25452
4.40100,5.25552
4.40200,5.25652
4.40300,5.25752
4.40400,5.25852
4.40500,5.25952
4.40600,5.26052
4.40700,5.26152
4.40800,5.26252
4.40900,5.26352
4.41000,5.26552
4.41100,5.26652
4.41200,5.26752
4.41300,5.26852
4.41400,5.26952
4.41500,5.27052
4.41600,5.27152
4.41700,5.27252
4.41800,5.27352
4.41900,5.27452
4.42000,5.27552
4.42100,5.27652
4.42200,5.27752
4.42300,5.27852
4.42400,5.27952
4.42500,5.28052
4.42600,5.28152
4.42700,5.28252
4.42800,5.28352
4.42900,5.28452
4.43000,5.28552
4.43100,5.28652
4.43200,5.28752
4.43300,5.28852
4.43400,5.28952
4.43500,5.29052
4.43600,5.29152
4.43700,5.29252
4.43800,5.29352
4.43900,5.29452
4.44000,5.29552
4.44100,5.29652
4.44200,5.29752
4.44300,5.29852
4.44400,5.29952
4.44500,5.30052
4.44600,5.30152
4.44700,5.30252
4.44800,5.30352
4.44900,5.30452
4.45000,5.30552
4.45100,5.30652
4.45200,5.30752
4.45300,5.30852
4.45400,5.30952
4.45500,5.31052
4.45600,5.31152
4.45700,5.31252
4.45800,5.31352
4.45900,5.31452
4.46000,5.31552
4.46100,5.31652
4.46200,5.31752
4.46300,5.31852
4.46400,5.31952
4.46500,5.32052
4.46600,5.32152
4.46700,5.32252
4.46800,5.32352
4.46900,5.32452
4.47000,5.32552
4.47100,5.32652
4.47200,5.32752
4.47300,5.32852
4.47400,5.32952
4.47500,5.33052
4.47600,5.33252
4.47700,5.33352
4.47800,5.33452
4.47900,5.33552
4.48000,5.33652
4.48100,5.33752
4.48200,5.33852
4.48300,5.33952
4.48400,5.34052
4.48500,5.34152
4.48600,5.34252
4.48700,5.34352
4.48800,5.34452
4.48900,5.34552
4.49000,5.34652
4.49100,5.34752
4.49200,5.34852
4.49300,5.34952
4.49400,5.35052
4.49500,5.35152
4.49600,5.35252
4.49700,5.35352
4.49800,5.35452
4.49900,5.35552
4.50000,5.35652
4.50100,5.35752
4.50200,5.35852
4.50300,5.35952
4.50400,5.36052
4.50500,5.36152
4.50600,5.36252
4.50700,5.36352
4.50800,5.36452
4.50900,5.36552
4.51000,5.36652
4.51100,5.36752
4.51200,5.36852
4.51300,5.36952
4.51400,5.37752
4.51500,5.37852
4.51600,5.37952
4.51700,5.38052
4.51800,5.38152
4.51900,5.38252
4.52000,5.38352
4.52100,5.38452
4.52200,5.38552
4.52300,5.38652
4.52400,5.38752
4.52500,5.38852
4.52600,5.38952
4.52700,5.39052
4.52800,5.39152
4.52900,5.39252
4.53000,5.39352
4.53100,5.39452
4.53200,5.39552
4.53300,5.39652
4.53400,5.39752
4.53500,5.39852
4.53600,5.39952
4.53700,5.40052
4.53800,5.40152
4.53900,5.40252
4.54000,5.40352
4.54100,5.40452
4.54200,5.40552
4.54300,5.40652
4.54400,5.40752
4.54500,5.40852
4.54600,5.40952
4.54700,5.41052
4.54800,5.41152
4.54900,5.41252
4.55000,5.41352
4.55100,5.41452
4.55200,5.41552
4.55300,5.41652
4.55400,5.41752
4.55500,5.41852
4.55600,5.41952
4.55700,5.42052
4.55800,5.42152
4.55900,5.42252
4.56000,5.42352
4.56100,5.42452
4.56200,5.42552
4.56300,5.42652
4.56400,5.42752
4.56500,5.42852
4.56600,5.42952
4.56700,5.43052
4.56800,5.43152
4.56900,5.43252
4.57000,5.43352
4.57100,5.43452
4.57200,5.43552
4.57300,5.43652
4.57400,5.43752
4.57500,5.43852
4.57600,5.43952
4.57700,5.44052
4.57800,5.44152
4.57900,5.44252
4.58000,5.44352
4.58100,5.44452
4.58200,5.44552
4.58300,5.44652
4.58400,5.44752
4.58500,5.44852
4.58600,5.44952
4.58700,5.45052
4.58800,5.45152
4.58900,5.45252
4.59000,5.45352
4.59100,5.45452
4.59200,5.45552
4.59300,5.45652
4.59400,5.45752
4.59500,5.45852
4.59600,5.45952
4.59700,5.46052
4.59800,5.46152
4.59900,5.46252
4.60000,5.46352
4.60100,5.46452
4.60200,5.46552
4.60300,5.46652
4.60400,5.46752
4.60500,5.46852
4.60600,5.46952
4.60700,5.47052
4.60800,5.47152
4.60900,5.47252
4.61000,5.47352
4.61100,5.47452
4.61200,5.47552
4.61300,5.47652
4.61400,5.47752
4.61500,5.47852
4.61600,5.47952
4.61700,5.48052
4.61800,5.48152
4.61900,5.48252
4.62000,5.48352
4.62100,5.48452
4.62300,5.48552
4.62400,5.48652
4.62500,5.48752
4.62600,5.48852
4.62700,5.48952
4.62800,5.49052
4.62900,5.49152
4.63000,5.49252
4.63100,5.49352
4.63200,5.49452
4.63300,5.49552
4.63400,5.49652
4.63500,5.49752
4.63600,5.49852
4.63800,5.49952
4.64200,5.50052
4.64300,5.50152
4.64400,5.50252
4.64500,5.50352
4.64600,5.50452
4.64700,5.50552
4.64800,5.50652
4.64900,5.50752
4.65000,5.50852
4.65100,5.50952
4.65200,5.51052
4.65300,5.51152
4.65400,5.51252
4.65500,5.51352
4.65600,5.51452
4.65700,5.51552
4.65800,5.51652
4.65900,5.51752
4.66000,5.51852
4.66100,5.51952
4.66200,5.52052
4.66300,5.52152
4.66400,5.52252
4.66500,5.52352
4.66600,5.52452
4.66700,5.52552
4.66800,5.52652
4.66900,5.52752
4.67000,5.52852
4.67100,5.52952
4.67200,5.53052
4.67300,5.53152
4.67400,5.53252
4.67500,5.53352
4.67600,5.53452
4.67700,5.53552
4.67800,5.53652
4.67900,5.53752
4.68000,5.53852
4.68100,5.53952
4.68200,5.54052
4.68300,5.54152
4.68400,5.54252
4.68500,5.54352
4.68600,5.54452
4.68700,5.54552
4.68800,5.54652
4.68900,5.54752
4.69000,5.54852
4.69100,5.54952
4.69200,5.55052
4.69300,5.55152
4.69400,5.55252
4.69500,5.55352
4.69600,5.55452
4.69700,5.55552
4.69800,5.55652
4.69900,5.55752
4.70000,5.55852
4.70100,5.55952
4.70200,5.56052
4.70300,5.56152
4.70400,5.56252
4.70500,5.56352
4.70600,5.56452
4.70700,5.56552
4.70800,5.56652
4.70900,5.56752
4.71000,5.56852
4.71100,5.56952
4.71200,5.57052
4.71300,5.57152
4.71400,5.57252
4.71500,5.57352
4.71600,5.57452
4.71700,5.57552
4.71800,5.57652
4.71900,5.57752
4.72000,5.57852
4.72100,5.57952
4.72200,5.58052
4.72300,5.58152
4.72400,5.58252
4.72500,5.58352
4.72600,5.58452
4.72700,5.58552
4.72800,5.58652
4.72900,5.58752
4.73000,5.58852
4.73100,5.58952
4.73200,5.59052
4.73300,5.59152
4.73400,5.59252
4.73500,5.59352
4.73600,5.59452
4.73800,5.59552
4.73900,5.59652
4.74100,5.59752
4.74200,5.59852
4.74300,5.59952
4.74400,5.60052
4.74500,5.60152
4.74600,5.60252
4.74700,5.60352
4.74800,5.60452
4.74900,5.60552
4.75000,5.60652
4.75100,5.60752
4.75200,5.60852
4.75300,5.60952
4.75400,5.61052
4.75500,5.61152
4.75600,5.61252
4.75700,5.61352
4.75800,5.61452
4.75900,5.61552
4.76000,5.61652
4.76100,5.61752
4.76200,5.61852
4.76300,5.61952
4.76400,5.62052
4.76500,5.62152
4.76600,5.62252
4.76700,5.62352
4.76800,5.62452
4.76900,5.62552
4.77000,5.62652
4.77100,5.62752
4.77200,5.62852
4.77300,5.62952
4.77400,5.63052
4.77500,5.63152
4.77600,5.63252
4.77700,5.63352
4.77800,5.63452
4.77900,5.63552
4.78000,5.63652
4.78100,5.63752
4.78200,5.63852
4.78300,5.63952
4.78400,5.64052
4.78500,5.64152
4.78600,5.64252
4.78700,5.64352
4.78800,5.64452
4.78900,5.64552
4.79000,5.64652
4.79100,5.64752
4.79200,5.64852
4.79300,5.64952
4.79400,5.65052
4.79500,5.65152
4.79600,5.65252
4.79700,5.65352
4.79800,5.65452
4.79900,5.65552
4.80000,5.65652
4.80100,5.65752
4.80200,5.65852
4.80300,5.65952
4.80400,5.66052
4.80500,5.66152
4.80600,5.66252
4.80700,5.66352
4.80800,5.66452
4.80900,5.66552
4.81000,5.66652
4.81100,5.66752
4.81200,5.66852
4.81300,5.66952
4.81400,5.67052
4.81500,5.67152
4.81600,5.67252
4.81700,5.67352
4.81800,5.67452
4.81900,5.67552
4.82000,5.67652
4.82100,5.67752
4.82200,5.67852
4.82300,5.67952
4.82400,5.68052
4.82500,5.68152
4.82600,5.68252
4.82700,5.68352
4.82800,5.68452
4.82900,5.68552
4.83000,5.68652
4.83100,5.68752
4.83200,5.68852
4.83300,5.68952
4.83400,5.69052
4.83500,5.69152
4.83600,5.69252
4.83700,5.69352
4.83800,5.69452
4.83900,5.69552
4.84000,5.69652
4.84100,5.69752
4.84200,5.69852
4.84300,5.69952
4.84400,5.70052
4.84500,5.70152
4.84600,5.70252
4.84700,5.70352
4.84800,5.70452
4.84900,5.70552
4.85000,5.70652
4.85100,5.70752
4.85200,5.70852
4.85300,5.70952
4.85400,5.71052
4.85500,5.71152
4.85600,5.71252
4.85700,5.71352
4.85800,5.71452
4.85900,5.71552
4.86000,5.71652
4.86100,5.71752
4.86200,5.71852
4.86300,5.71952
4.86400,5.72052
4.86500,5.72152
4.86600,5.72252
4.86700,5.72352
4.86800,5.72452
4.86900,5.72552
4.87000,5.72652
4.87100,5.72752
4.87200,5.72852
4.87300,5.72952
4.87400,5.73052
4.87500,5.73152
4.87600,5.73252
4.87700,5.73352
4.87800,5.73452
4.87900,5.73552
4.88000,5.73652
4.88100,5.73752
4.88200,5.73852
4.88300,5.73952
4.88400,5.74052
4.88500,5.74152
4.88600,5.74252
4.88700,5.74352
4.88800,5.74452
4.88900,5.74552
4.89000,5.74652
4.89100,5.74752
4.89200,5.74852
4.89300,5.74952
4.89400,5.75052
4.89500,5.75152
4.89600,5.75252
4.89700,5.75352
4.89800,5.75452
4.89900,5.75552
4.90000,5.75652
4.90100,5.75752
4.90200,5.75852
4.90300,5.75952
4.90400,5.76052
4.90500,5.76152
4.90600,5.76252
4.90700,5.76352
4.90800,5.76452
4.90900,5.76552
4.91000,5.76652
4.91100,5.76752
4.91200,5.76852
4.91300,5.76952
4.91400,5.77052
4.91500,5.77152
4.91600,5.77252
4.91700,5.77352
4.91800,5.77452
4.91900,5.77552
4.92000,5.77652
4.92100,5.77752
4.92200,5.77852
4.92300,5.77952
4.92400,5.78052
4.92500,5.78152
4.92600,5.78252
4.92700,5.78352
4.92800,5.78452
4.92900,5.78552
4.93000,5.78652
4.93100,5.78752
4.93200,5.78852
4.93300,5.78952
4.93400,5.79052
4.93500,5.79152
4.93600,5.79252
4.93700,5.79352
4.93800,5.79452
4.93900,5.79552
4.94000,5.79652
4.94100,5.79752
4.94200,5.79852
4.94300,5.79952
4.94400,5.80052
4.94500,5.80152
4.94600,5.80252
4.94700,5.80352
4.94800,5.80452
4.94900,5.80552
4.95000,5.80652
4.95100,5.80752
4.95200,5.80852
4.95300,5.80952
4.95400,5.81052
4.95500,5.81152
4.95600,5.81252
4.95700,5.81352
4.95800,5.81452
4.95900,5.81552
4.96000,5.81652
4.96100,5.81752
4.96200,5.81852
4.96300,5.81952
4.96400,5.82052
4.96500,5.82152
4.96600,5.82252
4.96700,5.82352
4.96800,5.82452
4.96900,5.82552
4.97000,5.82652
4.97100,5.82752
4.97200,5.82852
4.97300,5.82952
4.97400,5.83052
4.97500,5.83152
4.97600,5.83252
4.97700,5.83352
4.97800,5.83452
4.97900,5.83552
4.98000,5.83652
4.98100,5.83752
4.98200,5.83852
4.98300,5.83952
4.98400,5.84052
4.98500,5.84152
4.98600,5.84252
4.98700,5.84352
4.98800,5.84452
4.98900,5.84552
4.99000,5.84652
4.99100,5.84752
4.99200,5.84852
4.99300,5.84952
4.99400,5.85052
4.99500,5.85152
4.99600,5.85252
4.99700,5.85352
4.99800,5.85452
4.99900,5.85552
5.00000,5.85652
5.00100,5.85752
5.00200,5.85852
5.00300,5.85952
5.00400,5.86052
5.00500,5.86152
5.00600,5.86252
5.00700,5.86352
5.00800,5.86452
5.00900,5.86552
5.01000,5.86652
5.01100,5.86752
5.01200,5.86852
5.01300,5.86952
5.01400,5.87052
5.01500,5.87152
5.01600,5.87252
5.01700,5.87352
5.01800,5.87452
5.01900,5.87552
5.02000,5.87652
5.02100,5.87752
5.02200,5.87852
5.02300,5.87952
5.02400,5.88052
5.02500,5.88152
5.02600,5.88252
5.02700,5.88352
5.02800,5.88452
5.02900,5.88552
5.03000,5.88652
5.03100,5.88752
5.03200,5.88852
5.03300,5.88952
5.03400,5.89052
5.03500,5.89152
5.03600,5.89252
5.03700,5.89352
5.03800,5.89452
5.03900,5.89552
5.04000,5.89652
5.04100,5.89752
5.04200,5.89852
5.04300,5.89952
5.04400,5.90052
5.04500,5.90152
5.04600,5.90252
5.04700,5.90352
5.04800,5.90452
5.04900,5.90552
5.05000,5.90652
5.05100,5.90752
5.05200,5.90852
5.05300,5.90952
5.05400,5.91052
5.05500,5.91152
5.05600,5.91252
5.05700,5.91352
5.05800,5.91452
5.05900,5.91552
5.06000,5.91652
5.06100,5.91752
5.06200,5.91852
5.06300,5.91952
5.06400,5.92052
5.06500,5.92152
5.06600,5.92252
5.06700,5.92352
5.06800,5.92452
5.06900,5.92552
5.07000,5.92652
5.07100,5.92752
5.07200,5.92852
5.07300,5.92952
5.07400,5.93052
5.07500,5.93152
5.07600,5.93252
5.07700,5.93352
5.07800,5.93452
5.07900,5.93552
5.08000,5.93652
5.08100,5.93752
5.08200,5.93852
5.08300,5.93952
5.08400,5.94052
5.08500,5.94152
5.08600,5.94252
5.08700,5.94352
5.08800,5.94452
5.08900,5.94552
5.09000,5.94652
5.09100,5.94752
5.09200,5.94852
5.09300,5.94952
5.09400,5.95052
5.09500,5.95152
5.09600,5.95252
5.09700,5.95352
5.09800,5.95452
5.09900,5.95552
5.10000,5.95652
5.10100,5.95752
5.10200,5.95852
5.10300,5.95952
5.10400,5.96052
5.10500,5.96152
5.10600,5.96252
5.10700,5.96352
5.10800,5.96452
5.10900,5.96552
5.11000,5.96652
5.11100,5.96752
5.11200,5.96852
5.11300,5.96952
5.11600,5.97052
5.11700,5.97152
5.11800,5.97252
5.11900,5.97352
5.12000,5.97452
5.12100,5.97552
5.12200,5.97652
5.12300,5.97752
5.12400,5.97852
5.12500,5.97952
5.12600,5.98052
5.12700,5.98152
5.12800,5.98252
5.12900,5.98352
5.13000,5.98452
5.13100,5.98552
5.13200,5.98652
5.13300,5.98752
5.13400,5.98852
5.13500,5.98952
5.13600,5.99052
5.13700,5.99152
5.13800,5.99252
5.13900,5.99352
5.14000,5.99452
5.14100,5.99552
5.14200,5.99652
5.14300,5.99752
5.14400,5.99852
5.14500,5.99952
5.14600,6.00052
5.14700,6.00152
5.14800,6.00252
5.14900,6.00352
5.15000,6.00452
5.15100,6.00552
5.15200,6.00652
5.15300,6.00752
5.15400,6.00852
5.15500,6.00952
5.15600,6.01052
5.15700,6.01152
5.15800,6.01252
5.15900,6.01352
5.16000,6.01452
5.16100,6.01552
5.16200,6.01652
5.16300,6.01752
5.16400,6.01852
5.16500,6.01952
5.16600,6.02052
5.16700,6.02152
5.16800,6.02252
5.16900,6.02352
5.17000,6.02452
5.17100,6.02552
5.17200,6.02652
5.17300,6.02752
5.17400,6.02852
5.17500,6.02952
5.17600,6.03052
5.17700,6.03152
5.17800,6.03252
5.17900,6.03352
5.18000,6.03452
5.18100,6.03552
5.18200,6.03652
5.18300,6.03752
5.18400,6.03852
5.18500,6.03952
5.18600,6.04052
5.18700,6.04152
5.18800,6.04252
5.18900,6.04352
5.19000,6.04452
5.19100,6.04552
5.19200,6.04652
5.19300,6.04752
5.19400,6.04852
5.19500,6.04952
5.19600,6.05052
5.19700,6.05152
5.19800,6.05252
5.19900,6.05352
5.20000,6.05452
5.20100,6.05552
5.20200,6.05652
5.20300,6.05752
5.20400,6.05852
5.20500,6.05952
5.20600,6.06052
5.20700,6.06152
5.20800,6.06252
5.20900,6.06352
5.21000,6.06452
5.21100,6.06552
5.21200,6.06652
5.21300,6.06752
5.21400,6.06852
5.21500,6.06952
5.21600,6.07052
5.21700,6.07152
5.21800,6.07252
5.21900,6.07352
5.22000,6.07452
5.22100,6.07552
5.22200,6.07652
5.22300,6.07752
5.22400,6.07852
5.22500,6.07952
5.22600,6.08052
5.22700,6.08152
5.22800,6.08252
5.22900,6.08352
5.23000,6.08452
5.23100,6.08552
5.23200,6.08652
5.23300,6.08752
5.23400,6.08852
5.23500,6.08952
5.23600,6.09052
5.23700,6.09152
5.23800,6.09252
5.23900,6.09352
5.24000,6.09452
5.24100,6.09552
5.24200,6.09652
5.24300,6.09752
5.24400,6.09852
5.24500,6.09952
5.24600,6.10052
5.24700,6.10152
5.24800,6.10252
5.24900,6.10352
5.25000,6.10452
5.25100,6.10552
5.25200,6.10652
5.25300,6.10752
5.25400,6.10852
5.25500,6.10952
5.25600,6.11052
5.25700,6.11152
5.25800,6.11252
5.25900,6.11352
5.26000,6.11452
5.26100,6.11552
5.26200,6.11652
5.26300,6.11752
5.26400,6.11852
5.26500,6.11952
5.26600,6.12052
5.26700,6.12152
5.26800,6.12252
5.26900,6.12352
5.27000,6.12452
5.27100,6.12552
5.27200,6.12652
5.27300,6.12752
5.27400,6.12852
5.27500,6.12952
5.27600,6.13052
5.27700,6.13152
5.27800,6.13252
5.27900,6.13352
5.28000,6.13452
5.28100,6.13552
5.28200,6.13652
5.28300,6.13752
5.28400,6.13852
5.28500,6.13952
5.28600,6.14052
5.28700,6.14152
5.28800,6.14252
5.28900,6.14352
5.29000,6.14452
5.29100,6.14552
5.29200,6.14652
5.29300,6.14752
5.29400,6.14852
5.29500,6.14952
5.29600,6.15052
5.29700,6.15152
5.29800,6.15252
5.29900,6.15352
5.30000,6.15452
5.30100,6.15552
5.30200,6.15652
5.30300,6.15752
5.30400,6.15852
5.30500,6.15952
5.30600,6.16052
5.30700,6.16152
5.30800,6.16252
5.30900,6.16352
5.31000,6.16452
5.31100,6.16552
5.31200,6.16652
5.31300,6.16752
5.31400,6.16852
5.31500,6.16952
5.31600,6.17052
5.31700,6.17152
5.31800,6.17252
5.31900,6.17352
5.32000,6.17452
5.32100,6.17552
5.32200,6.17652
5.32300,6.17752
5.32400,6.17852
5.32500,6.17952
5.32600,6.18052
5.32700,6.18152
5.32800,6.18252
5.32900,6.18352
5.33000,6.18452
5.33100,6.18552
5.33200,6.18652
5.33300,6.18752
5.33400,6.18852
5.33500,6.18952
5.33600,6.19052
5.33700,6.19152
5.33800,6.19252
5.33900,6.19352
5.34000,6.19452
5.34100,6.19552
5.34200,6.19652
5.34300,6.19752
5.34400,6.19852
5.34500,6.19952
5.34600,6.20052
5.34700,6.20152
5.34800,6.20252
5.34900,6.20352
5.35000,6.20452
5.35100,6.20552
5.35200,6.20652
5.35300,6.20752
5.35400,6.20852
5.35500,6.20952
5.35600,6.21052
5.35700,6.21152
5.35800,6.21252
5.35900,6.21352
5.36000,6.21452
5.36100,6.21552
5.36200,6.21652
5.36300,6.21752
5.36400,6.21852
5.36500,6.21952
5.36600,6.22052
5.36700,6.22152
5.36800,6.22252
5.36900,6.22352
5.37000,6.22452
5.37100,6.22552
5.37200,6.22652
5.37300,6.22752
5.37400,6.22852
5.37500,6.22952
5.37600,6.23052
5.37700,6.23152
5.37800,6.23252
5.37900,6.23352
5.38000,6.23452
5.38100,6.23552
5.38200,6.23652
5.38300,6.23752
5.38400,6.23852
5.38500,6.23952
5.38600,6.24052
5.38700,6.24152
5.38800,6.24252
5.38900,6.24352
5.39000,6.24452
5.39100,6.24552
5.39200,6.24652
5.39300,6.24752
5.39400,6.24852
5.39500,6.24952
5.39600,6.25052
5.39700,6.25152
5.39800,6.25252
5.39900,6.25352
5.40000,6.25452
5.40100,6.25552
5.40200,6.25652
5.40300,6.25752
5.40400,6.25852
5.40500,6.25952
5.40600,6.26052
5.40700,6.26152
5.40800,6.26252
5.40900,6.26352
5.41000,6.26452
5.41100,6.26552
5.41200,6.26652
5.41300,6.26752
5.41400,6.26852
5.41500,6.26952
5.41600,6.27052
5.41700,6.27152
5.41800,6.27252
5.41900,6.27352
5.42000,6.27452
5.42100,6.27552
5.42200,6.27652
5.42300,6.27752
5.42400,6.27852
5.42500,6.27952
5.42600,6.28052
5.42700,6.28152
5.42800,6.28252
5.42900,6.28352
5.43000,6.28452
5.43100,6.28552
5.43200,6.28652
5.43300,6.28752
5.43400,6.28852
5.43500,6.28952
5.43600,6.29052
5.43700,6.29152
5.43800,6.29252
5.43900,6.29352
5.44000,6.29452
5.44100,6.29552
5.44200,6.29652
5.44300,6.29752
5.44400,6.29852
5.44500,6.29952
5.44600,6.30052
5.44700,6.30152
5.44800,6.30252
5.44900,6.30352
5.45000,6.30452
5.45100,6.30552
5.45200,6.30652
5.45300,6.30852
5.45400,6.30952
5.45500,6.31052
5.45600,6.31152
5.45700,6.31252
5.45800,6.31352
5.45900,6.31452
5.46000,6.31552
5.46100,6.31652
5.46200,6.31752
5.46300,6.31852
5.46400,6.31952
5.46500,6.32052
5.46600,6.32152
5.46700,6.32252
5.46800,6.32352
5.46900,6.32452
5.47000,6.32652
5.47100,6.32752
5.47200,6.32852
5.47300,6.32952
5.47400,6.33052
5.47500,6.33152
5.47600,6.33252
5.47700,6.33352
5.47800,6.33452
5.47900,6.33552
5.48000,6.33652
5.48100,6.33752
5.48200,6.33852
5.48300,6.33952
5.48400,6.34052
5.48500,6.34152
5.48600,6.34252
5.48700,6.34352
5.48800,6.34452
5.48900,6.34552
5.49000,6.34652
5.49100,6.34752
5.49200,6.34852
5.49300,6.34952
5.49400,6.35052
5.49600,6.35152
5.49700,6.35252
5.49800,6.35352
5.49900,6.35452
5.50500,6.35552
5.50900,6.35652
5.51100,6.35752
5.51200,6.35852
5.51500,6.35952
5.51600,6.36052
5.51800,6.36152
5.51900,6.36252
5.52100,6.36352
5.52200,6.36452
5.52300,6.36552
5.52400,6.36652
5.52500,6.36752
5.52600,6.36852
5.52700,6.36952
5.52800,6.37052
5.52900,6.37152
5.53000,6.37252
5.53100,6.37352
5.53300,6.37452
5.53500,6.37552
5.53600,6.37652
5.53700,6.37752
5.53800,6.37852
5.53900,6.37952
5.54000,6.38052
5.54100,6.38152
5.54200,6.38252
5.55400,6.38352
5.55600,6.38452
5.55700,6.38552
5.55800,6.38652
5.55900,6.38752
5.56000,6.38852
5.56200,6.38952
5.56700,6.39052
5.56800,6.39152
5.57000,6.39252
5.57100,6.39352
5.57200,6.39452
5.57300,6.39552
5.57400,6.39652
5.57500,6.39752
5.57600,6.39852
5.57700,6.39952
5.57800,6.40052
5.57900,6.40152
5.58000,6.40252
5.58100,6.40352
5.58200,6.40452
5.58300,6.40552
5.58400,6.40652
5.58500,6.40752
5.58600,6.40852
5.58700,6.40952
5.58800,6.41052
5.58900,6.41152
5.59000,6.41252
5.59400,6.41352
5.59500,6.41452
5.59600,6.41552
5.60000,6.41652
5.60100,6.41752
5.60200,6.41852
5.60400,6.41952
5.60500,6.42052
5.60600,6.42152
5.60700,6.42252
5.60800,6.42352
5.60900,6.42452
5.61000,6.42552
5.61100,6.42652
5.61200,6.42752
5.61300,6.42852
5.61400,6.42952
5.61500,6.43052
5.61800,6.43152
5.61900,6.43252
5.62000,6.43352
5.62100,6.43452
5.62200,6.43552
5.62300,6.43652
5.62400,6.43752
5.62500,6.43852
5.62600,6.43952
5.62700,6.44052
5.62800,6.44152
5.62900,6.44252
5.63000,6.44352
5.63100,6.44452
5.63200,6.44552
5.63300,6.44652
5.63400,6.44752
5.63500,6.44852
5.63600,6.44952
5.63700,6.45052
5.63800,6.45152
5.63900,6.45252
5.64000,6.45352
5.64100,6.45452
5.64200,6.45552
5.64300,6.45652
5.64400,6.45752
5.64500,6.45852
5.64600,6.45952
5.64700,6.46052
5.64800,6.46152
5.64900,6.46252
5.65000,6.46352
5.65100,6.46452
5.65200,6.46552
5.65300,6.46652
5.65400,6.46752
5.65500,6.46852
5.65600,6.46952
5.65700,6.47052
5.65800,6.47152
5.65900,6.47252
5.66000,6.47352
5.66100,6.47452
5.66200,6.47552
5.66300,6.47652
5.66400,6.47752
5.66500,6.47852
5.66600,6.47952
5.66700,6.48052
5.66800,6.48152
5.66900,6.48252
5.67000,6.48352
5.67100,6.48452
5.67200,6.48552
5.67300,6.48652
5.67400,6.48752
5.67500,6.48852
5.67600,6.48952
5.67700,6.49052
5.67800,6.49152
5.67900,6.49252
5.68100,6.49352
5.68200,6.49452
5.68300,6.49552
5.68400,6.49652
5.68500,6.49752
5.68600,6.49852
5.68700,6.49952
5.68800,6.50052
5.68900,6.50152
5.69000,6.50252
5.69100,6.50352
5.69200,6.50452
5.69300,6.50552
5.69400,6.50652
5.69500,6.50752
5.69600,6.50852
5.69700,6.50952
5.69800,6.51052
5.69900,6.51152
5.70000,6.51252
5.70100,6.51352
5.70200,6.51452
5.70300,6.51552
5.70600,6.51652
5.70700,6.51752
5.70800,6.51852
5.70900,6.51952
5.71000,6.52052
5.71100,6.52152
5.71200,6.52252
5.71300,6.52352
5.71400,6.52452
5.71500,6.52552
5.71600,6.52652
5.71700,6.52752
5.71800,6.52852
5.71900,6.52952
5.72000,6.53052
5.72100,6.53152
5.72200,6.53252
5.72300,6.53352
5.72400,6.53452
5.72500,6.53552
5.72600,6.53652
5.72700,6.53752
5.72800,6.53852
5.72900,6.53952
5.73000,6.54052
5.73100,6.54152
5.73200,6.54252
5.73300,6.54352
5.73400,6.54452
5.73500,6.54552
5.73600,6.54652
5.73700,6.54752
5.73800,6.54852
5.73900,6.54952
5.74000,6.55052
5.74100,6.55152
5.74200,6.55252
5.74300,6.55352
5.75000,6.55452
5.75100,6.55552
5.75200,6.55652
5.75300,6.55752
5.75400,6.55852
5.75500,6.55952
5.75600,6.56052
5.75700,6.56152
5.75800,6.56252
5.75900,6.56352
5.76000,6.56452
5.76100,6.56552
5.76200,6.56652
5.76300,6.56752
5.76400,6.56852
5.76500,6.56952
5.76600,6.57052
5.76700,6.57152
5.76800,6.57252
5.76900,6.57352
5.77000,6.57452
5.77100,6.57552
5.77200,6.57652
5.77300,6.57752
5.77400,6.57852
5.77500,6.57952
5.77600,6.58052
5.77700,6.58152
5.77800,6.58252
5.77900,6.58352
5.78000,6.58452
5.78100,6.58552
5.78200,6.58652
5.78300,6.58752
5.78400,6.58852
5.78500,6.58952
5.78600,6.59052
5.78700,6.59152
5.78800,6.59252
5.78900,6.59352
5.79000,6.59452
5.79100,6.59552
5.79200,6.59652
5.79300,6.59752
5.79400,6.59852
5.79500,6.59952
5.79600,6.60052
5.79700,6.60152
5.79800,6.60252
5.79900,6.60352
5.80000,6.60452
5.80100,6.60552
5.80200,6.60652
5.80300,6.60752
5.80400,6.60852
5.80500,6.60952
5.80600,6.61052
5.80700,6.61152
5.80800,6.61252
5.80900,6.61352
5.81000,6.61452
5.81100,6.61552
5.81200,6.61652
5.81300,6.61752
5.81400,6.61852
5.81500,6.61952
5.81600,6.62052
5.81700,6.62152
5.81800,6.62252
5.81900,6.62352
5.82000,6.62452
5.82100,6.62552
5.82200,6.62652
5.82300,6.62752
5.82400,6.62852
5.82500,6.62952
5.82600,6.63052
5.82700,6.63152
5.82800,6.63252
5.82900,6.63352
5.83100,6.63452
5.83200,6.63552
5.83400,6.63652
5.83500,6.63752
5.83600,6.63852
5.83700,6.63952
5.83800,6.64052
5.83900,6.64152
5.84000,6.64252
5.84100,6.64352
5.84200,6.64452
5.84300,6.64552
5.84400,6.64652
5.84500,6.64752
5.84600,6.64852
5.84700,6.64952
5.84800,6.65052
5.84900,6.65152
5.85000,6.65252
5.85100,6.65352
5.85200,6.65452
5.85300,6.65552
5.85400,6.65652
5.85500,6.65752
5.85900,6.65852
5.86000,6.65952
5.86100,6.66052
5.86200,6.66152
5.86300,6.66252
5.86400,6.66352
5.86900,6.66452
5.87000,6.66552
5.87300,6.66652
5.87400,6.66752
5.87500,6.66852
5.87600,6.66952
5.87700,6.67052
5.87800,6.67152
5.87900,6.67252
5.88000,6.67352
5.88100,6.67452
5.88200,6.67552
5.88300,6.67652
5.88400,6.67752
5.88500,6.67852
5.88600,6.67952
5.88700,6.68052
5.88800,6.68152
5.88900,6.68252
5.89000,6.68352
5.89100,6.68452
5.89200,6.68552
5.89300,6.68652
5.89400,6.68752
5.89500,6.68852
5.89600,6.68952
5.89700,6.69052
5.89800,6.69152
5.89900,6.69252
5.90000,6.69352
5.90100,6.69452
5.90200,6.69552
5.90300,6.69652
5.90400,6.69752
5.90500,6.69852
5.90600,6.69952
5.90700,6.70052
5.90800,6.70152
5.90900,6.70252
5.91000,6.70352
5.91100,6.70452
5.91200,6.70552
5.91300,6.70652
5.91400,6.70752
5.91500,6.70852
5.91600,6.70952
5.91700,6.71052
5.91800,6.71152
5.91900,6.71252
5.92000,6.71352
5.92100,6.71452
5.92200,6.71552
5.92300,6.71652
5.92400,6.71752
5.92500,6.71852
5.92600,6.71952
5.92700,6.72052
5.92800,6.72152
5.92900,6.72252
5.93000,6.72352
5.93100,6.72452
5.93200,6.72552
5.93300,6.72652
5.93400,6.72752
5.93500,6.72852
5.93600,6.72952
5.93700,6.73052
5.93800,6.73152
5.93900,6.73252
5.94000,6.73352
5.94100,6.73452
5.94200,6.73552
5.94300,6.73652
5.94400,6.73752
5.94500,6.73852
5.94600,6.73952
5.94700,6.74052
5.94800,6.74152
5.94900,6.74252
5.95000,6.74352
5.95100,6.74452
5.95200,6.74552
5.95300,6.74652
5.95400,6.74752
5.95500,6.74852
5.95600,6.74952
5.95700,6.75052
5.95800,6.75152
5.95900,6.75252
5.96000,6.75352
5.96100,6.75452
5.96200,6.75552
5.96300,6.75652
5.96400,6.75752
5.96500,6.75852
5.96600,6.75952
5.96700,6.76052
5.96800,6.76152
5.96900,6.76252
5.97000,6.76352
5.97100,6.76452
5.97200,6.76552
5.97300,6.76652
5.97400,6.76752
5.97500,6.76852
5.97600,6.76952
5.97700,6.77052
5.97800,6.77152
5.97900,6.77252
5.98000,6.77352
5.98100,6.77452
5.98200,6.77552
5.98300,6.77652
5.98400,6.77752
5.98500,6.77852
5.98600,6.77952
5.98700,6.78052
5.98800,6.78152
5.98900,6.78252
5.99100,6.78352
5.99200,6.78452
5.99300,6.78552
5.99400,6.78652
5.99500,6.78752
5.99600,6.78852
5.99700,6.78952
5.99800,6.79052
5.99900,6.79152
6.00000,6.79252
6.00100,6.79352
6.00200,6.79452
6.00300,6.79552
6.00400,6.79652
6.00500,6.79752
6.00600,6.79852
6.00700,6.79952
6.00800,6.80052
6.00900,6.80152
6.01000,6.80252
6.01100,6.80352
6.01200,6.80452
6.01300,6.80552
6.01400,6.80652
6.01500,6.80752
6.01600,6.80852
6.01700,6.80952
6.01800,6.81052
6.01900,6.81152
6.02000,6.81252
6.02100,6.81352
6.02200,6.81452
6.02300,6.81552
6.02400,6.81652
6.02500,6.81752
6.02600,6.81852
6.02700,6.81952
6.02800,6.82052
6.02900,6.82152
6.03000,6.82252
6.03100,6.82352
6.03200,6.82452
6.03300,6.82552
6.03400,6.82652
6.03500,6.82752
6.03600,6.82852
6.03700,6.82952
6.03800,6.83052
6.03900,6.83152
6.04000,6.83252
6.04100,6.83352
6.04200,6.83452
6.04300,6.83552
6.04400,6.83652
6.04500,6.83752
6.04600,6.83852
6.04700,6.83952
6.04800,6.84052
6.04900,6.84152
6.05000,6.84252
6.05100,6.84352
6.05200,6.84452
6.05300,6.84552
6.05400,6.84652
6.05500,6.84752
6.05600,6.84852
6.05700,6.84952
6.05800,6.85052
6.05900,6.85152
6.06000,6.85252
6.06100,6.85352
6.06200,6.85452
6.06300,6.85552
6.06400,6.85652
6.06500,6.85752
6.06600,6.85852
6.06700,6.85952
6.06800,6.86052
6.06900,6.86152
6.07000,6.86252
6.07100,6.86352
6.07200,6.86452
6.07300,6.86552
6.07400,6.86652
6.07500,6.86752
6.07600,6.86852
6.07700,6.86952
6.07800,6.87052
6.07900,6.87152
6.08000,6.87252
6.08100,6.87352
6.08200,6.87452
6.08300,6.87552
6.08400,6.87652
6.08500,6.87752
6.08600,6.87852
6.08700,6.87952
6.08800,6.88052
6.08900,6.88152
6.09000,6.88252
6.09100,6.88352
6.10900,6.88452
6.11200,6.88552
6.11400,6.88652
6.11500,6.88752
6.11600,6.88852
6.11700,6.88952
6.11800,6.89052
6.11900,6.89152
6.12000,6.89252
6.12100,6.89352
6.12200,6.89452
6.12300,6.89552
6.12400,6.89652
6.12500,6.89752
6.12600,6.89852
6.12700,6.89952
6.12800,6.90052
6.12900,6.90152
6.13000,6.90252
6.13100,6.90352
6.13200,6.90452
6.13300,6.90552
6.13400,6.90652
6.13500,6.90752
6.13600,6.90852
6.13700,6.90952
6.13800,6.91052
6.13900,6.91152
6.14000,6.91252
6.14100,6.91352
6.14200,6.91452
6.14300,6.91552
6.14400,6.91652
6.14800,6.91752
6.14900,6.91852
6.15000,6.91952
6.16300,6.92052
6.16400,6.92152
6.16500,6.92252
6.16600,6.92352
6.16700,6.92452
6.16800,6.92552
6.16900,6.92652
6.17000,6.92752
6.17200,6.92852
6.17300,6.92952
6.17400,6.93052
6.17500,6.93152
6.17600,6.93252
6.17700,6.93352
6.17800,6.93452
6.17900,6.93552
6.18000,6.93652
6.18100,6.93752
6.18200,6.93852
6.18300,6.93952
6.18400,6.94052
6.18500,6.94152
6.18600,6.94252
6.18700,6.94352
6.18800,6.94452
6.18900,6.94552
6.22600,6.94652
6.22700,6.94752
6.22800,6.94852
6.22900,6.94952
6.23000,6.95052
6.23100,6.95152
6.23300,6.95252
6.23600,6.95352
6.23700,6.95452
6.23900,6.95552
6.24300,6.95652
6.24400,6.95752
6.24500,6.95852
6.24600,6.95952
6.24700,6.96052
6.24800,6.96152
6.24900,6.96252
6.25000,6.96352
6.25100,6.96452
6.25200,6.96552
6.25300,6.96652
6.25400,6.96752
6.25500,6.96852
6.25600,6.96952
6.25700,6.97052
6.25800,6.97152
6.25900,6.97252
6.26000,6.97352
6.26100,6.97452
6.26600,6.97552
6.26700,6.97652
6.26800,6.97752
6.26900,6.97852
6.27000,6.97952
6.27300,6.98052
6.27400,6.98152
6.27500,6.98252
6.27600,6.98352
6.27700,6.98452
6.28000,6.98552
6.28100,6.98652
6.28200,6.98752
6.28300,6.98852
6.28400,6.98952
6.29000,6.99052
6.29100,6.99152
6.29200,6.99252
6.29300,6.99352
6.29400,6.99452
6.29500,6.99552
6.30500,6.99652
6.30600,6.99752
6.30700,6.99852
6.30800,6.99952
6.30900,7.00052
6.31000,7.00152
6.31200,7.00252
6.31300,7.00352
6.31500,7.00452
6.31600,7.00552
6.31700,7.00652
6.32000,7.00752
6.32100,7.00852
6.32200,7.00952
6.32500,7.01052
6.32600,7.01152
6.32700,7.01252
6.32800,7.01352
6.32900,7.01452
6.33000,7.01552
6.33100,7.01652
6.33200,7.01752
6.33300,7.01852
6.33400,7.01952
6.33500,7.02052
6.33600,7.02152
6.33700,7.02252
6.33800,7.02352
6.34000,7.02452
6.34100,7.02552
6.34200,7.02652
6.34300,7.02752
6.34400,7.02852
6.34500,7.02952
6.34600,7.03052
6.34700,7.03152
6.34800,7.03252
6.34900,7.03352
6.35000,7.03452
6.35100,7.03552
6.35200,7.03652
6.35400,7.03752
6.35500,7.03852
6.35700,7.03952
6.35800,7.04052
6.35900,7.04152
6.36000,7.04252
6.36100,7.04352
6.36600,7.04452
6.36700,7.04552
6.36800,7.04652
6.36900,7.04752
6.37000,7.04852
6.37100,7.04952
6.37200,7.05052
6.37300,7.05152
6.37400,7.05252
6.37500,7.05352
6.37600,7.05452
6.37700,7.05552
6.37800,7.05652
6.37900,7.05752
6.38000,7.05852
6.38100,7.05952
6.38200,7.06052
6.38300,7.06152
6.38400,7.06252
6.38500,7.06352
6.38600,7.06452
6.38700,7.06552
6.38800,7.06652
6.38900,7.06752
6.39000,7.06852
6.39100,7.06952
6.39200,7.07052
6.39300,7.07152
6.39400,7.07252
6.39500,7.07352
6.39600,7.07452
6.39700,7.07552
6.39800,7.07652
6.39900,7.07752
6.40000,7.07852
6.40100,7.07952
6.40200,7.08052
6.40300,7.08152
6.40400,7.08252
6.40500,7.08352
6.40600,7.08452
6.40700,7.08552
6.40800,7.08652
6.40900,7.08752
6.41000,7.08852
6.41100,7.08952
6.41200,7.09052
6.41300,7.09152
6.41400,7.09252
6.41500,7.09352
6.41600,7.09452
6.41700,7.09552
6.41800,7.13752
6.41900,7.13852
6.42000,7.13952
6.42100,7.14052
6.42200,7.14152
6.42300,7.14352
6.42400,7.14452
6.42500,7.14552
6.42600,7.14652
6.42700,7.15952
6.42800,7.20052
6.42900,7.20152
6.43000,7.20252
6.43100,7.20352
6.43200,7.20452
6.43300,7.20552
6.43400,7.20652
6.43500,7.20752
6.43600,7.20852
6.43700,7.20952
6.43800,7.21052
6.43900,7.21152
6.44000,7.21252
6.44100,7.21352
6.44200,7.21452
6.44300,7.21552
6.44400,7.21652
6.44500,7.21752
6.44600,7.21852
6.44700,7.21952
6.44800,7.22052
6.44900,7.22152
6.45000,7.22252
6.45100,7.22352
6.45200,7.22452
6.45300,7.22552
6.45400,7.22652
6.45500,7.22752
6.45600,7.22852
6.45700,7.22952
6.45800,7.23052
6.45900,7.23152
6.46000,7.23252
6.46100,7.23352
6.46200,7.23452
6.46300,7.23552
6.46400,7.23652
6.46500,7.23752
6.46600,7.23852
6.46700,7.23952
6.46800,7.24052
6.46900,7.24152
6.47000,7.24252
6.47100,7.24352
6.47200,7.24452
6.47300,7.24552
6.47400,7.24652
6.47500,7.24752
6.47600,7.24852
6.47700,7.24952
6.47800,7.25052
6.47900,7.25152
6.48000,7.25252
6.48100,7.25352
6.48200,7.25452
6.48300,7.25552
6.48400,7.25652
6.48500,7.25752
6.48600,7.25852
6.48700,7.25952
6.48800,7.26052
6.48900,7.26152
6.49000,7.26252
6.49100,7.26352
6.49200,7.26452
6.49300,7.26552
6.49400,7.26652
6.49500,7.26752
6.49600,7.26852
6.49700,7.26952
6.49800,7.27052
6.49900,7.27152
6.50000,7.27252
6.50100,7.27352
6.50200,7.27452
6.50300,7.27552
6.50400,7.27652
6.50500,7.27752
6.50600,7.27852
6.50700,7.27952
6.50800,7.28052
6.51000,7.28152
6.51100,7.28252
6.51300,7.28352
6.51400,7.28452
6.51500,7.28552
6.52000,7.28652
6.52100,7.28752
6.52200,7.28852
6.52500,7.28952
6.52700,7.29052
6.52800,7.29152
6.52900,7.29252
6.53000,7.29352
6.53100,7.29452
6.53200,7.29552
6.53300,7.29652
6.53400,7.29752
6.53500,7.29852
6.53600,7.29952
6.53700,7.30052
6.53900,7.30152
6.54000,7.30252
6.54100,7.30352
6.54200,7.30452
6.54300,7.30552
6.54400,7.30652
6.54500,7.30752
6.54600,7.30852
6.54700,7.30952
6.54800,7.31052
6.54900,7.31152
6.55000,7.31252
6.55100,7.31352
6.55200,7.31452
6.55300,7.31552
6.55400,7.31652
6.55500,7.31752
6.55600,7.31852
6.55700,7.31952
6.55800,7.32052
6.55900,7.32152
6.56000,7.32252
6.56100,7.32352
6.56200,7.32452
6.56300,7.32552
6.56400,7.32652
6.56500,7.32752
6.56600,7.32852
6.56700,7.32952
6.56800,7.33052
6.56900,7.33152
6.57000,7.33252
6.57100,7.33352
6.57200,7.33452
6.57300,7.33552
6.57400,7.33652
6.57500,7.33752
6.57600,7.33852
6.57700,7.33952
6.57800,7.34052
6.57900,7.34152
6.58000,7.34252
6.58100,7.34352
6.58200,7.34452
6.58300,7.34552
6.58400,7.34652
6.58500,7.34752
6.58600,7.34852
6.58700,7.34952
6.58800,7.35052
6.58900,7.35152
6.59000,7.35252
6.59100,7.35352
6.59200,7.35452
6.59300,7.35552
6.59400,7.35652
6.59500,7.35752
6.59600,7.35852
6.59700,7.35952
6.59800,7.36052
6.59900,7.36152
6.60000,7.36252
6.60100,7.36352
6.60200,7.36452
6.60300,7.36552
6.60400,7.36652
6.60500,7.36752
6.60600,7.36852
6.60700,7.36952
6.60800,7.37052
6.60900,7.37152
6.61000,7.37252
6.61100,7.37352
6.61200,7.37452
6.61300,7.37552
6.61400,7.37652
6.61500,7.37752
6.61600,7.37852
6.61700,7.37952
6.61800,7.38052
6.61900,7.38152
6.62000,7.38252
6.62100,7.38352
6.62200,7.38452
6.62300,7.38552
6.62400,7.38652
6.62500,7.38752
6.62600,7.38852
6.62700,7.38952
6.62800,7.39052
6.62900,7.39152
6.63000,7.39252
6.63100,7.39352
6.63200,7.39452
6.63300,7.39552
6.63400,7.43652
6.63500,7.43752
6.63600,7.43852
6.63700,7.43952
6.63800,7.44052
6.63900,7.44152
6.64000,7.44252
6.64100,7.44352
6.64200,7.44452
6.64300,7.44552
6.64400,7.44652
6.64500,7.44752
6.64600,7.44852
6.64700,7.45152
6.64800,7.45252
6.64900,7.45352
6.65000,7.45452
6.65100,7.45552
6.65200,7.45652
6.65300,7.45752
6.65400,7.45852
6.65500,7.45952
6.65600,7.46052
6.65700,7.46152
6.65800,7.46252
6.65900,7.46352
6.66000,7.46452
6.66100,7.46552
6.66200,7.46652
6.66300,7.46752
6.66400,7.46852
6.66500,7.46952
6.66600,7.47052
6.66700,7.47152
6.66800,7.47252
6.66900,7.47352
6.67000,7.47452
6.67100,7.47552
6.67200,7.47652
6.67300,7.47752
6.67400,7.47852
6.67500,7.47952
6.67600,7.48052
6.67700,7.48152
6.67800,7.48252
6.67900,7.48352
6.68000,7.48452
6.68100,7.48552
6.68200,7.48652
6.68300,7.48752
6.68400,7.48852
6.68500,7.48952
6.68600,7.49052
6.68700,7.49152
6.68800,7.49252
6.68900,7.49352
6.69000,7.49452
6.69100,7.49552
6.69200,7.49652
6.69300,7.49752
6.69400,7.49852
6.69500,7.49952
6.69600,7.50052
6.69700,7.50152
6.69800,7.50252
6.69900,7.50352
6.70000,7.50452
6.70100,7.50552
6.70200,7.50652
6.70300,7.50752
6.70400,7.50852
6.70500,7.50952
6.70600,7.51052
6.70700,7.51152
6.70800,7.51252
6.70900,7.51352
6.71000,7.51452
6.71100,7.51552
6.71200,7.51652
6.71300,7.51752
6.71400,7.51852
6.71500,7.51952
6.71600,7.52052
6.71700,7.52152
6.71800,7.52252
6.71900,7.52352
6.72000,7.52452
6.72100,7.52552
6.72200,7.52652
6.72300,7.52752
6.72400,7.52852
6.72500,7.52952
6.72600,7.53052
6.72700,7.53152
6.72800,7.53252
6.73100,7.53352
6.73400,7.53452
6.73500,7.53552
6.73700,7.53652
6.73800,7.53752
6.73900,7.53852
6.74000,7.53952
6.74100,7.54052
6.74200,7.54152
6.74300,7.54252
6.74400,7.54352
6.74500,7.54452
6.74600,7.54552
6.74700,7.54652
6.74800,7.54752
6.74900,7.54852
6.75000,7.54952
6.75100,7.55052
6.75200,7.55152
6.75300,7.55252
6.75400,7.55352
6.75500,7.55452
6.75600,7.55552
6.75700,7.55652
6.75800,7.55752
6.75900,7.55852
6.76000,7.55952
6.76100,7.56052
6.76200,7.56152
6.76300,7.56252
6.76400,7.56352
6.76500,7.56452
6.76600,7.56552
6.76700,7.56652
6.76800,7.56752
6.76900,7.56852
6.77000,7.56952
6.77100,7.57052
6.77200,7.57152
6.77300,7.57252
6.77400,7.57352
6.77500,7.57452
6.77600,7.57552
6.77700,7.57652
6.77800,7.57752
6.77900,7.57852
6.78000,7.57952
6.78100,7.58052
6.78200,7.58152
6.78300,7.58252
6.78400,7.58352
6.78500,7.58452
6.78600,7.58552
6.78700,7.58652
6.78800,7.58752
6.78900,7.58852
6.79000,7.58952
6.79100,7.59052
6.79200,7.59152
6.79300,7.59252
6.79400,7.59352
6.79500,7.59452
6.79600,7.59552
6.79700,7.59652
6.79800,7.59752
6.79900,7.59852
6.80000,7.59952
6.80100,7.60052
6.80200,7.60152
6.80300,7.60252
6.80400,7.60352
6.80500,7.60452
6.80600,7.60552
6.80700,7.60652
6.80800,7.60752
6.80900,7.60852
6.81000,7.60952
6.81100,7.61052
6.81200,7.61152
6.81300,7.61252
6.81400,7.61352
6.84800,7.61452
6.84900,7.61552
6.85000,7.61652
6.85100,7.61752
6.85200,7.61852
6.85300,7.61952
6.86000,7.62052
6.86100,7.62152
6.86300,7.62252
6.86400,7.62352
6.86600,7.62452
6.86700,7.62552
6.86800,7.62652
6.86900,7.62752
6.87000,7.62852
6.87100,7.62952
6.87200,7.63052
6.87300,7.63152
6.87400,7.63252
6.87500,7.63352
6.87600,7.63452
6.87700,7.63552
6.87800,7.63652
6.87900,7.63752
6.88000,7.63852
6.88100,7.63952
6.88200,7.64052
6.88300,7.64152
6.88400,7.64252
6.88500,7.64352
6.88600,7.64452
6.88700,7.64552
6.88800,7.64652
6.88900,7.64752
6.89000,7.64852
6.89100,7.64952
6.89200,7.65052
6.89300,7.65152
6.89400,7.65252
6.89500,7.65352
6.89600,7.65452
6.89700,7.65552
6.89800,7.65652
6.89900,7.65752
6.90000,7.65852
6.90100,7.65952
6.90200,7.66052
6.90300,7.66152
6.90400,7.66252
6.90500,7.66352
6.90600,7.66452
6.90700,7.66552
6.90800,7.66652
6.90900,7.66752
6.91000,7.66852
6.91100,7.66952
6.91200,7.67052
6.91300,7.67152
6.91400,7.69652
6.91500,7.70352
6.91600,7.70452
6.91700,7.70552
6.91800,7.70652
6.91900,7.70752
6.92000,7.70852
6.92100,7.70952
6.92200,7.71052
6.92300,7.71152
6.92400,7.71252
6.92500,7.71352
6.92600,7.71452
6.92700,7.71552
6.92800,7.71652
6.92900,7.71752
6.93000,7.71852
6.93100,7.71952
6.93200,7.72052
6.93300,7.72152
6.93400,7.74952
6.93500,7.75052
6.93600,7.75152
6.93700,7.75252
6.93800,7.75352
6.93900,7.75452
6.94000,7.75552
6.94100,7.75652
6.94200,7.75752
6.94300,7.75852
6.94400,7.75952
6.94500,7.76052
6.94600,7.76152
6.94700,7.76252
6.94800,7.76352
6.94900,7.76452
6.95000,7.76552
6.95100,7.76652
6.95200,7.76752
6.95300,7.76852
6.95400,7.76952
6.95500,7.77052
6.95600,7.77152
6.95700,7.77252
6.95800,7.77352
6.95900,7.77452
6.96000,7.77552
6.96100,7.77652
6.96200,7.77752
6.96300,7.77852
6.96400,7.77952
6.96500,7.78052
6.96600,7.78152
6.96700,7.78252
6.96800,7.78352
6.96900,7.78452
6.97000,7.78552
6.97100,7.78652
6.97200,7.78752
6.97300,7.78852
6.97400,7.78952
6.97500,7.79052
6.97600,7.79152
6.97700,7.79252
6.97800,7.79352
6.97900,7.79452
6.98000,7.79552
6.98100,7.79652
6.98200,7.79752
6.98300,7.79852
6.98400,7.79952
6.98500,7.80052
6.98600,7.80152
6.98700,7.80252
6.98800,7.80352
6.98900,7.80452
6.99000,7.80552
6.99100,7.80652
6.99200,7.80752
6.99300,7.80852
6.99400,7.80952
6.99500,7.81052
6.99600,7.81152
6.99700,7.81252
6.99800,7.81352
6.99900,7.81452
7.00000,7.81552
7.00100,7.81652
7.00200,7.81752
7.00300,7.81852
7.00400,7.81952
7.00500,7.82052
7.00600,7.82152
7.00700,7.82252
7.00800,7.82352
7.00900,7.82452
7.01000,7.82552
7.01100,7.82652
7.01200,7.82752
7.01300,7.82852
7.01400,7.82952
7.01500,7.83052
7.01600,7.83152
7.01700,7.83252
7.01800,7.83352
7.01900,7.83452
7.02000,7.83552
7.02100,7.83652
7.02200,7.83752
7.02300,7.83852
7.02400,7.83952
7.03100,7.84052
7.03200,7.84152
7.03300,7.84252
7.03400,7.84352
7.03500,7.84452
7.03600,7.84552
7.03700,7.84652
7.03800,7.84752
7.03900,7.84852
7.04000,7.84952
7.04100,7.85052
7.04800,7.85152
7.04900,7.85252
7.05000,7.85352
7.05100,7.85452
7.05200,7.85552
7.05300,7.85652
7.05400,7.85752
7.05500,7.85852
7.05600,7.85952
7.05700,7.86052
7.05800,7.86152
7.05900,7.86252
7.06000,7.86352
7.06100,7.86452
7.06200,7.86552
7.06300,7.86652
7.06400,7.86752
7.06500,7.86852
7.06600,7.86952
7.06700,7.87052
7.06800,7.87152
7.06900,7.87252
7.07000,7.87352
7.07100,7.87452
7.07200,7.87552
7.07300,7.87652
7.07500,7.87752
7.08700,7.87852
7.08800,7.87952
7.08900,7.88052
7.09000,7.88152
7.09100,7.88252
7.09200,7.88352
7.09300,7.88452
7.09400,7.88552
7.09500,7.88652
7.09600,7.88752
7.09700,7.88852
7.09800,7.88952
7.09900,7.89052
7.10000,7.89152
7.10200,7.89252
7.10300,7.89352
7.10400,7.89452
7.11800,7.89552
7.11900,7.89652
7.12200,7.89752
7.12300,7.89852
7.12400,7.89952
7.12500,7.90052
7.12600,7.90152
7.12700,7.90252
7.12800,7.90352
7.12900,7.90452
7.13000,7.90552
7.13100,7.90652
7.13200,7.90752
7.13300,7.90852
7.13400,7.90952
7.13500,7.91052
7.13600,7.91152
7.13700,7.91252
7.13800,7.91352
7.13900,7.91452
7.14000,7.91552
7.14100,7.91652
7.14200,7.91752
7.14300,7.91852
7.14400,7.91952
7.14500,7.92052
7.14600,7.92152
7.14700,7.92252
7.14800,7.92352
7.14900,7.92452
7.15000,7.92552
7.15100,7.92652
7.15200,7.92752
7.15300,7.92852
7.15400,7.92952
7.15500,7.93052
7.15600,7.93152
7.15700,7.93252
7.15800,7.93352
7.15900,7.93452
7.16000,7.93552
7.16100,7.93652
7.16200,7.93752
7.16300,7.93852
7.16400,7.93952
7.16500,7.94052
7.16600,7.94152
7.16700,7.94252
7.16900,7.94352
7.17400,7.94452
7.17500,7.94552
7.17600,7.94652
7.17700,7.94752
7.17800,7.94852
7.17900,7.94952
7.18000,7.95052
7.18100,7.95152
7.18200,7.95252
7.18300,7.95352
7.18400,7.95452
7.18500,7.95552
7.18600,7.95652
7.18700,7.95752
7.18800,7.95852
7.18900,7.95952
7.19000,7.96052
7.19100,7.96152
7.19200,7.96252
7.19300,7.96352
7.19400,7.96452
7.19500,7.96552
7.19600,7.96652
7.19700,7.96752
7.19800,7.96852
7.19900,7.96952
7.20000,7.97052
7.20100,7.97152
7.20200,7.97252
7.20300,7.97352
7.20400,7.97452
7.20500,7.97552
7.20600,7.97652
7.20700,7.97752
7.20800,7.97852
7.20900,7.97952
7.21000,7.98052
7.21100,7.98152
7.21200,7.98252
7.21300,7.98352
7.21400,7.98452
7.21500,7.98552
7.21600,7.98652
7.21700,7.98752
7.21800,7.98852
7.21900,7.98952
7.22000,7.99052
7.22100,7.99152
7.22200,7.99252
7.22300,7.99352
7.22400,7.99452
7.22500,7.99552
7.22600,7.99652
7.22700,7.99752
7.22800,7.99852
7.22900,7.99952
7.23000,8.00052
7.23100,8.00152
7.23200,8.00252
7.23300,8.00352
7.23400,8.00452
7.23500,8.00552
7.23600,8.00652
7.23700,8.00752
7.23800,8.00852
7.23900,8.00952
7.24000,8.01052
7.24100,8.01152
7.24200,8.01252
7.24300,8.01352
7.24400,8.01452
7.24500,8.01552
7.24600,8.01652
7.24700,8.01752
7.24800,8.01852
7.24900,8.01952
7.25000,8.02052
7.25100,8.02152
7.25200,8.02252
7.25300,8.02352
7.25400,8.02452
7.25500,8.02552
7.25600,8.02652
7.25700,8.02752
7.25800,8.02852
7.25900,8.02952
7.26000,8.03052
7.26100,8.03152
7.26200,8.03252
7.26300,8.03352
7.26400,8.03452
7.26500,8.03552
7.26600,8.03652
7.26700,8.03752
7.26800,8.03852
7.26900,8.03952
7.27000,8.04052
7.27100,8.04152
7.27200,8.04252
7.27300,8.04352
7.27400,8.04452
7.27500,8.04552
7.27600,8.04652
7.27700,8.04752
7.27800,8.04852
7.27900,8.05152
7.28000,8.05352
7.28100,8.05652
7.28200,8.05752
7.28300,8.05852
7.28400,8.05952
7.28500,8.06052
7.28600,8.06552
7.28700,8.06652
7.28800,8.06752
7.28900,8.07752
7.29000,8.07852
7.29100,8.07952
7.29200,8.08152
7.29300,8.08252
7.29400,8.08352
7.29500,8.08452
7.29600,8.08552
7.29700,8.08652
7.29800,8.08752
7.29900,8.08852
7.30000,8.08952
7.30100,8.09052
7.30200,8.09152
7.30300,8.09252
7.30400,8.09352
7.30500,8.09452
7.30600,8.09552
7.30700,8.09652
7.30800,8.09752
7.30900,8.09852
7.31000,8.09952
7.31100,8.10052
7.31200,8.10152
7.31300,8.10252
7.31400,8.10352
7.31500,8.10452
7.31600,8.10552
7.31700,8.10652
7.31800,8.10752
7.31900,8.10852
7.32000,8.10952
7.32100,8.11052
7.32200,8.11252
7.32300,8.11352
7.32400,8.11452
7.32500,8.11552
7.32600,8.11652
7.32700,8.11752
7.32800,8.11852
7.32900,8.11952
7.33000,8.12052
7.33100,8.12152
7.33200,8.12252
7.33300,8.12352
7.33400,8.12452
7.33500,8.12552
7.33600,8.12652
7.33700,8.12752
7.33800,8.12852
7.33900,8.12952
7.34000,8.13052
7.34100,8.13152
7.34200,8.13252
7.34300,8.13352
7.34400,8.13452
7.34500,8.13552
7.34600,8.13652
7.34700,8.13752
7.34800,8.13852
7.34900,8.13952
7.35000,8.14052
7.35100,8.14152
7.35200,8.14252
7.35300,8.14352
7.35400,8.14452
7.35500,8.14552
7.35600,8.14652
7.35700,8.14752
7.35800,8.14852
7.35900,8.14952
7.36000,8.15052
7.36100,8.15152
7.36200,8.15252
7.36300,8.15352
7.36400,8.15452
7.36500,8.15552
7.36600,8.15652
7.36700,8.15752
7.36800,8.15852
7.36900,8.15952
7.37000,8.16052
7.37100,8.16152
7.37200,8.16252
7.37300,8.16352
7.37400,8.16452
7.37500,8.16552
7.37600,8.16652
7.37700,8.16752
7.37800,8.16852
7.37900,8.16952
7.38000,8.17052
7.38100,8.17152
7.38200,8.17252
7.38300,8.17352
7.38400,8.17452
7.38500,8.17552
7.38600,8.17652
7.38700,8.17752
7.38800,8.17852
7.38900,8.17952
7.39000,8.18052
7.39100,8.18152
7.39200,8.18252
7.39300,8.18352
7.39400,8.18452
7.39500,8.18552
7.39600,8.18652
7.39700,8.18752
7.39800,8.18852
7.39900,8.18952
7.40000,8.19052
7.40100,8.19152
7.40200,8.19252
7.40300,8.19352
7.40400,8.19452
7.40500,8.19552
7.40600,8.19652
7.40700,8.19752
7.40800,8.19852
7.40900,8.19952
7.41000,8.20052
7.41100,8.20152
7.41200,8.20752
7.41300,8.20852
7.41400,8.20952
7.41500,8.21052
7.41600,8.21152
7.41700,8.21252
7.41800,8.21352
7.41900,8.21452
7.42000,8.21552
7.42100,8.21652
7.42200,8.21752
7.42300,8.21852
7.42400,8.21952
7.42500,8.22052
7.42600,8.22152
7.42700,8.22252
7.42800,8.22352
7.42900,8.22452
7.43000,8.22552
7.43100,8.22652
7.43200,8.22752
7.43300,8.22852
7.43400,8.22952
7.43500,8.23052
7.43600,8.23152
7.43700,8.23252
7.43800,8.23352
7.43900,8.23452
7.44000,8.23552
7.44100,8.23652
7.44200,8.23752
7.44300,8.23852
7.44400,8.23952
7.44500,8.24052
7.44600,8.24352
7.44700,8.24452
7.44800,8.24552
7.44900,8.24652
7.45000,8.24752
7.45100,8.24852
7.45200,8.24952
7.45300,8.25052
7.45400,8.25152
7.45500,8.25252
7.45600,8.25352
7.45700,8.25452
7.45800,8.25552
7.45900,8.25652
7.46000,8.25752
7.46100,8.25852
7.46200,8.25952
7.46300,8.26052
7.46400,8.26152
7.46500,8.26252
7.46600,8.26352
7.46700,8.26452
7.46800,8.26552
7.46900,8.26652
7.47000,8.26752
7.47100,8.26852
7.47200,8.26952
7.47300,8.27052
7.47400,8.27152
7.47500,8.27252
7.47600,8.27352
7.47700,8.27452
7.47800,8.27552
7.47900,8.27652
7.48000,8.27752
7.48100,8.27852
7.48200,8.28152
7.48300,8.28252
7.48400,8.28352
7.48500,8.28452
7.48600,8.28552
7.48700,8.28652
7.48800,8.28752
7.48900,8.28852
7.49000,8.28952
7.49100,8.29052
7.49200,8.29152
7.49300,8.29252
7.49400,8.29352
7.49500,8.29452
7.49600,8.29552
7.49700,8.29652
7.49800,8.29752
7.49900,8.29852
7.50000,8.29952
7.50100,8.30052
7.50200,8.30152
7.50300,8.30252
7.50400,8.30352
7.50500,8.30452
7.50600,8.30552
7.50700,8.30652
7.50800,8.30752
7.50900,8.30852
7.51000,8.30952
7.51100,8.31052
7.51200,8.31152
7.51300,8.31252
7.51400,8.31352
7.51500,8.31452
7.51600,8.31552
7.51700,8.31652
7.51800,8.31752
7.51900,8.31852
7.52000,8.31952
7.52100,8.32052
7.52200,8.32152
7.52300,8.32252
7.52400,8.32352
7.52500,8.32452
7.52600,8.32552
7.52700,8.32652
7.52800,8.32752
7.52900,8.32852
7.53000,8.32952
7.53100,8.33052
7.53200,8.33152
7.53300,8.33252
7.53400,8.33352
7.53500,8.33452
7.53600,8.33552
7.53700,8.33652
7.53800,8.33752
7.53900,8.33852
7.54000,8.33952
7.54100,8.34052
7.54200,8.34152
7.54300,8.34252
7.54400,8.34352
7.54500,8.34452
7.54600,8.34552
7.54700,8.34652
7.54800,8.34752
7.54900,8.34852
7.55000,8.34952
7.55100,8.35052
7.55200,8.35152
7.55300,8.35252
7.55400,8.35352
7.55500,8.35452
7.55600,8.35552
7.55700,8.35652
7.55800,8.35752
7.55900,8.35852
7.56000,8.35952
7.56100,8.36052
7.56200,8.36152
7.56300,8.36252
7.56400,8.36352
7.56500,8.36452
7.56600,8.36552
7.56700,8.36652
7.56800,8.36752
7.56900,8.36852
7.57000,8.36952
7.57100,8.37052
7.57200,8.37152
7.57300,8.37252
7.57400,8.37352
7.57500,8.37452
7.57600,8.37552
7.57700,8.37652
7.57800,8.37752
7.57900,8.37852
7.58000,8.37952
7.58100,8.38052
7.58200,8.38152
7.58300,8.38252
7.58400,8.38352
7.58500,8.38452
7.58600,8.38552
7.58700,8.38652
7.58800,8.38752
7.58900,8.38852
7.59000,8.38952
7.59100,8.39052
7.59200,8.39152
7.59300,8.39252
7.59400,8.39352
7.59500,8.39452
7.59600,8.39552
7.59700,8.39652
7.59800,8.39752
7.59900,8.39852
7.60000,8.39952
7.60100,8.40052
7.60200,8.40152
7.60300,8.40252
7.60400,8.40352
7.60500,8.40452
7.60600,8.40552
7.60700,8.40652
7.60800,8.40752
7.60900,8.40852
7.61000,8.40952
7.61100,8.41052
7.61200,8.41152
7.61300,8.41252
7.61400,8.41352
7.61500,8.41452
7.61600,8.41552
7.61700,8.41652
7.61800,8.41752
7.61900,8.41852
7.62000,8.41952
7.62100,8.42052
7.62200,8.42152
7.62300,8.42252
7.62400,8.42352
7.62500,8.42452
7.62600,8.42552
7.62700,8.42652
7.62800,8.42752
7.62900,8.42852
7.63000,8.42952
7.63100,8.43052
7.63200,8.43152
7.63300,8.43252
7.63400,8.43352
7.63500,8.43452
7.63600,8.43552
7.63700,8.43652
7.63800,8.43752
7.63900,8.43852
7.64000,8.43952
7.64100,8.44052
7.64200,8.44152
7.64300,8.44252
7.64400,8.44352
7.64500,8.44452
7.64600,8.44552
7.64700,8.44652
7.64800,8.44752
7.64900,8.44852
7.65000,8.44952
7.65100,8.45052
7.65200,8.45152
7.65300,8.45252
7.65400,8.45352
7.65500,8.45452
7.65600,8.45552
7.65700,8.45652
7.65800,8.45752
7.65900,8.45852
7.66000,8.45952
7.66100,8.46052
7.66200,8.46152
7.66300,8.46252
7.66400,8.46352
7.66500,8.46452
7.66600,8.46552
7.66700,8.46652
7.66800,8.46752
7.66900,8.46852
7.67000,8.46952
7.67100,8.47052
7.67200,8.47152
7.67300,8.47252
7.67400,8.47352
7.67500,8.47452
7.67600,8.47552
7.67700,8.47652
7.67800,8.47752
7.67900,8.47852
7.68000,8.47952
7.68100,8.48052
7.68200,8.48152
7.68300,8.48252
7.68400,8.48352
7.68500,8.48452
7.68600,8.48552
7.68700,8.48652
7.68800,8.48752
7.68900,8.48852
7.69000,8.48952
7.69100,8.49052
7.69200,8.49152
7.69300,8.49252
7.70300,8.49352
7.70400,8.49452
7.70500,8.49552
7.71100,8.49652
7.71200,8.49752
7.71300,8.49852
7.71400,8.49952
7.71500,8.50052
7.71600,8.50152
7.71700,8.50252
7.71800,8.50352
7.71900,8.50452
7.72000,8.50552
7.72100,8.50652
7.72200,8.50752
7.72300,8.50852
7.72400,8.50952
7.72500,8.51052
7.72600,8.51152
7.72700,8.51252
7.72800,8.51352
7.72900,8.51452
7.73000,8.51552
7.73100,8.51652
7.73200,8.51752
7.73300,8.51852
7.73400,8.51952
7.73500,8.52052
7.73600,8.52152
7.73700,8.52252
7.73800,8.52352
7.73900,8.52452
7.74000,8.52552
7.74100,8.52652
7.74200,8.52752
7.74300,8.52852
7.74400,8.52952
7.74500,8.53052
7.74600,8.53152
7.74700,8.53252
7.74800,8.53352
7.74900,8.53452
7.75000,8.53552
7.75100,8.53652
7.75200,8.53752
7.75300,8.53852
7.75400,8.53952
7.75500,8.54052
7.75600,8.54152
7.75700,8.54252
7.75800,8.54352
7.75900,8.54452
7.76000,8.54552
7.76100,8.54652
7.76200,8.54752
7.76300,8.54852
7.76400,8.54952
7.76500,8.55052
7.76600,8.55152
7.76700,8.55252
7.76800,8.55352
7.76900,8.55452
7.77000,8.55552
7.77100,8.55652
7.77200,8.55752
7.77300,8.55852
7.77400,8.55952
7.77500,8.56052
7.77600,8.56152
7.77700,8.56252
7.77800,8.56352
7.77900,8.56452
7.78000,8.56552
7.78100,8.56652
7.78200,8.56752
7.78300,8.56852
7.78400,8.57052
7.78500,8.57152
7.78600,8.57252
7.78700,8.57352
7.78800,8.57452
7.78900,8.57552
7.79000,8.57652
7.79100,8.57752
7.79200,8.57852
7.79300,8.57952
7.79400,8.58052
7.79500,8.58152
7.79600,8.58252
7.79700,8.58352
7.79800,8.58452
7.79900,8.58552
7.80000,8.58652
7.80100,8.58752
7.80200,8.58852
7.80300,8.58952
7.80400,8.59052
7.80500,8.59152
7.80600,8.59252
7.80700,8.59352
7.80800,8.59452
7.80900,8.59552
7.81000,8.59652
7.81100,8.59752
7.81200,8.59852
7.81300,8.59952
7.81400,8.60052
7.81500,8.60152
7.81600,8.60252
7.81700,8.60352
7.81800,8.60452
7.81900,8.60552
7.82000,8.60652
7.82100,8.60752
7.82200,8.60852
7.82300,8.60952
7.82400,8.61052
7.82500,8.61152
7.82600,8.61252
7.82700,8.61352
7.82800,8.61452
7.82900,8.61552
7.83000,8.61652
7.83100,8.61752
7.83200,8.61852
7.83300,8.61952
7.83400,8.62052
7.83500,8.62152
7.83600,8.62252
7.83700,8.62352
7.83800,8.62452
7.83900,8.62552
7.84000,8.62652
7.84100,8.62752
7.84200,8.62952
7.84300,8.63052
7.84400,8.63152
7.84500,8.63252
7.84600,8.63352
7.84700,8.63452
7.84800,8.63552
7.84900,8.63652
7.85000,8.63752
7.85100,8.65152
7.85200,8.65252
7.85300,8.65352
7.85400,8.65452
7.85500,8.65552
7.85600,8.65652
7.85700,8.65752
7.85800,8.65852
7.85900,8.65952
7.86000,8.66052
7.86100,8.66152
7.86200,8.66252
7.86300,8.66352
7.86400,8.66452
7.86500,8.66552
7.86600,8.66652
7.86700,8.66752
7.86800,8.66852
7.86900,8.66952
7.87000,8.67052
7.87100,8.67152
7.87200,8.67252
7.87300,8.67352
7.87400,8.67452
7.87500,8.67552
7.87900,8.67652
7.88000,8.67752
7.88100,8.67852
7.88200,8.67952
7.88300,8.68052
7.88400,8.68152
7.88500,8.68252
7.88600,8.68352
7.88700,8.68452
7.88800,8.68552
7.88900,8.68652
7.89000,8.68752
7.89100,8.68852
7.89200,8.68952
7.89300,8.69052
7.89400,8.69152
7.89500,8.69252
7.89600,8.69352
7.89700,8.69452
7.89800,8.69552
7.89900,8.69652
7.90000,8.69752
7.90100,8.69852
7.90200,8.69952
7.90300,8.70052
7.90400,8.70152
7.90500,8.70252
7.90600,8.70352
7.90700,8.70452
7.90800,8.70552
7.90900,8.70652
7.91000,8.70752
7.91100,8.70852
7.91200,8.70952
7.91300,8.71052
7.91400,8.71152
7.91500,8.71252
7.91600,8.71352
7.91700,8.71452
7.91800,8.71552
7.91900,8.71652
7.92000,8.71752
7.92100,8.71852
7.92200,8.71952
7.92300,8.72052
7.92400,8.72152
7.92500,8.72252
7.92600,8.72352
7.92700,8.72452
7.92800,8.72552
7.92900,8.72652
7.93000,8.72752
7.93100,8.72852
7.93200,8.72952
7.93300,8.73052
7.93400,8.73152
7.93500,8.73252
7.93600,8.73352
7.93700,8.73452
7.93800,8.73552
7.93900,8.73652
7.94000,8.73752
7.94100,8.73852
7.94200,8.73952
7.94300,8.74052
7.94400,8.74152
7.94500,8.74252
7.94600,8.74352
7.94700,8.74452
7.94800,8.74552
7.94900,8.74652
7.95000,8.74752
7.95100,8.74852
7.95200,8.74952
7.95300,8.75052
7.95400,8.75152
7.95500,8.75252
7.95600,8.75652
7.95700,8.75752
7.95800,8.75852
7.95900,8.75952
7.96000,8.76052
7.96100,8.76152
7.96200,8.76252
7.96300,8.76352
7.96400,8.76452
7.96500,8.76552
7.96600,8.76652
7.96700,8.76752
7.96800,8.76852
7.96900,8.76952
7.97000,8.77052
7.97100,8.77152
7.97200,8.77252
7.97300,8.77352
7.97400,8.77452
7.97500,8.77552
7.97600,8.77652
7.97700,8.77752
7.97800,8.77852
7.97900,8.77952
7.98000,8.78052
7.98100,8.78152
7.98200,8.78252
7.98300,8.78352
7.98400,8.78452
7.98500,8.78552
7.98600,8.78652
7.98700,8.78752
7.98800,8.78852
7.98900,8.78952
7.99000,8.79052
7.99100,8.79152
7.99200,8.79252
7.99300,8.79352
7.99400,8.79452
7.99500,8.79552
7.99600,8.79652
7.99700,8.79752
7.99800,8.79852
7.99900,8.79952
8.00000,8.80052
8.00100,8.80152
8.00200,8.80252
8.00300,8.80352
8.00400,8.80452
8.00500,8.80552
8.00600,8.80652
8.00700,8.80752
8.00800,8.80852
8.00900,8.80952
8.01000,8.81052
8.01100,8.81152
8.01200,8.81252
8.01300,8.81352
8.01400,8.81452
8.01500,8.81552
8.01600,8.81652
8.01700,8.81752
8.01800,8.81852
8.01900,8.81952
8.02000,8.82052
8.02100,8.82152
8.02200,8.82252
8.02300,8.82352
8.02400,8.82452
8.02500,8.82552
8.02600,8.82652
8.02700,8.82752
8.02800,8.82852
8.02900,8.82952
8.03000,8.83052
8.03100,8.83152
8.03200,8.83252
8.03300,8.83352
8.03400,8.83452
8.03500,8.83552
8.03600,8.83652
8.03700,8.83752
8.03800,8.83852
8.03900,8.83952
8.04000,8.84052
8.04100,8.84152
8.04200,8.84252
8.04300,8.84352
8.04400,8.84452
8.04500,8.84552
8.04600,8.84652
8.04700,8.84752
8.04800,8.84852
8.04900,8.84952
8.05000,8.85052
8.05100,8.85152
8.05200,8.85252
8.05300,8.85352
8.05400,8.85452
8.05500,8.85552
8.05600,8.85652
8.05700,8.85752
8.05800,8.85852
8.05900,8.85952
8.06000,8.86052
8.06100,8.86152
8.06200,8.86252
8.06300,8.86352
8.06400,8.86452
8.06500,8.86552
8.06600,8.86652
8.06700,8.86752
8.06800,8.86852
8.06900,8.86952
8.07000,8.87052
8.07100,8.87152
8.07200,8.87252
8.07300,8.87352
8.07400,8.87452
8.07500,8.87552
8.07600,8.87652
8.07700,8.87752
8.07800,8.87852
8.07900,8.87952
8.08000,8.88052
8.08100,8.88152
8.08200,8.88252
8.08300,8.88352
8.08400,8.88452
8.08500,8.88552
8.08600,8.88652
8.08700,8.88752
8.08800,8.88852
8.08900,8.88952
8.09000,8.89052
8.09100,8.89152
8.09200,8.89252
8.09300,8.89352
8.09400,8.89452
8.09500,8.89552
8.09600,8.89652
8.09700,8.89752
8.09800,8.89852
8.09900,8.89952
8.10000,8.90052
8.10100,8.90152
8.10200,8.90252
8.10300,8.90352
8.10400,8.90452
8.10500,8.90552
8.10600,8.90652
8.10700,8.90752
8.10800,8.90852
8.10900,8.90952
8.11000,8.91052
8.11100,8.91152
8.11200,8.91252
8.11300,8.91352
8.11400,8.91452
8.11500,8.91552
8.11600,8.91652
8.11800,8.91752
8.11900,8.91852
8.12000,8.91952
8.12100,8.92052
8.12200,8.92152
8.12300,8.92252
8.12400,8.92352
8.12500,8.92452
8.12600,8.92552
8.12700,8.92652
8.12800,8.92752
8.12900,8.92852
8.13000,8.92952
8.13100,8.93052
8.13200,8.93152
8.13300,8.93252
8.13400,8.93352
8.13600,8.93452
8.13700,8.93552
8.13800,8.93652
8.13900,8.93752
8.14000,8.93852
8.14100,8.93952
8.14200,8.94052
8.14300,8.94152
8.14400,8.94252
8.14500,8.94352
8.14600,8.94452
8.14700,8.94552
8.14800,8.94652
8.14900,8.94752
8.15000,8.94852
8.15100,8.94952
8.15200,8.95052
8.15300,8.95152
8.15400,8.95252
8.15500,8.95352
8.15600,8.95452
8.15700,8.95552
8.15800,8.95652
8.15900,8.95752
8.16000,8.95852
8.16100,8.95952
8.16200,8.96052
8.16300,8.96152
8.16400,8.96252
8.16500,8.96352
8.16600,8.96452
8.16700,8.96552
8.16800,8.96652
8.16900,8.96752
8.17000,8.96852
8.17100,8.96952
8.17200,8.97052
8.17300,8.97152
8.17400,8.97252
8.17500,8.97352
8.17600,8.97452
8.17700,8.97552
8.17800,8.97652
8.17900,8.97752
8.18000,8.97852
8.18100,8.97952
8.18200,8.98052
8.18300,8.98152
8.18400,8.98252
8.18500,8.98352
8.18600,8.98452
8.18700,8.98552
8.18900,8.98652
8.19000,8.98752
8.19100,8.98852
8.19200,8.98952
8.19300,8.99052
8.19400,8.99152
8.19500,8.99252
8.19600,8.99352
8.19700,8.99452
8.19800,8.99552
8.19900,8.99652
8.20000,8.99752
8.20100,8.99852
8.20200,8.99952
8.20300,9.00052
8.20400,9.00152
8.20500,9.00252
8.20900,9.00352
8.21100,9.00452
8.21200,9.00552
8.21300,9.00652
8.21400,9.00752
8.21500,9.00852
8.21600,9.00952
8.21700,9.01052
8.21800,9.01152
8.21900,9.01252
8.22000,9.01352
8.22100,9.01452
8.22200,9.01552
8.22600,9.01652
8.22700,9.01752
8.23000,9.01852
8.23100,9.01952
8.23200,9.02052
8.23300,9.02152
8.23400,9.02252
8.23500,9.02352
8.23600,9.02452
8.23700,9.02552
8.23800,9.02652
8.23900,9.02752
8.24000,9.02852
8.24100,9.02952
8.24200,9.03052
8.24300,9.03152
8.24400,9.03252
8.24500,9.03352
8.24600,9.03452
8.24700,9.03552
8.24800,9.03652
8.24900,9.03752
8.25000,9.03852
8.25100,9.03952
8.25200,9.04052
8.25300,9.04152
8.25400,9.04252
8.25500,9.04352
8.25600,9.04452
8.25700,9.04552
8.25800,9.04652
8.25900,9.04752
8.26000,9.04852
8.26100,9.04952
8.26200,9.05052
8.26300,9.05152
8.26400,9.05252
8.26500,9.05352
8.26600,9.05452
8.26700,9.05552
8.26800,9.05652
8.26900,9.05752
8.27000,9.05852
8.27100,9.05952
8.27200,9.06052
8.27300,9.06152
8.27400,9.06252
8.27500,9.06352
8.27600,9.06452
8.27700,9.06552
8.27800,9.06652
8.27900,9.06752
8.28000,9.06852
8.28100,9.06952
8.28200,9.07052
8.28300,9.07152
8.28400,9.07252
8.28500,9.07352
8.28600,9.07452
8.28700,9.07552
8.28800,9.07652
8.28900,9.07752
8.29000,9.07852
8.29100,9.07952
8.29200,9.08052
8.29300,9.08152
8.29400,9.08252
8.29500,9.08352
8.29600,9.08452
8.29700,9.08552
8.29800,9.08652
8.29900,9.08752
8.30000,9.08852
8.30100,9.08952
8.30200,9.09052
8.30300,9.09152
8.30400,9.09252
8.30500,9.09352
8.30600,9.09452
8.30700,9.09552
8.30800,9.09652
8.30900,9.09752
8.31000,9.09852
8.31100,9.09952
8.31200,9.10052
8.31300,9.10152
8.31400,9.10252
8.31500,9.10352
8.31600,9.10452
8.31700,9.10552
8.31800,9.10652
8.31900,9.10752
8.32000,9.10852
8.32100,9.10952
8.32200,9.11052
8.32300,9.11152
8.32400,9.11252
8.32500,9.11352
8.32600,9.11452
8.32700,9.11552
8.32800,9.11652
8.32900,9.11752
8.33000,9.11852
8.33100,9.11952
8.33200,9.12052
8.33300,9.12152
8.33400,9.12252
8.33500,9.12352
8.33600,9.12452
8.33700,9.12552
8.33800,9.12652
8.33900,9.12752
8.34000,9.12852
8.34100,9.12952
8.34200,9.13052
8.34300,9.13152
8.34400,9.13252
8.34500,9.13352
8.34600,9.13452
8.34700,9.13552
8.34800,9.13652
8.34900,9.13752
8.35000,9.13852
8.35100,9.13952
8.35200,9.14052
8.35300,9.14152
8.35400,9.14252
8.35500,9.14352
8.35600,9.14452
8.35700,9.14552
8.35800,9.14652
8.35900,9.14752
8.36000,9.14852
8.36100,9.14952
8.36200,9.15052
8.36300,9.15152
8.36400,9.15252
8.36500,9.15352
8.36600,9.15452
8.36700,9.15552
8.36800,9.15652
8.36900,9.15752
8.37000,9.15852
8.37100,9.15952
8.37200,9.16052
8.37300,9.16152
8.37400,9.16252
8.37500,9.16352
8.37600,9.16452
8.37700,9.16552
8.37800,9.16652
8.37900,9.16752
8.38000,9.16852
8.38100,9.16952
8.38200,9.17052
8.38300,9.17152
8.38400,9.17252
8.38500,9.17352
8.38600,9.17452
8.38700,9.17552
8.38800,9.17652
8.38900,9.17752
8.39000,9.17852
8.39100,9.17952
8.39200,9.18052
8.39300,9.18152
8.39400,9.18252
8.39500,9.18352
8.39600,9.18452
8.39700,9.18552
8.39800,9.18652
8.39900,9.18752
8.40000,9.18852
8.40100,9.18952
8.40200,9.19052
8.40300,9.19152
8.40400,9.19252
8.40500,9.19352
8.40600,9.19452
8.40700,9.19552
8.40800,9.19652
8.40900,9.19752
8.41000,9.19852
8.41100,9.19952
8.41200,9.20052
8.41300,9.20152
8.41400,9.20252
8.41500,9.20352
8.41600,9.20452
8.41700,9.20552
8.41800,9.20652
8.41900,9.20752
8.42000,9.20852
8.42100,9.20952
8.42200,9.21052
8.42300,9.21152
8.42400,9.21252
8.42500,9.21352
8.42600,9.21452
8.42700,9.21552
8.42800,9.21652
8.42900,9.21752
8.43000,9.21852
8.43100,9.21952
8.43200,9.22052
8.43300,9.22152
8.43400,9.22252
8.43500,9.22352
8.43600,9.22452
8.43700,9.22552
8.43800,9.22652
8.43900,9.22752
8.44000,9.22852
8.44100,9.22952
8.44200,9.23052
8.44300,9.23152
8.44400,9.23252
8.44500,9.23352
8.44600,9.23452
8.44700,9.23552
8.44800,9.23652
8.44900,9.23752
8.45000,9.23852
8.45100,9.23952
8.45200,9.24052
8.45300,9.24152
8.45400,9.24252
8.45500,9.24352
8.45600,9.24452
8.45700,9.26152
8.45800,9.26252
8.45900,9.26352
8.46000,9.26452
8.46100,9.26552
8.46200,9.26652
8.46300,9.26752
8.46400,9.26852
8.46500,9.26952
8.46600,9.27052
8.46700,9.27152
8.46800,9.27252
8.46900,9.27352
8.47000,9.27452
8.47100,9.27552
8.47200,9.27652
8.47300,9.27752
8.47400,9.27852
8.47500,9.27952
8.47600,9.28152
8.47700,9.28252
8.47800,9.28352
8.47900,9.28452
8.48000,9.28552
8.48100,9.28652
8.48200,9.28752
8.48300,9.28852
8.48400,9.28952
8.48500,9.29052
8.48600,9.29152
8.48700,9.29252
8.48800,9.29352
8.48900,9.29452
8.49000,9.29552
8.49100,9.29652
8.49200,9.29752
8.49300,9.29852
8.49400,9.29952
8.49500,9.30052
8.49600,9.30252
8.49700,9.30352
8.49800,9.30452
8.49900,9.30552
8.50000,9.30652
8.50100,9.30752
8.50200,9.30852
8.50300,9.30952
8.50400,9.31052
8.50500,9.31152
8.50600,9.31252
8.50700,9.31352
8.50800,9.31452
8.50900,9.31552
8.51000,9.31652
8.51100,9.31752
8.51200,9.31852
8.51300,9.31952
8.51400,9.32052
8.51500,9.32152
8.51600,9.32252
8.51700,9.32352
8.51800,9.32452
8.51900,9.32552
8.52000,9.32652
8.52100,9.32752
8.52200,9.32852
8.52300,9.32952
8.52400,9.33052
8.52500,9.33152
8.52600,9.33252
8.52700,9.33352
8.52800,9.33452
8.52900,9.33552
8.53000,9.33652
8.53100,9.33752
8.53200,9.33852
8.53300,9.33952
8.53400,9.34052
8.53500,9.34152
8.53600,9.34252
8.53700,9.34352
8.53800,9.34452
8.53900,9.34552
8.54000,9.34652
8.54100,9.34752
8.54200,9.34852
8.54300,9.34952
8.54400,9.35052
8.54500,9.35152
8.54600,9.35252
8.54700,9.35352
8.54800,9.35452
8.54900,9.35552
8.55000,9.35652
8.55100,9.35752
8.55200,9.35852
8.55300,9.35952
8.55400,9.36052
8.55500,9.36152
8.55600,9.36252
8.55700,9.36352
8.55800,9.36452
8.55900,9.36552
8.56000,9.36652
8.56100,9.36752
8.56200,9.36852
8.56300,9.36952
8.56400,9.37052
8.56500,9.37152
8.56600,9.37252
8.56700,9.37352
8.56800,9.37452
8.56900,9.37552
8.57000,9.37652
8.57100,9.37752
8.57200,9.37852
8.57300,9.37952
8.57400,9.38052
8.57500,9.38152
8.57600,9.38252
8.57700,9.38352
8.57800,9.38452
8.57900,9.38552
8.58000,9.38652
8.58100,9.38752
8.58200,9.38852
8.58300,9.38952
8.58400,9.39052
8.58500,9.39152
8.58600,9.39252
8.58700,9.39352
8.58800,9.39452
8.58900,9.39552
8.59000,9.39652
8.59100,9.39752
8.59200,9.39852
8.59300,9.39952
8.59400,9.40052
8.59500,9.40152
8.59600,9.40252
8.59700,9.40352
8.59800,9.40452
8.59900,9.40552
8.60000,9.40652
8.60100,9.40752
8.60200,9.40852
8.60300,9.40952
8.60400,9.41052
8.60500,9.41152
8.60600,9.41252
8.60700,9.41352
8.60800,9.41452
8.60900,9.41552
8.61000,9.41652
8.61100,9.41752
8.61200,9.41852
8.61300,9.41952
8.61400,9.42052
8.61500,9.42152
8.62000,9.42252
8.62100,9.42352
8.62200,9.42452
8.62300,9.42552
8.62400,9.42652
8.62500,9.42752
8.62600,9.42852
8.62700,9.42952
8.62800,9.43052
8.62900,9.43152
8.63000,9.43252
8.63100,9.43352
8.63200,9.43452
8.63300,9.43552
8.63400,9.43652
8.63500,9.43752
8.63600,9.43852
8.63700,9.43952
8.63800,9.44052
8.63900,9.44152
8.64000,9.44252
8.64100,9.44352
8.64200,9.44452
8.64300,9.44552
8.64400,9.44652
8.64500,9.44752
8.64600,9.44852
8.64700,9.44952
8.64800,9.45052
8.64900,9.45152
8.65000,9.45252
8.65100,9.45352
8.65200,9.45452
8.65300,9.45552
8.65400,9.45652
8.65500,9.45752
8.65600,9.45852
8.65700,9.45952
8.65800,9.46052
8.65900,9.46152
8.66000,9.46252
8.66100,9.46352
8.66200,9.46452
8.66300,9.46552
8.66400,9.46652
8.66500,9.46752
8.66600,9.46852
8.66700,9.46952
8.66800,9.47052
8.66900,9.47152
8.67000,9.47252
8.67100,9.47352
8.67200,9.47452
8.67300,9.47552
8.67400,9.47652
8.67500,9.47752
8.67600,9.47852
8.67700,9.47952
8.67800,9.48052
8.67900,9.48152
8.68000,9.48252
8.68100,9.48352
8.68200,9.48452
8.68300,9.48552
8.68400,9.48652
8.68500,9.48752
8.68600,9.48852
8.68700,9.48952
8.68800,9.49052
8.68900,9.49152
8.69000,9.49252
8.69100,9.49352
8.69200,9.49452
8.69300,9.49552
8.69400,9.49652
8.69500,9.49752
8.69600,9.49852
8.69700,9.49952
8.69800,9.50052
8.69900,9.50152
8.70000,9.50252
8.70100,9.50352
8.70200,9.50452
8.70300,9.50552
8.70400,9.50652
8.70500,9.50752
8.70600,9.50852
8.70700,9.50952
8.70800,9.51052
8.70900,9.51152
8.71000,9.51252
8.71100,9.51352
8.71200,9.51452
8.71300,9.51552
8.71400,9.51652
8.71500,9.51752
8.71600,9.51852
8.71700,9.51952
8.75600,9.52052
8.75700,9.52152
8.75800,9.52252
8.75900,9.52352
8.76000,9.52452
8.76100,9.52552
8.76200,9.52652
8.76300,9.52752
8.76400,9.52852
8.76500,9.52952
8.76600,9.53052
8.76700,9.53152
8.76800,9.53252
8.76900,9.53352
8.77000,9.53452
8.77100,9.53552
8.77200,9.53652
8.77300,9.53752
8.77400,9.53852
8.77500,9.53952
8.77600,9.54052
8.77700,9.54152
8.77800,9.54252
8.77900,9.54352
8.78000,9.54452
8.78100,9.54552
8.78200,9.54652
8.78300,9.54752
8.78400,9.54852
8.78500,9.54952
8.78600,9.55052
8.78700,9.55152
8.78800,9.55252
8.78900,9.55352
8.79000,9.55452
8.79100,9.55552
8.79200,9.55652
8.79300,9.55752
8.79400,9.55852
8.79500,9.55952
8.79600,9.56052
8.79700,9.56152
8.79800,9.56252
8.79900,9.56352
8.80000,9.56452
8.80100,9.56552
8.80200,9.56652
8.80300,9.56752
8.80400,9.56852
8.80500,9.56952
8.80600,9.57052
8.80700,9.57152
8.80800,9.57252
8.80900,9.57352
8.81000,9.57452
8.81100,9.57552
8.81200,9.57652
8.81300,9.57752
8.81400,9.57852
8.81500,9.57952
8.81600,9.58052
8.81700,9.58152
8.81800,9.58252
8.81900,9.58352
8.82000,9.58452
8.82100,9.58552
8.82200,9.58652
8.82300,9.58752
8.82400,9.58852
8.82500,9.58952
8.82600,9.59052
8.82700,9.59152
8.82800,9.59252
8.82900,9.59352
8.83000,9.59452
8.83100,9.59552
8.83200,9.59652
8.83300,9.59752
8.83400,9.59852
8.83500,9.59952
8.83600,9.60052
8.83700,9.60152
8.83800,9.60252
8.83900,9.60352
8.84000,9.60452
8.84100,9.60552
8.84200,9.60652
8.84300,9.60752
8.84400,9.60852
8.84500,9.60952
8.84600,9.61052
8.84700,9.61152
8.84800,9.61252
8.84900,9.61352
8.85000,9.61452
8.85100,9.61552
8.85200,9.61652
8.85300,9.61752
8.85400,9.61852
8.85500,9.61952
8.85600,9.62052
8.85700,9.62152
8.85800,9.62252
8.85900,9.62352
8.86000,9.62452
8.86100,9.62552
8.86200,9.62652
8.86300,9.62752
8.86400,9.62852
8.86500,9.62952
8.86600,9.63052
8.86700,9.63152
8.86800,9.63252
8.86900,9.63352
8.87000,9.63452
8.87100,9.63552
8.87200,9.63652
8.87300,9.63752
8.87400,9.63852
8.87500,9.63952
8.87600,9.64052
8.87700,9.64152
8.87800,9.64252
8.87900,9.64352
8.88000,9.64452
8.88100,9.64552
8.88200,9.64652
8.88300,9.64752
8.88400,9.64852
8.88500,9.64952
8.88600,9.65052
8.88700,9.65152
8.88800,9.65252
8.88900,9.65352
8.89000,9.65452
8.89100,9.65552
8.89200,9.65652
8.89300,9.65752
8.89400,9.65852
8.89500,9.65952
8.89600,9.66052
8.89700,9.66152
8.89800,9.66252
8.89900,9.66352
8.90000,9.66452
8.90100,9.66552
8.90200,9.66652
8.90300,9.66752
8.90400,9.66852
8.90500,9.66952
8.90600,9.67052
8.90700,9.67152
8.90800,9.67252
8.90900,9.67352
8.91000,9.67452
8.91100,9.67552
8.91200,9.67652
8.91300,9.67752
8.91400,9.67852
8.91500,9.67952
8.91600,9.68052
8.91700,9.68152
8.91800,9.68252
8.91900,9.68352
8.92000,9.68452
8.92100,9.68552
8.92200,9.68652
8.92300,9.68752
8.92400,9.68852
8.92500,9.68952
8.92600,9.69052
8.92700,9.69152
8.92800,9.69252
8.92900,9.69352
8.93000,9.69452
8.93100,9.69552
8.93200,9.69652
8.93300,9.69752
8.93400,9.69852
8.93500,9.69952
8.93600,9.70052
8.93700,9.70152
8.93800,9.70252
8.93900,9.70352
8.94000,9.70452
8.94100,9.70552
8.94200,9.70652
8.94300,9.70752
8.94400,9.70852
8.94500,9.70952
8.94600,9.71052
8.94700,9.71152
8.94800,9.71252
8.94900,9.71352
8.95000,9.71452
8.95100,9.71552
8.95200,9.71652
8.95300,9.71752
8.95400,9.71852
8.95500,9.71952
8.95600,9.72052
8.95700,9.72152
8.95800,9.72252
8.95900,9.72352
8.96000,9.72452
8.96100,9.72552
8.96200,9.72652
8.96300,9.72752
8.96400,9.72852
8.96500,9.72952
8.96600,9.73052
8.96700,9.73152
8.96800,9.73252
8.96900,9.73352
8.97000,9.73452
8.97100,9.73552
8.97200,9.73652
8.97300,9.73752
8.97400,9.73852
8.97500,9.73952
8.97600,9.74052
8.97700,9.74152
8.97800,9.74252
8.97900,9.74352
8.98000,9.74452
8.98100,9.74552
8.98200,9.74652
8.98300,9.74752
8.98400,9.74852
8.98500,9.74952
8.98600,9.75052
8.98700,9.75152
8.98800,9.75252
8.98900,9.75352
8.99000,9.75652
8.99100,9.75752
8.99200,9.75852
8.99300,9.75952
8.99400,9.76052
8.99500,9.76152
8.99600,9.76252
8.99700,9.76352
8.99800,9.76452
8.99900,9.76552
9.00000,9.76652
9.00100,9.76752
9.00200,9.76852
9.00300,9.76952
9.00400,9.77052
9.00500,9.77152
9.00600,9.77252
9.00700,9.77352
9.00800,9.77452
9.00900,9.77552
9.01000,9.77652
9.01100,9.77752
9.01200,9.77852
9.01300,9.77952
9.01400,9.78052
9.01500,9.78152
9.01600,9.78252
9.01700,9.78352
9.01800,9.78452
9.01900,9.78552
9.02000,9.78652
9.02100,9.78752
9.02200,9.78852
9.02300,9.78952
9.02400,9.79052
9.02500,9.79152
9.02600,9.79252
9.02700,9.79352
9.02800,9.79452
9.02900,9.79552
9.03000,9.79652
9.03100,9.79752
9.03200,9.79852
9.03300,9.79952
9.03400,9.80052
9.03500,9.80152
9.03600,9.80252
9.03700,9.80352
9.03800,9.80452
9.03900,9.80552
9.04000,9.80652
9.04100,9.80752
9.04200,9.80852
9.04300,9.80952
9.04400,9.81052
9.04500,9.81152
9.04600,9.81252
9.04700,9.81352
9.04800,9.81452
9.04900,9.81552
9.05000,9.81652
9.05100,9.81752
9.05200,9.81852
9.05300,9.81952
9.05400,9.82052
9.05500,9.82152
9.05600,9.82252
9.05700,9.82352
9.05800,9.82452
9.05900,9.82552
9.06000,9.82652
9.06100,9.82752
9.06200,9.82852
9.06300,9.82952
9.06400,9.83052
9.06500,9.83152
9.06600,9.83252
9.06700,9.83352
9.06800,9.83452
9.06900,9.83552
9.07000,9.83652
9.07100,9.83752
9.07200,9.83852
9.07300,9.83952
9.07400,9.84052
9.07500,9.84152
9.07600,9.84252
9.07700,9.84352
9.07800,9.84452
9.07900,9.84552
9.08000,9.84652
9.08100,9.84752
9.08200,9.84852
9.08300,9.84952
9.08400,9.85052
9.08500,9.85152
9.08600,9.85252
9.08700,9.85352
9.08800,9.85452
9.08900,9.85552
9.09000,9.85652
9.09100,9.85752
9.09200,9.85852
9.09300,9.85952
9.09400,9.86052
9.09500,9.86152
9.09600,9.86252
9.09700,9.86352
9.09800,9.86452
9.09900,9.86552
9.10000,9.86652
9.10100,9.86752
9.10200,9.86852
9.10300,9.86952
9.10400,9.87052
9.10500,9.87152
9.10600,9.87252
9.11300,9.87352
9.11400,9.87452
9.11500,9.87552
9.11600,9.87652
9.11700,9.87752
9.11800,9.87852
9.11900,9.87952
9.12000,9.88052
9.12100,9.88152
9.12200,9.88252
9.12300,9.88352
9.12400,9.88452
9.12500,9.88552
9.12800,9.88652
9.12900,9.88752
9.13000,9.88852
9.13100,9.88952
9.13200,9.89052
9.13300,9.89152
9.13400,9.89252
9.13500,9.89352
9.13600,9.89452
9.13700,9.89552
9.13800,9.89652
9.13900,9.89752
9.14000,9.89852
9.14100,9.89952
9.14200,9.90052
9.14300,9.90152
9.14500,9.90252
9.14600,9.90352
9.14700,9.90452
9.14800,9.90552
9.14900,9.90652
9.15000,9.90752
9.15100,9.90852
9.15200,9.90952
9.15300,9.91052
9.15400,9.91152
9.15500,9.91252
9.15600,9.91352
9.15700,9.91452
9.15800,9.91552
9.15900,9.91652
9.16000,9.91752
9.16100,9.91852
9.16200,9.91952
9.16300,9.92052
9.16400,9.92152
9.16500,9.92252
9.16600,9.92352
9.16700,9.92452
9.16800,9.92552
9.16900,9.92652
9.17000,9.92752
9.17100,9.92852
9.17200,9.92952
9.17300,9.93052
9.17400,9.93152
9.17500,9.93252
9.17600,9.93352
9.17700,9.93452
9.17800,9.93552
9.17900,9.93652
9.18000,9.93752
9.18100,9.93852
9.18200,9.93952
9.18300,9.94052
9.18400,9.94152
9.18500,9.94252
9.18600,9.94352
9.18700,9.94452
9.18800,9.94552
9.18900,9.94652
9.19000,9.94752
9.19100,9.94852
9.19200,9.94952
9.19300,9.95052
9.19400,9.95152
9.19500,9.95252
9.19600,9.95352
9.19700,9.95452
9.19800,9.95552
9.19900,9.95652
9.20000,9.95752
9.20100,9.95852
9.20200,9.95952
9.20300,9.96052
9.20400,9.96152
9.20500,9.96252
9.20600,9.96352
9.20700,9.96452
9.20800,9.96552
9.20900,9.96652
9.21000,9.96752
9.21100,9.96852
9.21200,9.96952
9.21300,9.97052
9.21400,9.97152
9.21500,9.97252
9.21600,9.97352
9.21700,9.97452
9.21800,9.97552
9.21900,9.97652
9.22000,9.97752
9.22100,9.97852
9.22200,9.97952
9.22300,9.98052
9.22400,9.98152
9.22500,9.98252
9.22600,9.98352
9.22700,9.98452
9.22800,9.98552
9.22900,9.98652
9.23000,9.98752
9.23100,9.98852
9.23200,9.98952
9.23300,9.99052
9.23400,9.99152
9.23500,9.99252
9.23600,9.99352
9.23700,9.99452
9.23800,9.99552
9.23900,9.99652
9.24000,9.99752
9.24100,9.99852
9.24200,9.99952
9.24300,10.00052
9.24400,10.00152
9.24500,10.00252
9.24600,10.00352
9.24700,10.00452
9.24800,10.00552
9.24900,10.00652
9.25000,10.00752
9.25100,10.00852
9.25200,10.00952
9.25300,10.01052
9.25400,10.01152
9.25500,10.01252
9.25600,10.01352
9.25700,10.01452
9.25800,10.01552
9.25900,10.01652
9.26000,10.01752
9.26100,10.01852
9.26200,10.01952
9.26300,10.02052
9.26400,10.02152
9.26500,10.02252
9.26600,10.02352
9.26700,10.02452
9.26800,10.02552
9.26900,10.02652
9.27000,10.02752
9.27100,10.02852
9.27200,10.02952
9.27300,10.03052
9.27400,10.03152
9.27500,10.03252
9.27600,10.03352
9.27700,10.03452
9.27800,10.03552
9.27900,10.03652
9.28000,10.03752
9.28100,10.03852
9.28200,10.03952
9.28300,10.04052
9.28400,10.04152
9.28500,10.04252
9.28600,10.04352
9.28700,10.04452
9.28800,10.04552
9.28900,10.04652
9.29000,10.04752
9.29100,10.04852
9.29200,10.04952
9.29300,10.05052
9.29400,10.05152
9.29500,10.05252
9.29600,10.05352
9.29700,10.05452
9.29800,10.05552
9.29900,10.05652
9.30000,10.05752
9.30100,10.05852
9.30200,10.05952
9.30300,10.06052
9.30400,10.06152
9.30500,10.06252
9.30600,10.06352
9.30700,10.06452
9.30800,10.06552
9.30900,10.06652
9.31000,10.06752
9.31100,10.07152
9.31200,10.07252
9.31300,10.07352
9.31400,10.07452
9.31500,10.07552
9.31600,10.07652
9.31700,10.08652
9.31800,10.08752
9.31900,10.08852
9.32000,10.08952
9.32100,10.09052
9.32200,10.09152
9.32300,10.09252
9.32400,10.09352
9.32500,10.09452
9.32600,10.09552
9.32700,10.09652
9.32800,10.09752
9.32900,10.09852
9.33000,10.09952
9.33100,10.10052
9.33200,10.10152
9.33300,10.10252
9.33400,10.10352
9.33500,10.10452
9.33600,10.10552
9.33700,10.10652
9.33800,10.10752
9.33900,10.10852
9.34000,10.10952
9.34100,10.11052
9.34200,10.11152
9.34300,10.11252
9.34400,10.11352
9.34500,10.11452
9.34600,10.11552
9.34700,10.11652
9.34800,10.11752
9.34900,10.11852
9.35000,10.11952
9.35100,10.12052
9.35200,10.12152
9.35300,10.12252
9.35400,10.12352
9.35500,10.12452
9.35600,10.12552
9.35700,10.12652
9.35800,10.12752
9.35900,10.12852
9.36000,10.12952
9.36100,10.13052
9.36200,10.13152
9.36300,10.13252
9.36400,10.13952
9.36500,10.14052
9.36600,10.14152
9.36700,10.14252
9.36800,10.14352
9.36900,10.14452
9.37000,10.14552
9.37100,10.14652
9.37200,10.14752
9.37300,10.14852
9.37400,10.14952
9.37500,10.15052
9.37600,10.15152
9.37700,10.15252
9.37800,10.15352
9.37900,10.15452
9.38000,10.15752
9.38100,10.15852
9.38200,10.15952
9.38300,10.16052
9.38400,10.16152
9.38500,10.16252
9.38600,10.16352
9.38700,10.16452
9.38800,10.16552
9.38900,10.16652
9.39000,10.16752
9.39100,10.16852
9.39200,10.16952
9.39300,10.17052
9.39400,10.17152
9.39500,10.17252
9.39600,10.17352
9.39700,10.17452
9.39800,10.17552
9.39900,10.17652
9.40000,10.17752
9.40100,10.17852
9.40200,10.17952
9.40300,10.18052
9.40400,10.18152
9.40500,10.18252
9.40600,10.18352
9.40700,10.18452
9.40800,10.18552
9.40900,10.18652
9.41000,10.18752
9.41100,10.18852
9.41200,10.18952
9.41300,10.19052
9.41400,10.19152
9.41500,10.19252
9.41600,10.19352
9.41700,10.19452
9.41800,10.19552
9.41900,10.19652
9.42000,10.19752
9.42100,10.19852
9.42200,10.19952
9.42300,10.20052
9.42400,10.20152
9.42500,10.20252
9.42600,10.20352
9.42700,10.20452
9.42800,10.20552
9.42900,10.20652
9.43000,10.20752
9.43100,10.20852
9.43200,10.20952
9.43300,10.21052
9.43400,10.21152
9.43500,10.21252
9.43600,10.21352
9.43700,10.21452
9.43800,10.21552
9.43900,10.21652
9.44000,10.21752
9.44100,10.21852
9.44200,10.21952
9.44300,10.22052
9.44400,10.22152
9.44500,10.22252
9.44600,10.22352
9.44700,10.22452
9.44800,10.22552
9.44900,10.22652
9.45000,10.22752
9.45100,10.22852
9.45200,10.22952
9.45300,10.23052
9.45400,10.23152
9.45500,10.23252
9.45600,10.23352
9.45700,10.23452
9.45800,10.23552
9.45900,10.23652
9.46000,10.23752
9.46100,10.23852
9.46200,10.23952
9.46300,10.24052
9.46400,10.24152
9.46500,10.24252
9.46600,10.24352
9.46700,10.24452
9.46800,10.24552
9.46900,10.24652
9.47000,10.24752
9.47100,10.24852
9.47200,10.24952
9.47300,10.25052
9.47400,10.25152
9.47500,10.25252
9.47600,10.25352
9.47700,10.25452
9.47800,10.25552
9.47900,10.25652
9.48000,10.25752
9.48100,10.25852
9.48200,10.25952
9.48300,10.26052
9.48400,10.26152
9.48500,10.26252
9.48600,10.26352
9.48700,10.26452
9.48800,10.26552
9.48900,10.26652
9.49000,10.26752
9.49100,10.26852
9.49200,10.26952
9.49300,10.27052
9.49400,10.27152
9.49500,10.27252
9.49600,10.27352
9.49700,10.27452
9.49800,10.27552
9.49900,10.27652
9.50000,10.27752
9.50100,10.27852
9.50200,10.27952
9.50300,10.28052
9.50400,10.28152
9.50500,10.28252
9.50600,10.28352
9.50700,10.28452
9.50800,10.28552
9.50900,10.28652
9.51000,10.28752
9.51100,10.28852
9.51200,10.28952
9.51300,10.29052
9.51400,10.29152
9.51500,10.29252
9.51600,10.29352
9.51700,10.29452
9.51800,10.29552
9.51900,10.29652
9.52000,10.29752
9.52100,10.29852
9.52200,10.29952
9.52300,10.30052
9.52400,10.30152
9.52500,10.30252
9.52600,10.30352
9.52700,10.30452
9.52800,10.30552
9.52900,10.30652
9.53000,10.30752
9.53100,10.30852
9.53200,10.30952
9.53300,10.31052
9.53400,10.31152
9.53500,10.31252
9.53600,10.31352
9.53700,10.31452
9.53800,10.31552
9.53900,10.31652
9.54000,10.31752
9.54100,10.31852
9.54200,10.31952
9.54300,10.32052
9.54400,10.32152
9.54500,10.32252
9.54600,10.32352
9.54700,10.32452
9.54800,10.32552
9.54900,10.32652
9.55000,10.32752
9.55100,10.32852
9.55200,10.32952
9.55300,10.33052
9.55400,10.33152
9.55500,10.33252
9.55600,10.33352
9.55700,10.33452
9.55800,10.33552
9.55900,10.33652
9.56000,10.33752
9.56100,10.33852
9.56200,10.33952
9.56300,10.34052
9.56400,10.34152
9.56500,10.34252
9.56600,10.34352
9.56700,10.34452
9.56800,10.34552
9.56900,10.34652
9.57000,10.34752
9.57100,10.34852
9.57200,10.34952
9.57300,10.35052
9.57400,10.35152
9.57500,10.35252
9.57600,10.35352
9.57700,10.35452
9.57800,10.35552
9.57900,10.35652
9.58000,10.35752
9.58100,10.35852
9.58200,10.35952
9.58300,10.36052
9.58400,10.36152
9.58500,10.36252
9.58600,10.36352
9.58700,10.36452
9.58800,10.36552
9.58900,10.36652
9.59000,10.36752
9.59100,10.36852
9.59200,10.36952
9.59300,10.37052
9.59400,10.37152
9.59500,10.37252
9.59600,10.37352
9.59700,10.37452
9.59800,10.37552
9.59900,10.37652
9.60000,10.37752
9.60100,10.37852
9.60200,10.37952
9.60300,10.38052
9.60400,10.38152
9.60500,10.38252
9.60600,10.38352
9.60700,10.38452
9.60800,10.38552
9.60900,10.38652
9.61000,10.38752
9.61100,10.38852
9.61200,10.38952
9.61300,10.39052
9.61400,10.39152
9.61500,10.39252
9.61600,10.39352
9.61700,10.39452
9.61800,10.39552
9.61900,10.39652
9.62000,10.39752
9.62100,10.39852
9.62200,10.39952
9.62300,10.40052
9.62400,10.40152
9.62500,10.40252
9.62600,10.40352
9.62700,10.40452
9.62800,10.40552
9.62900,10.40652
9.63000,10.40752
9.63100,10.40852
9.63200,10.40952
9.63300,10.41052
9.63400,10.41152
9.63500,10.41252
9.63600,10.41352
9.63700,10.41452
9.63800,10.41552
9.63900,10.41652
9.64000,10.41752
9.64100,10.41852
9.64200,10.41952
9.64300,10.42052
9.64400,10.42152
9.64500,10.42252
9.64600,10.42352
9.64700,10.42452
9.64800,10.42552
9.64900,10.42652
9.65000,10.42752
9.65100,10.42852
9.65200,10.42952
9.65300,10.43052
9.65400,10.43152
9.65500,10.43252
9.65600,10.43352
9.65700,10.43452
9.65800,10.43552
9.65900,10.43652
9.66000,10.43752
9.66100,10.43852
9.66200,10.43952
9.66300,10.44052
9.66400,10.44152
9.66500,10.44252
9.66600,10.44352
9.66700,10.44452
9.66800,10.44552
9.66900,10.44652
9.67000,10.44752
9.67100,10.44852
9.67200,10.44952
9.67300,10.45052
9.67400,10.45152
9.67500,10.45252
9.67600,10.45352
9.67700,10.45452
9.67800,10.45552
9.67900,10.45652
9.68000,10.45752
9.68100,10.45852
9.68200,10.45952
9.68300,10.46052
9.68400,10.46152
9.68500,10.46252
9.68600,10.46352
9.68700,10.46452
9.68800,10.46552
9.68900,10.46652
9.69000,10.46752
9.69100,10.46852
9.69200,10.46952
9.69300,10.47052
9.69400,10.47152
9.69500,10.47252
9.69600,10.47352
9.69700,10.47452
9.69800,10.47552
9.69900,10.47652
9.70000,10.47752
9.70100,10.47852
9.70200,10.47952
9.70300,10.48052
9.70400,10.48152
9.70500,10.48252
9.70600,10.48352
9.70700,10.48452
9.70800,10.48552
9.70900,10.48652
9.71000,10.48752
9.71100,10.48852
9.71200,10.48952
9.71300,10.49052
9.71400,10.49152
9.71500,10.49252
9.71600,10.49352
9.71700,10.49452
9.71800,10.49552
9.71900,10.49652
9.72000,10.49752
9.72100,10.49852
9.72200,10.49952
9.72300,10.50052
9.72400,10.50152
9.72500,10.50252
9.72600,10.50352
9.72700,10.50452
9.72800,10.50552
9.72900,10.50652
9.73000,10.50752
9.73100,10.50852
9.73200,10.50952
9.73300,10.51052
9.73400,10.51152
9.73500,10.51252
9.73600,10.51352
9.73700,10.51452
9.73900,10.51552
9.74000,10.51652
9.74100,10.51752
9.74200,10.51852
9.74300,10.51952
9.74400,10.52052
9.74500,10.52152
9.74600,10.52252
9.74700,10.52352
9.74800,10.52452
9.74900,10.52552
9.75000,10.52652
9.75100,10.52752
9.75200,10.52852
9.75300,10.52952
9.75400,10.53052
9.75500,10.53152
9.75600,10.53252
9.75700,10.53352
9.75800,10.53452
9.75900,10.53552
9.76000,10.53652
9.76100,10.53752
9.76200,10.53852
9.76300,10.53952
9.76400,10.54052
9.76500,10.54152
9.76600,10.54252
9.76700,10.54352
9.76800,10.54452
9.76900,10.54552
9.77000,10.54652
9.77100,10.54752
9.77200,10.54852
9.77300,10.54952
9.77400,10.55052
9.77500,10.55152
9.77600,10.55252
9.77700,10.55352
9.77800,10.55452
9.77900,10.55552
9.78000,10.55652
9.78100,10.55752
9.78200,10.55852
9.78300,10.55952
9.78400,10.56052
9.78500,10.56152
9.78600,10.56252
9.78700,10.56352
9.78800,10.56452
9.78900,10.56552
9.79000,10.56652
9.79100,10.56752
9.79200,10.56852
9.79300,10.56952
9.79400,10.57052
9.79500,10.57152
9.79600,10.57252
9.79700,10.57352
9.79800,10.57752
9.79900,10.57852
9.80000,10.57952
9.80100,10.58052
9.80200,10.58152
9.80300,10.58252
9.80400,10.58352
9.80500,10.58452
9.80600,10.58552
9.80700,10.58652
9.80800,10.58752
9.80900,10.58852
9.81000,10.58952
9.81100,10.59052
9.81200,10.59152
9.81300,10.59252
9.81400,10.59352
9.81500,10.59452
9.81600,10.59552
9.81700,10.59652
9.81800,10.59752
9.81900,10.59852
9.82000,10.59952
9.82100,10.60052
9.82200,10.60152
9.82300,10.60252
9.82400,10.60352
9.82500,10.60452
9.82600,10.60552
9.82700,10.60652
9.82800,10.60752
9.82900,10.60852
9.83000,10.60952
9.83100,10.61052
9.83200,10.61152
9.83300,10.61252
9.83400,10.61352
9.83500,10.61452
9.83600,10.61552
9.83700,10.61652
9.83800,10.61752
9.83900,10.61852
9.84000,10.61952
9.84100,10.62052
9.84200,10.62152
9.84300,10.62252
9.84400,10.62352
9.84500,10.62452
9.84600,10.62552
9.84700,10.62652
9.84800,10.62752
9.84900,10.62852
9.85000,10.62952
9.85100,10.63052
9.85200,10.63152
9.85300,10.63252
9.85400,10.63352
9.85500,10.63452
9.85600,10.67652
9.85700,10.67752
9.85800,10.67852
9.85900,10.67952
9.86000,10.68052
9.86100,10.68152
9.86200,10.68252
9.86300,10.68352
9.86400,10.68452
9.86500,10.68552
9.86600,10.68652
9.86700,10.68752
9.86800,10.68852
9.86900,10.68952
9.87000,10.69052
9.87100,10.69152
9.87200,10.69252
9.87300,10.69352
9.87400,10.69452
9.87500,10.69552
9.87600,10.69652
9.87700,10.69752
9.87800,10.69852
9.87900,10.69952
9.88000,10.70052
9.88100,10.70152
9.88200,10.70252
9.88300,10.70352
9.88400,10.70452
9.88500,10.70552
9.88600,10.70652
9.88700,10.70752
9.88800,10.70852
9.88900,10.70952
9.89000,10.71052
9.89100,10.71152
9.89200,10.71252
9.89300,10.71352
9.89400,10.71452
9.89500,10.71552
9.89600,10.71652
9.89700,10.71752
9.89800,10.71852
9.89900,10.71952
9.90000,10.72052
9.90100,10.72152
9.90200,10.72252
9.90300,10.72352
9.90400,10.72452
9.90500,10.72552
9.90600,10.72652
9.90700,10.72752
9.90800,10.72852
9.90900,10.72952
9.91000,10.73052
9.91100,10.73152
9.91200,10.73252
9.91300,10.73352
9.91400,10.73452
9.91500,10.73552
9.91600,10.73652
9.91700,10.73752
9.91800,10.73852
9.91900,10.73952
9.92000,10.74052
9.92100,10.74152
9.92200,10.74252
9.92300,10.74352
9.92400,10.74452
9.92500,10.74552
9.92600,10.74652
9.92700,10.74752
9.92800,10.74852
9.92900,10.74952
9.93000,10.75052
9.93100,10.75152
9.93200,10.75252
9.93300,10.75352
9.93400,10.75452
9.93500,10.75552
9.93600,10.75652
9.93700,10.75752
9.93800,10.75852
9.93900,10.75952
9.94000,10.76052
9.94100,10.76152
9.94200,10.76252
9.94300,10.76352
9.95100,10.76452
9.95200,10.76552
9.95400,10.76652
9.95500,10.76752
9.95600,10.76852
9.95700,10.76952
9.95800,10.77052
9.95900,10.77152
9.96000,10.77252
9.96100,10.77352
9.96200,10.77452
9.96300,10.77552
9.96400,10.77652
9.96500,10.77752
9.96600,10.77852
9.96700,10.77952
9.96800,10.78052
9.98600,10.78152
9.98700,10.78252
9.98800,10.78352
9.99000,10.78452
9.99100,10.78552
9.99200,10.78652
9.99300,10.78752
9.99800,10.78852
9.99900,10.78952
10.00000,10.79052
10.00100,10.79152
10.00200,10.79252
10.00300,10.79352
10.00400,10.79452
10.00500,10.79552
10.00600,10.79652
10.00700,10.79752
10.00800,10.79852
10.00900,10.79952
10.01000,10.80052
10.01100,10.80152
10.01200,10.80252
10.01300,10.80352
10.01400,10.80452
10.01500,10.80552
10.01600,10.80652
10.01700,10.80752
10.01800,10.80852
10.01900,10.80952
10.02000,10.81052
10.02100,10.81152
10.02200,10.81252
10.02300,10.81352
10.02400,10.81452
10.02500,10.81552
10.02600,10.81652
10.02700,10.81752
10.02800,10.81852
10.02900,10.81952
10.03000,10.82052
10.03100,10.82152
10.03200,10.82252
10.03300,10.82352
10.03400,10.82452
10.03500,10.82552
10.03600,10.82652
10.03700,10.82752
10.03800,10.82852
10.03900,10.82952
10.04000,10.83052
10.04100,10.83152
10.04200,10.83252
10.04300,10.83352
10.04400,10.83452
10.04500,10.83552
10.04600,10.83652
10.04700,10.83752
10.04800,10.83852
10.04900,10.83952
10.05000,10.84052
10.05100,10.84152
10.05200,10.84252
10.05300,10.84352
10.05400,10.84452
10.05500,10.84552
10.05600,10.84652
10.05700,10.84752
10.05800,10.84852
10.05900,10.84952
10.06000,10.85052
10.06100,10.85152
10.06200,10.85252
10.06300,10.85352
10.06400,10.85452
10.06500,10.85552
10.06600,10.85652
10.06700,10.85752
10.06800,10.85852
10.06900,10.85952
10.07000,10.86052
10.07100,10.86152
10.07200,10.86252
10.07300,10.86352
10.07400,10.86452
10.07500,10.86552
10.07600,10.86652
10.07700,10.86752
10.07800,10.86852
10.07900,10.86952
10.08000,10.87052
10.08700,10.87152
10.08800,10.87252
10.08900,10.87352
10.09000,10.87452
10.09100,10.87552
10.09200,10.87652
10.09300,10.87752
10.09400,10.87852
10.11800,10.87952
10.13000,10.88052
10.13100,10.88152
10.13200,10.88252
10.13300,10.88352
10.13400,10.88452
10.13500,10.88552
10.13600,10.88652
10.13700,10.88752
10.13800,10.88852
10.13900,10.88952
10.14000,10.89052
10.14100,10.89152
10.14200,10.89252
10.14300,10.89352
10.14400,10.89452
10.14500,10.89552
10.14600,10.89652
10.14700,10.89752
10.14800,10.89852
10.14900,10.89952
10.15000,10.90052
10.15100,10.90152
10.15200,10.90252
10.15300,10.90352
10.15400,10.90452
10.15500,10.90552
10.15600,10.90652
10.15700,10.90752
10.15800,10.90852
10.15900,10.90952
10.16000,10.91052
10.16100,10.91152
10.16200,10.91252
10.16300,10.91352
10.16400,10.91452
10.16500,10.91552
10.16600,10.91652
10.16700,10.91752
10.16800,10.91852
10.16900,10.91952
10.17000,10.92052
10.17100,10.92152
10.17200,10.92252
10.17300,10.92352
10.17400,10.92452
10.17500,10.92552
10.17600,10.92652
10.17700,10.92752
10.17800,10.92852
10.17900,10.92952
10.18000,10.93052
10.18100,10.93152
10.18200,10.93252
10.18300,10.93352
10.18400,10.93452
10.18500,10.93552
10.18600,10.93652
10.18700,10.93752
10.18800,10.93852
10.18900,10.93952
10.19000,10.94052
10.19100,10.94152
10.19200,10.94252
10.19300,10.94352
10.19400,10.94452
10.19500,10.94552
10.19600,10.94652
10.19700,10.94752
10.19800,10.94852
10.19900,10.94952
10.20000,10.95052
10.20100,10.95152
10.20200,10.95252
10.20300,10.95352
10.20400,10.95452
10.20500,10.95552
10.20600,10.95652
10.20700,10.95752
10.20800,10.95852
10.20900,10.95952
10.21000,10.96052
10.21100,10.96152
10.21200,10.96252
10.21300,10.96352
10.21400,10.96452
10.21500,10.96552
10.21600,10.96652
10.21700,10.96752
10.21800,10.96852
10.21900,10.96952
10.22000,10.97052
10.22100,10.97152
10.22200,10.97252
10.22300,10.97352
10.22400,10.97452
10.22500,10.97552
10.22600,10.97652
10.22700,10.97752
10.22800,10.97852
10.22900,10.97952
10.23000,10.98052
10.23100,10.98152
10.23200,10.98252
10.23300,10.98352
10.23400,10.98452
10.23500,10.98552
10.23600,10.98652
10.23700,10.98752
10.23800,10.98852
10.23900,10.98952
10.24000,10.99052
10.24100,10.99152
10.24200,10.99252
10.24300,10.99552
10.24400,10.99652
10.24500,10.99752
10.24600,10.99852
10.24700,10.99952
10.24800,11.00052
10.24900,11.00152
10.25000,11.00252
10.25100,11.00352
10.25200,11.00452
10.25300,11.00552
10.25400,11.00652
10.25500,11.00752
10.25600,11.00852
10.25700,11.01152
10.25800,11.01252
10.25900,11.02852
10.26000,11.02952
10.26100,11.03052
10.26200,11.03152
10.26300,11.03252
10.26400,11.03352
10.26500,11.03452
10.26600,11.03552
10.26700,11.03652
10.26800,11.03752
10.26900,11.03852
10.27000,11.03952
10.27100,11.04052
10.27200,11.04152
10.27300,11.04252
10.27400,11.04352
10.27500,11.04452
10.27600,11.04552
10.27700,11.04652
10.27800,11.04752
10.27900,11.04852
10.28000,11.04952
10.28100,11.05052
10.28200,11.05152
10.28300,11.05252
10.28400,11.05352
10.28500,11.05452
10.28600,11.05952
10.28700,11.06052
10.28800,11.06152
10.28900,11.06252
10.29000,11.06352
10.29100,11.06452
10.29200,11.06552
10.29300,11.06652
10.29400,11.06752
10.29500,11.06852
10.29600,11.06952
10.29700,11.07052
10.29800,11.07152
10.29900,11.07252
10.30000,11.07352
10.30100,11.07452
10.30200,11.07552
10.30300,11.07652
10.30400,11.07752
10.30500,11.07852
10.30600,11.07952
10.30700,11.08052
10.30800,11.08152
10.30900,11.08252
10.31000,11.08352
10.31100,11.08452
10.31200,11.08552
10.31300,11.08652
10.31400,11.08752
10.31500,11.08852
10.31600,11.08952
10.31700,11.09052
10.31800,11.09152
10.31900,11.09252
10.32000,11.09352
10.32100,11.09452
10.32200,11.09552
10.32300,11.09652
10.32400,11.09752
10.32500,11.09852
10.32600,11.09952
10.32700,11.10052
10.32800,11.10152
10.32900,11.10252
10.33000,11.10352
10.33100,11.10452
10.33200,11.10552
10.33300,11.10652
10.33400,11.10752
10.33500,11.10852
10.33600,11.10952
10.33700,11.11052
10.33800,11.11152
10.33900,11.11252
10.34000,11.11352
10.34100,11.11452
10.34200,11.11552
10.34300,11.11652
10.34400,11.11752
10.34500,11.11852
10.34600,11.11952
10.34700,11.12052
10.34800,11.12152
10.34900,11.12252
10.35000,11.12352
10.35100,11.12452
10.35200,11.12552
10.35300,11.12652
10.35400,11.12752
10.35500,11.12852
10.35600,11.12952
10.35700,11.13052
10.35800,11.13152
10.35900,11.13252
10.36000,11.13352
10.36100,11.13452
10.36200,11.13552
10.36300,11.13652
10.36400,11.13752
10.36500,11.13852
10.36600,11.13952
10.36700,11.14052
10.36800,11.14152
10.36900,11.14252
10.37000,11.14352
10.37100,11.14452
10.37200,11.14552
10.37300,11.14652
10.37400,11.14752
10.37500,11.14852
10.37600,11.14952
10.37700,11.15052
10.37800,11.15152
10.37900,11.15252
10.38000,11.15352
10.38100,11.15452
10.38200,11.15552
10.38300,11.15652
10.38400,11.15752
10.38500,11.15852
10.38600,11.15952
10.38700,11.16052
10.38800,11.16152
10.38900,11.16252
10.39000,11.16352
10.39100,11.16452
10.39200,11.16552
10.39300,11.16652
10.39400,11.16752
10.39500,11.16852
10.39600,11.16952
10.39700,11.17052
10.39800,11.17152
10.39900,11.17252
10.40000,11.17352
10.40100,11.17452
10.40200,11.17552
10.40300,11.17652
10.40400,11.17752
10.40500,11.17852
10.40600,11.17952
10.40700,11.18052
10.40800,11.18152
10.40900,11.18252
10.41000,11.18352
10.41100,11.18452
10.41200,11.18552
10.41300,11.18652
10.41400,11.18752
10.41500,11.18852
10.41600,11.18952
10.41700,11.19052
10.41800,11.19152
10.41900,11.19252
10.42000,11.19352
10.42100,11.19452
10.42200,11.19552
10.42300,11.19652
10.42400,11.19752
10.42500,11.19852
10.42600,11.19952
10.42700,11.20052
10.42800,11.20152
10.42900,11.20252
10.43000,11.20352
10.43100,11.20452
10.43200,11.20552
10.43300,11.20652
10.43400,11.20752
10.43500,11.20852
10.43600,11.20952
10.43700,11.21052
10.43800,11.21152
10.43900,11.21252
10.44000,11.21352
10.44100,11.21452
10.44200,11.21552
10.44300,11.21652
10.44400,11.21752
10.44500,11.21852
10.44600,11.21952
10.44700,11.22052
10.44800,11.22152
10.44900,11.22252
10.45000,11.22352
10.45100,11.22452
10.45400,11.22552
10.45500,11.22652
10.45700,11.22752
10.45800,11.22852
10.45900,11.22952
10.46000,11.23052
10.46100,11.23152
10.46200,11.23252
10.46300,11.23352
10.46400,11.23452
10.46500,11.23552
10.46600,11.23652
10.46700,11.23752
10.46800,11.23852
10.46900,11.23952
10.47000,11.24052
10.47100,11.24152
10.47200,11.24252
10.47300,11.24352
10.47400,11.24452
10.47500,11.24552
10.47600,11.24652
10.47700,11.24752
10.47800,11.24852
10.47900,11.24952
10.48000,11.25052
10.48100,11.25152
10.48200,11.25252
10.48300,11.25352
10.48400,11.25452
10.48500,11.25552
10.48600,11.25652
10.48700,11.25752
10.48800,11.25852
10.48900,11.25952
10.49000,11.26052
10.49100,11.26152
10.49200,11.26252
10.49300,11.26352
10.49400,11.26452
10.49500,11.26552
10.49600,11.26652
10.49700,11.26752
10.49800,11.26852
10.49900,11.26952
10.50000,11.27052
10.50100,11.27152
10.50200,11.27252
10.50300,11.27352
10.50400,11.27452
10.50500,11.27552
10.50600,11.27652
10.50700,11.27752
10.50800,11.27852
10.50900,11.27952
10.51000,11.28052
10.51100,11.28152
10.51200,11.28252
10.51300,11.28352
10.51400,11.28452
10.51500,11.28552
10.51600,11.28652
10.51700,11.28752
10.51800,11.28852
10.51900,11.28952
10.52000,11.29052
10.52100,11.29152
10.52200,11.29252
10.52300,11.29352
10.52400,11.29452
10.52500,11.29552
10.52600,11.29652
10.52700,11.29752
10.52800,11.29852
10.52900,11.29952
10.53000,11.30052
10.53100,11.30152
10.53200,11.30252
10.53300,11.30352
10.53400,11.30452
10.53500,11.30552
10.53600,11.30652
10.53700,11.30752
10.53800,11.30852
10.53900,11.30952
10.54000,11.31052
10.54100,11.31152
10.54200,11.31252
10.54300,11.31352
10.54400,11.31452
10.54500,11.31552
10.54600,11.31652
10.54700,11.31752
10.54800,11.31852
10.54900,11.31952
10.55000,11.32052
10.55100,11.32152
10.55200,11.32252
10.55300,11.32352
10.55400,11.32452
10.55500,11.32552
10.55600,11.32652
10.55700,11.32752
10.55800,11.32852
10.55900,11.32952
10.56000,11.33052
10.56100,11.33152
10.56200,11.33252
10.56300,11.33352
10.56400,11.33452
10.56500,11.33552
10.56600,11.33652
10.56700,11.33752
10.56800,11.33852
10.56900,11.33952
10.57000,11.34052
10.57100,11.34152
10.57200,11.34252
10.57300,11.34352
10.57400,11.34452
10.57500,11.34552
10.57600,11.34652
10.57700,11.34752
10.57800,11.34852
10.57900,11.34952
10.58000,11.35052
10.58100,11.35152
10.58200,11.35252
10.58300,11.35352
10.58400,11.35452
10.58500,11.35552
10.58600,11.35652
10.58700,11.35752
10.58800,11.35852
10.58900,11.35952
10.59000,11.36052
10.59100,11.36152
10.59200,11.36252
10.59300,11.36352
10.59400,11.36452
10.59500,11.36552
10.59600,11.36652
10.59700,11.36752
10.59800,11.36852
10.59900,11.36952
10.60000,11.37052
10.60100,11.37152
10.60200,11.37252
10.60300,11.37352
10.60400,11.37452
10.60500,11.37552
10.60600,11.37652
10.60700,11.37752
10.60800,11.37852
10.60900,11.37952
10.61000,11.38052
10.61100,11.38152
10.61200,11.38252
10.61300,11.38352
10.61400,11.38452
10.61500,11.38552
10.61600,11.38652
10.61700,11.38752
10.61800,11.38852
10.61900,11.38952
10.62000,11.39052
10.62100,11.39152
10.62200,11.39252
10.62300,11.39352
10.62400,11.39452
10.62500,11.39552
10.62600,11.39652
10.62700,11.39752
10.62800,11.39852
10.62900,11.39952
10.63000,11.40052
10.63100,11.40152
10.63200,11.40252
10.63300,11.40352
10.63400,11.40452
10.63500,11.40552
10.63600,11.40652
10.63700,11.40752
10.63800,11.40852
10.63900,11.40952
10.64000,11.41052
10.64100,11.41152
10.64200,11.41252
10.64300,11.41352
10.64400,11.41452
10.64500,11.41552
10.64600,11.41652
10.64700,11.41752
10.64800,11.41852
10.64900,11.41952
10.65000,11.42052
10.65100,11.42152
10.65200,11.42252
10.65300,11.42352
10.65400,11.42452
10.65500,11.42552
10.65600,11.42652
10.65700,11.42852
10.65800,11.42952
10.65900,11.43052
10.66000,11.43152
10.66100,11.43252
10.66200,11.43352
10.66300,11.43452
10.66400,11.43552
10.66500,11.43652
10.66600,11.43752
10.66700,11.43852
10.66800,11.43952
10.66900,11.44052
10.67000,11.44152
10.67100,11.44252
10.67200,11.44352
10.67300,11.44452
10.67400,11.44552
10.67500,11.44652
10.67600,11.44752
10.67700,11.44852
10.67800,11.44952
10.67900,11.45052
10.68000,11.45552
10.68100,11.45652
10.68200,11.45752
10.68300,11.45852
10.68400,11.45952
10.68500,11.46052
10.68600,11.46152
10.68700,11.46252
10.68800,11.46352
10.68900,11.46452
10.69000,11.46552
10.69100,11.46652
10.69200,11.46752
10.69300,11.46852
10.69400,11.46952
10.69500,11.47052
10.69600,11.47152
10.69700,11.47252
10.69800,11.47352
10.69900,11.47452
10.70000,11.47552
10.70100,11.47652
10.70200,11.47752
10.70300,11.47852
10.70400,11.47952
10.70500,11.48052
10.70600,11.48152
10.70700,11.48252
10.70800,11.48352
10.70900,11.48452
10.71000,11.48552
10.71100,11.48652
10.71200,11.48752
10.71300,11.48852
10.71400,11.48952
10.71500,11.49052
10.71600,11.49152
10.71700,11.49252
10.71800,11.49352
10.71900,11.49452
10.72000,11.49552
10.72100,11.49652
10.72200,11.49752
10.72300,11.49852
10.72400,11.49952
10.72500,11.50052
10.72600,11.50152
10.72700,11.50252
10.72800,11.50352
10.72900,11.50452
10.73000,11.50552
10.73100,11.50652
10.73200,11.50752
10.73300,11.50852
10.73400,11.50952
10.73500,11.51052
10.73600,11.51152
10.73700,11.51252
10.73800,11.51352
10.73900,11.51452
10.74000,11.51552
10.74100,11.51652
10.74200,11.51752
10.74300,11.51852
10.74400,11.51952
10.74500,11.52052
10.74600,11.52152
10.74700,11.52252
10.74800,11.52352
10.74900,11.52552
10.75000,11.52652
10.75100,11.52752
10.75200,11.52852
10.75300,11.53052
10.75400,11.53152
10.75500,11.53352
10.75600,11.53452
10.75700,11.53552
10.75800,11.53652
10.75900,11.53752
10.76000,11.53852
10.76100,11.53952
10.76200,11.54052
10.76300,11.54152
10.76400,11.54252
10.76500,11.54352
10.76600,11.54452
10.76700,11.54552
10.76800,11.54652
10.76900,11.54752
10.77000,11.54852
10.77100,11.54952
10.77200,11.55052
10.77300,11.55152
10.77400,11.55252
10.77500,11.55352
10.77600,11.55452
10.77700,11.55552
10.77800,11.55652
10.77900,11.55752
10.78000,11.55852
10.78100,11.55952
10.78200,11.56052
10.78300,11.56152
10.78400,11.56252
10.78500,11.56352
10.78600,11.56452
10.78700,11.56552
10.78800,11.56652
10.78900,11.56752
10.79000,11.56852
10.79100,11.56952
10.79200,11.57052
10.79300,11.57152
10.79400,11.57252
10.79500,11.57352
10.79600,11.57452
10.79700,11.57552
10.79800,11.57652
10.79900,11.57752
10.80000,11.57852
10.80100,11.57952
10.80200,11.58052
10.80300,11.58152
10.80400,11.58252
10.80500,11.58352
10.80600,11.58452
10.80700,11.58552
10.80800,11.58652
10.80900,11.58752
10.81000,11.58852
10.81100,11.58952
10.81200,11.59052
10.81300,11.59152
10.81400,11.59252
10.81500,11.59352
10.81600,11.59452
10.81700,11.59552
10.81800,11.59652
10.81900,11.59752
10.82000,11.59852
10.82100,11.59952
10.82200,11.60052
10.82300,11.60152
10.82400,11.60252
10.82500,11.60352
10.82600,11.60452
10.82700,11.60552
10.82800,11.60652
10.82900,11.61352
10.83000,11.61452
10.83100,11.61552
10.83200,11.61652
10.83300,11.61752
10.83400,11.61852
10.83500,11.61952
10.83600,11.62052
10.83700,11.62152
10.83800,11.62252
10.83900,11.66552
10.84000,11.66652
10.84100,11.66752
10.84200,11.66852
10.84300,11.66952
10.84400,11.67052
10.84500,11.67152
10.84600,11.67252
10.84700,11.67352
10.84800,11.67452
10.84900,11.67552
10.85000,11.67652
10.85100,11.67752
10.85200,11.67852
10.85300,11.67952
10.85400,11.68052
10.85500,11.68152
10.85600,11.68252
10.85700,11.68352
10.85800,11.68452
10.85900,11.68552
10.86000,11.68652
10.86100,11.68752
10.86200,11.68852
10.86300,11.68952
10.86400,11.69052
10.86500,11.69152
10.86600,11.69252
10.86700,11.69352
10.86800,11.69452
10.86900,11.69552
10.87000,11.69652
10.87100,11.69752
10.87200,11.69852
10.87300,11.69952
10.87400,11.70052
10.87500,11.70152
10.87600,11.70252
10.87700,11.70352
10.87800,11.70452
10.87900,11.70552
10.88000,11.70652
10.88100,11.70752
10.88200,11.70852
10.88300,11.70952
10.88400,11.71052
10.88500,11.71152
10.88600,11.71252
10.88700,11.71352
10.88800,11.71452
10.88900,11.71552
10.89000,11.71652
10.89100,11.71752
10.89200,11.71852
10.89300,11.71952
10.89400,11.72052
10.89500,11.72152
10.89600,11.72252
10.89700,11.72352
10.89800,11.72452
10.89900,11.72552
10.90000,11.72652
10.90100,11.72752
10.90200,11.72852
10.90300,11.72952
10.90400,11.73052
10.90500,11.73152
10.90600,11.73252
10.90700,11.73352
10.90800,11.73452
10.90900,11.73552
10.91000,11.73652
10.91100,11.73752
10.91200,11.73852
10.91300,11.74052
10.91400,11.74152
10.91500,11.74252
10.91600,11.74352
10.91700,11.74452
10.91800,11.74552
10.91900,11.74652
10.92000,11.74752
10.92100,11.74852
10.92200,11.74952
10.92300,11.75052
10.92400,11.75152
10.92500,11.75252
10.92600,11.75352
10.92700,11.75452
10.92800,11.75552
10.92900,11.75652
10.93000,11.75752
10.93100,11.75852
10.93200,11.75952
10.93300,11.76052
10.93400,11.76152
10.93500,11.76252
10.93600,11.76352
10.93700,11.76452
10.93800,11.76552
10.93900,11.76652
10.94000,11.76752
10.94100,11.76852
10.94200,11.76952
10.94300,11.77052
10.94400,11.77152
10.94500,11.77252
10.94600,11.77352
10.94700,11.77452
10.94800,11.77552
10.94900,11.77652
10.95000,11.77752
10.95100,11.77852
10.95200,11.77952
10.95300,11.78052
10.95400,11.78152
10.95500,11.78252
10.95600,11.78352
10.95700,11.78452
10.95800,11.78552
10.95900,11.78652
10.96000,11.78752
10.96100,11.78852
10.96200,11.78952
10.96300,11.79052
10.96400,11.79152
10.96500,11.79252
10.96600,11.79352
10.96700,11.79452
10.96800,11.79552
10.96900,11.79652
10.97000,11.79752
10.97100,11.79852
10.97200,11.79952
10.97300,11.80052
10.97400,11.80152
10.97500,11.80252
10.97600,11.80352
10.97700,11.80452
10.97900,11.80552
10.98000,11.80652
10.98100,11.80752
10.98200,11.80852
10.98300,11.80952
10.98400,11.81052
11.00600,11.81152
11.00700,11.81252
11.00800,11.81352
11.00900,11.81452
11.01000,11.81552
11.01100,11.81652
11.01200,11.81752
11.01300,11.81852
11.01400,11.81952
11.01500,11.82052
11.01600,11.82152
11.01700,11.82252
11.01800,11.82352
11.01900,11.82452
11.02000,11.82552
11.02100,11.82652
11.02200,11.82752
11.02300,11.82852
11.02400,11.82952
11.02500,11.83052
11.02600,11.83152
11.02700,11.83252
11.02800,11.83352
11.02900,11.83452
11.03000,11.83552
11.03100,11.83652
11.03200,11.83752
11.04100,11.83852
11.04200,11.83952
11.04300,11.84052
11.04400,11.84152
11.04500,11.84252
11.04600,11.84352
11.04700,11.84452
11.04800,11.84552
11.04900,11.84652
11.05000,11.84752
11.05400,11.84852
11.05500,11.84952
11.05600,11.85052
11.05700,11.85152
11.05800,11.85252
11.05900,11.85352
11.06000,11.85452
11.06100,11.85552
11.06200,11.85652
11.06300,11.85752
11.06400,11.85852
11.06500,11.85952
11.06700,11.86052
11.06800,11.86152
11.08000,11.86252
11.08100,11.86352
11.08200,11.86452
11.08300,11.86552
11.08400,11.86652
11.08500,11.86752
11.08600,11.86852
11.08700,11.86952
11.08800,11.87052
11.08900,11.87152
11.09000,11.87252
11.09100,11.87352
11.09200,11.87452
11.09300,11.87552
11.09400,11.87652
11.09500,11.87752
11.09600,11.87852
11.09700,11.87952
11.09800,11.88052
11.09900,11.88152
11.10000,11.88252
11.10100,11.88352
11.10200,11.88452
11.10300,11.88552
11.10400,11.88652
11.10800,11.88752
11.10900,11.88852
11.11000,11.88952
11.11100,11.89052
11.11200,11.89152
11.11300,11.89252
11.11400,11.89352
11.11500,11.89452
11.11600,11.89552
11.11700,11.89652
11.11800,11.89752
11.11900,11.89852
11.12000,11.89952
11.12100,11.90052
11.12200,11.90152
11.12300,11.90252
11.12400,11.90352
11.12500,11.90452
11.12600,11.90552
11.12700,11.90652
11.12800,11.90752
11.12900,11.90852
11.13000,11.90952
11.13100,11.91052
11.13200,11.91152
11.13300,11.91252
11.13400,11.91352
11.13500,11.91452
11.13600,11.91552
11.13700,11.91652
11.13800,11.91752
11.13900,11.91852
11.14000,11.91952
11.14100,11.92052
11.14200,11.92152
11.14300,11.92252
11.14400,11.92352
11.14500,11.92452
11.14600,11.92552
11.14700,11.92652
11.14800,11.92752
11.14900,11.92852
11.15000,11.92952
11.15100,11.93052
11.15200,11.93152
11.15300,11.93252
11.15400,11.93352
11.15500,11.93452
11.15600,11.93552
11.15700,11.93652
11.15800,11.93752
11.15900,11.93852
11.16000,11.93952
11.16100,11.94052
11.16200,11.94152
11.16300,11.94252
11.16400,11.94352
11.16500,11.94452
11.16600,11.94552
11.16700,11.94652
11.16800,11.94752
11.16900,11.94852
11.17000,11.94952
11.17100,11.95052
11.17200,11.95152
11.17300,11.95252
11.17400,11.95352
11.17500,11.95452
11.17600,11.95552
11.17700,11.95652
11.17800,11.95752
11.17900,11.95852
11.18000,11.95952
11.18100,11.96052
11.18200,11.96152
11.18300,11.96252
11.18400,11.96352
11.18500,11.96452
11.18600,11.96552
11.18700,11.96652
11.18800,11.96752
11.18900,11.96852
11.19000,11.96952
11.19100,11.97052
11.19200,11.97152
11.19300,11.97252
11.19400,11.97352
11.19500,11.97452
11.19600,11.97552
11.19700,11.97652
11.19800,11.97752
11.19900,11.97852
11.20000,11.97952
11.20100,11.98052
11.20200,11.98152
11.20300,11.98252
11.20400,11.98352
11.20500,11.98452
11.20600,11.98552
11.20700,11.98652
11.20800,11.98752
11.20900,11.98852
11.21000,11.98952
11.21100,11.99052
11.21200,11.99152
11.21300,11.99252
11.21400,11.99352
11.21500,11.99452
11.21600,11.99552
11.21700,11.99652
11.21800,11.99752
11.21900,11.99852
11.22000,11.99952
11.22100,12.00052
11.22200,12.00152
11.22300,12.00252
11.22400,12.00352
11.22500,12.00452
11.22600,12.00552
11.22700,12.00652
11.22800,12.00752
11.22900,12.00852
11.23000,12.00952
11.23100,12.01052
11.23200,12.01152
11.23300,12.01252
11.23400,12.01352
11.23500,12.01452
11.23600,12.01552
11.23800,12.01652
11.24200,12.01752
11.24300,12.01852
11.24400,12.01952
11.24500,12.02052
11.24600,12.02152
11.24700,12.02252
11.24800,12.02352
11.24900,12.02452
11.25000,12.02552
11.25100,12.02652
11.25200,12.02752
11.25300,12.02852
11.25400,12.02952
11.25500,12.03052
11.25600,12.03152
11.25700,12.03252
11.25800,12.03352
11.25900,12.03452
11.26000,12.03552
11.26100,12.03652
11.26200,12.03752
11.26300,12.03852
11.26400,12.03952
11.26500,12.04052
11.26600,12.04152
11.26700,12.04252
11.26800,12.04352
11.26900,12.04452
11.27000,12.04552
11.27100,12.04652
11.27200,12.04752
11.27300,12.04852
11.27400,12.04952
11.27500,12.05052
11.27600,12.05152
11.27700,12.05252
11.27800,12.05352
11.27900,12.05452
11.28000,12.05552
11.28100,12.05652
11.28200,12.05752
11.28300,12.05852
11.28400,12.05952
11.28500,12.06052
11.28600,12.06152
11.28700,12.06252
11.28800,12.06352
11.28900,12.06452
11.29000,12.06552
11.29100,12.06652
11.29200,12.06752
11.29300,12.06852
11.29400,12.06952
11.29500,12.07052
11.29600,12.07152
11.29700,12.07252
11.29800,12.07352
11.30100,12.07452
11.30200,12.07552
11.30300,12.07652
11.30400,12.07752
11.30500,12.07852
11.30600,12.07952
11.30700,12.08052
11.30800,12.08152
11.30900,12.08252
11.31000,12.08352
11.31100,12.08452
11.31200,12.08552
11.31300,12.08652
11.31400,12.08752
11.31500,12.08852
11.31600,12.08952
11.31700,12.09052
11.31800,12.09152
11.31900,12.09252
11.32000,12.09352
11.32100,12.09452
11.32200,12.09552
11.32300,12.09652
11.32400,12.09752
11.32500,12.09852
11.32600,12.09952
11.32700,12.10052
11.32800,12.10152
11.32900,12.10252
11.33200,12.10352
11.33300,12.10452
11.33400,12.10552
11.33500,12.10652
11.33600,12.10752
11.33700,12.10852
11.33800,12.10952
11.33900,12.11052
11.34000,12.11152
11.34100,12.11252
11.34200,12.11352
11.34300,12.11452
11.34400,12.11552
11.34500,12.11652
11.34600,12.11752
11.34700,12.11852
11.34800,12.11952
11.34900,12.12052
11.35000,12.12152
11.35100,12.12252
11.35200,12.12352
11.35300,12.12452
11.35400,12.12552
11.35500,12.12652
11.35600,12.12752
11.35700,12.12852
11.35800,12.12952
11.35900,12.13052
11.36000,12.13152
11.36100,12.13252
11.36200,12.13352
11.36300,12.13452
11.36400,12.13552
11.36500,12.13652
11.36600,12.13752
11.36700,12.13852
11.36800,12.13952
11.36900,12.14052
11.37000,12.14152
11.37100,12.14252
11.37200,12.14352
11.37300,12.14452
11.37400,12.14552
11.37500,12.14652
11.37600,12.14752
11.37700,12.14852
11.37800,12.14952
11.37900,12.15052
11.38000,12.15152
11.38100,12.15252
11.38200,12.15352
11.38300,12.15452
11.38400,12.15552
11.38500,12.15652
11.38600,12.15752
11.38700,12.15852
11.38800,12.15952
11.38900,12.16052
11.39000,12.16152
11.39100,12.16252
11.39200,12.16352
11.39300,12.16452
11.39400,12.16552
11.39500,12.16652
11.39600,12.16752
11.39700,12.16852
11.39800,12.16952
11.39900,12.17052
11.40000,12.17152
11.40100,12.17252
11.40200,12.17352
11.40300,12.17852
11.40400,12.17952
11.40500,12.18052
11.40600,12.18152
11.40700,12.18252
11.40800,12.18352
11.40900,12.18452
11.41000,12.18552
11.41100,12.18652
11.41200,12.18752
11.41300,12.18852
11.41400,12.18952
11.41500,12.19352
11.41600,12.19452
11.41700,12.19552
11.41800,12.19652
11.41900,12.19752
11.42000,12.19852
11.42100,12.19952
11.42200,12.20052
11.42300,12.20152
11.42400,12.20252
11.42500,12.20352
11.42600,12.20452
11.42700,12.20552
11.42800,12.20652
11.42900,12.20752
11.43000,12.20852
11.43100,12.20952
11.43200,12.21052
11.43300,12.21152
11.43400,12.21252
11.43500,12.21352
11.43600,12.21452
11.43700,12.21552
11.43800,12.21652
11.43900,12.21752
11.44000,12.21852
11.44100,12.21952
11.44200,12.22052
11.44300,12.22152
11.44400,12.22252
11.44500,12.22352
11.44600,12.22452
11.44700,12.22552
11.44800,12.22652
11.44900,12.22752
11.45000,12.22852
11.45100,12.22952
11.45200,12.23052
11.45300,12.23152
11.45400,12.23252
11.45500,12.23352
11.45600,12.23452
11.45700,12.23552
11.45800,12.23852
11.45900,12.23952
11.46000,12.24052
11.46100,12.24152
11.46200,12.24252
11.46300,12.24352
11.46400,12.24452
11.46500,12.24552
11.46600,12.24652
11.46700,12.24752
11.46800,12.25152
11.46900,12.25252
11.47000,12.25352
11.47100,12.25452
11.47200,12.25552
11.47300,12.25652
11.47400,12.25752
11.47500,12.25852
11.47600,12.26552
11.47700,12.26652
11.47800,12.26752
11.47900,12.26852
11.48000,12.26952
11.48100,12.27052
11.48200,12.27152
11.48300,12.27252
11.48400,12.27352
11.48500,12.27452
11.48600,12.27552
11.48700,12.27652
11.48800,12.27752
11.48900,12.27852
11.49000,12.27952
11.49100,12.28052
11.49200,12.28152
11.49300,12.28252
11.49400,12.28352
11.49500,12.28452
11.49600,12.28552
11.49700,12.28652
11.49800,12.28752
11.49900,12.28852
11.50000,12.28952
11.50100,12.29052
11.50200,12.29152
11.50300,12.29252
11.50400,12.29352
11.50500,12.29452
11.50600,12.29552
11.50700,12.29652
11.50800,12.29752
11.50900,12.29852
11.51000,12.29952
11.51100,12.30052
11.51200,12.30152
11.51300,12.30252
11.51400,12.30352
11.51500,12.30452
11.51600,12.30552
11.51700,12.30652
11.51800,12.30752
11.51900,12.30852
11.52000,12.30952
11.52100,12.31052
11.52200,12.31152
11.52300,12.31252
11.52400,12.31352
11.52500,12.31452
11.52600,12.31552
11.52700,12.31652
11.52800,12.31752
11.52900,12.31852
11.53000,12.31952
11.53100,12.32052
11.53200,12.32152
11.53300,12.32252
11.53400,12.32352
11.53500,12.32452
11.53600,12.32552
11.53700,12.32652
11.53800,12.32752
11.53900,12.32852
11.54000,12.32952
11.54100,12.33052
11.54200,12.33152
11.54300,12.33252
11.54400,12.33352
11.54500,12.33452
11.54600,12.33552
11.54700,12.33652
11.54800,12.33752
11.54900,12.33852
11.55000,12.33952
11.55100,12.34052
11.55200,12.34152
11.55300,12.34252
11.55400,12.34352
11.55500,12.34452
11.55600,12.34552
11.55700,12.34652
11.55800,12.34752
11.55900,12.34852
11.56000,12.34952
11.56100,12.35052
11.56200,12.35152
11.56300,12.35252
11.56400,12.35352
11.56500,12.35452
11.56600,12.35552
11.56700,12.35652
11.56800,12.35752
11.56900,12.35852
11.57000,12.35952
11.57100,12.36052
11.57200,12.36152
11.57300,12.36252
11.57400,12.36352
11.57500,12.36452
11.57600,12.36552
11.57700,12.36652
11.57800,12.36752
11.57900,12.36852
11.58000,12.36952
11.58100,12.37052
11.58200,12.37152
11.58300,12.37252
11.58400,12.37352
11.58500,12.37452
11.58600,12.37552
11.58700,12.37652
11.58800,12.37752
11.58900,12.37852
11.59000,12.37952
11.59100,12.38052
11.59200,12.38152
11.59300,12.38252
11.59400,12.38352
11.59500,12.38452
11.59600,12.38552
11.59800,12.38652
11.59900,12.38752
11.60000,12.38852
11.60100,12.38952
11.60200,12.39052
11.60300,12.39152
11.60400,12.39252
11.60500,12.39352
11.60600,12.39452
11.60700,12.39552
11.60800,12.39652
11.60900,12.39752
11.61000,12.39852
11.61100,12.39952
11.61200,12.40052
11.61900,12.40152
11.62000,12.40252
11.62100,12.40352
11.62200,12.40452
11.62300,12.40552
11.62400,12.40652
11.62500,12.40752
11.62600,12.40852
11.62700,12.40952
11.62800,12.41052
11.62900,12.41152
11.63000,12.41252
11.63200,12.41352
11.63300,12.41452
11.63400,12.41552
11.63500,12.41652
11.63600,12.41752
11.63700,12.41852
11.63800,12.41952
11.63900,12.42052
11.64000,12.42152
11.64100,12.42252
11.64200,12.42352
11.64300,12.42452
11.64400,12.42552
11.64500,12.42652
11.64600,12.42752
11.64700,12.42852
11.64800,12.42952
11.64900,12.43052
11.65000,12.43152
11.65100,12.43252
11.65200,12.43352
11.65300,12.43452
11.65400,12.43552
11.65500,12.43652
11.65600,12.43752
11.65700,12.43852
11.65800,12.43952
11.65900,12.44052
11.66000,12.44152
11.66100,12.44252
11.66200,12.44352
11.66300,12.44452
11.66400,12.44552
11.66500,12.44652
11.66600,12.44752
11.66700,12.44852
11.66800,12.44952
11.66900,12.45052
11.67000,12.45152
11.67100,12.45252
11.67200,12.45352
11.67300,12.45452
11.67400,12.45552
11.67500,12.45652
11.67600,12.45752
11.67700,12.45852
11.67800,12.45952
11.67900,12.46052
11.68000,12.46152
11.68100,12.46252
11.68200,12.46352
11.68300,12.46452
11.68400,12.46552
11.68500,12.46652
11.68600,12.46752
11.68700,12.46852
11.68800,12.46952
11.68900,12.47052
11.69000,12.47152
11.69100,12.47252
11.69200,12.47352
11.69300,12.47452
11.69400,12.47552
11.69500,12.47652
11.69600,12.47752
11.69700,12.47852
11.69800,12.47952
11.69900,12.48052
11.70000,12.48152
11.70100,12.48252
11.70200,12.48352
11.70300,12.48452
11.70400,12.48552
11.70500,12.48652
11.70600,12.48752
11.70700,12.48852
11.70800,12.48952
11.70900,12.49052
11.71000,12.49152
11.71100,12.49252
11.71200,12.49352
11.71300,12.49452
11.71400,12.49552
11.71500,12.49652
11.71600,12.49752
11.71700,12.49852
11.71800,12.49952
11.71900,12.50052
11.72000,12.50152
11.72100,12.50252
11.72200,12.50352
11.72300,12.50452
11.72400,12.50552
11.72500,12.50652
11.72600,12.50752
11.72700,12.50852
11.72800,12.50952
11.72900,12.51052
11.73000,12.51152
11.73100,12.51252
11.73200,12.51352
11.73300,12.51452
11.73400,12.51552
11.73500,12.51652
11.73600,12.51752
11.73700,12.51852
11.73800,12.51952
11.73900,12.52052
11.74000,12.52152
11.74100,12.52252
11.74200,12.52352
11.74300,12.52452
11.74400,12.52552
11.74500,12.52652
11.74600,12.52752
11.74700,12.52852
11.74800,12.52952
11.74900,12.53052
11.75000,12.53152
11.75100,12.53252
11.75200,12.53352
11.75300,12.53452
11.75400,12.53552
11.75500,12.53652
11.75600,12.53752
11.75700,12.53852
11.75800,12.53952
11.75900,12.54052
11.76000,12.54152
11.76100,12.54252
11.76200,12.54352
11.76300,12.54452
11.76400,12.54552
11.76500,12.54652
11.76600,12.54752
11.76700,12.54852
11.76800,12.54952
11.76900,12.55052
11.77000,12.55152
11.77100,12.55252
11.77200,12.55352
11.77300,12.55452
11.77400,12.55552
11.77500,12.55652
11.77600,12.55752
11.77700,12.55852
11.77800,12.55952
11.77900,12.56052
11.78000,12.56152
11.78100,12.56252
11.78200,12.56352
11.78300,12.56452
11.78400,12.56552
11.78500,12.56652
11.78600,12.56752
11.78700,12.56852
11.78800,12.56952
11.78900,12.57052
11.79000,12.57152
11.79100,12.57252
11.79200,12.57352
11.79300,12.57452
11.79400,12.57552
11.79500,12.57652
11.79600,12.57752
11.79700,12.57852
11.79800,12.57952
11.79900,12.58052
11.80000,12.58152
11.80100,12.58252
11.80200,12.58352
11.80300,12.58452
11.80400,12.58552
11.80500,12.58652
11.80600,12.58752
11.80700,12.58852
11.80800,12.58952
11.80900,12.59052
11.81000,12.59152
11.81100,12.59252
11.81200,12.59352
11.81300,12.59452
11.81400,12.59552
11.81500,12.59652
11.81600,12.59752
11.81700,12.59852
11.81800,12.59952
11.81900,12.60052
11.82000,12.60152
11.82100,12.60252
11.82200,12.60352
11.82300,12.60452
11.82400,12.60552
11.82500,12.60652
11.82600,12.60752
11.82700,12.60852
11.82800,12.60952
11.82900,12.61052
11.83000,12.61152
11.83100,12.61252
11.83200,12.61352
11.83300,12.61452
11.83400,12.61552
11.83500,12.61652
11.83600,12.61752
11.83700,12.61852
11.83800,12.61952
11.83900,12.62052
11.84000,12.62152
11.84100,12.62252
11.84200,12.62352
11.84300,12.62452
11.84400,12.62552
11.84500,12.62652
11.84600,12.62752
11.84700,12.62852
11.84800,12.62952
11.84900,12.63052
11.85000,12.63152
11.85100,12.63252
11.85200,12.63352
11.85300,12.63452
11.85400,12.63552
11.85500,12.63652
11.85600,12.63752
11.85700,12.63852
11.85800,12.63952
11.85900,12.64052
11.86000,12.64152
11.86100,12.64252
11.86200,12.64352
11.86300,12.64452
11.86400,12.64552
11.86500,12.64652
11.86600,12.64752
11.86700,12.64852
11.86800,12.64952
11.86900,12.65052
11.87000,12.65152
11.87100,12.65252
11.87200,12.65352
11.87300,12.65452
11.87400,12.65552
11.87500,12.65652
11.87600,12.65752
11.87700,12.65852
11.87800,12.65952
11.87900,12.66052
11.88000,12.66152
11.88100,12.66252
11.88200,12.66352
11.88300,12.66452
11.88400,12.66552
11.88500,12.66652
11.88600,12.66752
11.88700,12.66852
11.88800,12.66952
11.88900,12.67052
11.89000,12.67152
11.89100,12.67252
11.89200,12.67352
11.89300,12.67452
11.89400,12.67552
11.89500,12.67652
11.89600,12.67752
11.89700,12.67852
11.89800,12.67952
11.89900,12.68052
11.90000,12.68152
11.90100,12.68252
11.90200,12.68352
11.90300,12.68452
11.90400,12.68552
11.90500,12.68652
11.90600,12.68752
11.90700,12.68852
11.90800,12.68952
11.90900,12.69052
11.91000,12.69152
11.91100,12.69252
11.91200,12.69352
11.91300,12.69452
11.91400,12.69552
11.91500,12.69652
11.91600,12.69752
11.91700,12.69852
11.91800,12.69952
11.91900,12.70052
11.92000,12.70152
11.92100,12.70252
11.92200,12.70352
11.92300,12.70452
11.92400,12.70552
11.92500,12.70652
11.92600,12.70752
11.92700,12.70852
11.92800,12.70952
11.92900,12.71052
11.93000,12.71152
11.93100,12.71252
11.93200,12.71352
11.93300,12.71452
11.93400,12.71552
11.93500,12.71652
11.93600,12.71752
11.93700,12.71852
11.93800,12.71952
11.93900,12.72052
11.94000,12.72152
11.94100,12.72252
11.94200,12.72352
11.94300,12.72452
11.94400,12.72552
11.94500,12.72652
11.94600,12.72752
11.94700,12.72852
11.94800,12.72952
11.94900,12.73052
11.95000,12.73152
11.95100,12.73252
11.95200,12.73352
11.95300,12.73452
11.95400,12.73552
11.95500,12.73652
11.95600,12.73752
11.95700,12.73852
11.95800,12.73952
11.95900,12.74052
11.96000,12.74152
11.96100,12.74252
11.96200,12.74352
11.96300,12.74452
11.96400,12.74552
11.96500,12.74652
11.96600,12.74752
11.96700,12.74852
11.96800,12.74952
11.96900,12.75052
11.97000,12.75152
11.97100,12.75252
11.97200,12.75352
11.97300,12.75452
11.97400,12.75552
11.97500,12.75652
11.97600,12.75752
11.97700,12.75852
11.97800,12.75952
11.97900,12.76052
11.98000,12.76152
11.98100,12.76252
11.98200,12.76352
11.98300,12.76452
11.98400,12.76552
11.98500,12.76652
11.98600,12.76752
11.98700,12.76852
11.98800,12.76952
11.98900,12.77052
11.99000,12.77152
11.99100,12.77252
11.99200,12.77352
11.99300,12.77452
11.99400,12.77552
11.99500,12.77652
11.99600,12.77752
11.99700,12.77852
11.99800,12.77952
11.99900,12.78052
12.00000,12.78152
12.00100,12.78252
12.00200,12.78352
12.00300,12.78452
12.00400,12.78552
12.00500,12.78652
12.00600,12.78752
12.00700,12.78852
12.00800,12.78952
12.00900,12.79052
12.01000,12.79152
12.01100,12.79252
12.01200,12.79352
12.01300,12.79452
12.01400,12.79552
12.01500,12.79652
12.01600,12.79752
12.01700,12.79852
12.01800,12.79952
12.01900,12.80052
12.02000,12.80152
12.02100,12.80252
12.02200,12.80352
12.02300,12.80452
12.02400,12.80552
12.02500,12.80652
12.02600,12.80752
12.02700,12.80852
12.02800,12.80952
12.02900,12.81052
12.03000,12.81152
12.03100,12.81252
12.03200,12.81352
12.03300,12.81452
12.03400,12.81552
12.03500,12.81652
12.03600,12.81752
12.03700,12.81852
12.03800,12.81952
12.03900,12.82052
12.04000,12.82152
12.04100,12.82252
12.04200,12.82352
12.04300,12.82452
12.04400,12.82552
12.04500,12.82652
12.04600,12.82752
12.04700,12.82852
12.04800,12.82952
12.04900,12.83052
12.05000,12.83152
12.05100,12.83252
12.05200,12.83352
12.05300,12.83452
12.05400,12.83552
12.05500,12.83652
12.05600,12.83752
12.05700,12.83852
12.05800,12.83952
12.05900,12.84052
12.06000,12.84152
12.06100,12.84252
12.06200,12.84352
12.06300,12.84452
12.06400,12.84552
12.06500,12.84652
12.06600,12.84752
12.06700,12.84852
12.06800,12.84952
12.06900,12.85052
12.07000,12.85152
12.07100,12.85252
12.07200,12.85352
12.07300,12.85452
12.07400,12.85552
12.07500,12.85652
12.07600,12.85752
12.07700,12.85852
12.07800,12.85952
12.07900,12.86052
12.08000,12.86152
12.08100,12.86252
12.08200,12.86352
12.08300,12.86652
12.08400,12.86752
12.08500,12.86852
12.08600,12.86952
12.08700,12.87052
12.08800,12.87152
12.08900,12.87252
12.09000,12.87352
12.09100,12.87452
12.09200,12.87552
12.09300,12.87652
12.09400,12.87752
12.09500,12.87852
12.09600,12.87952
12.09700,12.88052
12.09800,12.88152
12.09900,12.89052
12.10000,12.90452
12.10100,12.90552
12.10200,12.90652
12.10300,12.90752
12.10400,12.90852
12.10500,12.90952
12.10600,12.91052
12.10700,12.91152
12.10800,12.91252
12.10900,12.91352
12.11000,12.91452
12.11100,12.91552
12.11200,12.91652
12.11300,12.91752
12.11400,12.91852
12.11500,12.91952
12.11600,12.92052
12.11700,12.92152
12.11800,12.92252
12.11900,12.92352
12.12000,12.92452
12.12100,12.92552
12.12200,12.92652
12.12300,12.92752
12.12400,12.92852
12.12500,12.92952
12.12600,12.93052
12.12700,12.93152
12.12800,12.93252
12.12900,12.93352
12.13000,12.93452
12.13100,12.93552
12.13200,12.93652
12.13300,12.93752
12.13400,12.93852
12.13500,12.93952
12.13600,12.94052
12.13700,12.94152
12.13800,12.94252
12.13900,12.94352
12.14000,12.94452
12.14100,12.94552
12.14200,12.94652
12.14300,12.94752
12.14400,12.94852
12.14500,12.94952
12.14600,12.95052
12.14700,12.95152
12.14800,12.95252
12.14900,12.95352
12.15000,12.95452
12.15100,12.95552
12.15200,12.95652
12.15300,12.95752
12.15400,12.95852
12.15500,12.95952
12.15600,12.96052
12.15700,12.96152
12.15800,12.96252
12.15900,12.96352
12.16000,12.96452
12.16100,12.96552
12.16200,12.96652
12.16300,12.96752
12.16400,12.96852
12.16500,12.96952
12.16600,12.97052
12.16700,12.97152
12.16800,12.97252
12.16900,12.97352
12.17000,12.97452
12.17100,12.97552
12.17200,12.97652
12.17300,12.97752
12.17400,12.97852
12.17500,12.97952
12.17600,12.98052
12.17700,12.98152
12.17800,12.98252
12.17900,12.98352
12.18000,12.98452
12.18100,12.98552
12.18200,12.98652
12.18300,12.98752
12.18400,12.98852
12.18500,12.98952
12.18600,12.99052
12.18700,12.99152
12.18800,12.99252
12.18900,12.99352
12.19000,12.99452
12.19100,12.99552
12.19200,12.99652
12.19300,12.99752
12.19400,12.99852
12.19500,12.99952
12.19600,13.00052
12.19700,13.00152
12.19800,13.00252
12.19900,13.00352
12.20000,13.00452
12.20100,13.00552
12.20200,13.00652
12.20300,13.00752
12.20400,13.00852
12.20500,13.00952
12.20600,13.01052
12.20700,13.01152
12.20800,13.01252
12.20900,13.01352
12.21000,13.01452
12.21100,13.01552
12.21200,13.01652
12.21300,13.01752
12.21400,13.01852
12.21500,13.01952
12.21600,13.02052
12.21700,13.02152
12.21800,13.02252
12.21900,13.02352
12.22000,13.02452
12.22100,13.02552
12.22200,13.02652
12.22300,13.02752
12.22400,13.02852
12.22500,13.02952
12.22600,13.03052
12.22700,13.03152
12.22800,13.03252
12.22900,13.03352
12.23000,13.03452
12.23100,13.03552
12.23200,13.03652
12.23300,13.03752
12.23400,13.03852
12.23500,13.03952
12.23600,13.04052
12.23700,13.04152
12.23800,13.04252
12.23900,13.04352
12.24000,13.04452
12.24100,13.04552
12.24200,13.04652
12.24300,13.04752
12.24400,13.04852
12.24500,13.04952
12.24600,13.05052
12.24700,13.05152
12.24800,13.05252
12.24900,13.05352
12.25000,13.05452
12.25100,13.05552
12.25200,13.05652
12.25300,13.05752
12.25400,13.05852
12.25500,13.05952
12.25600,13.06052
12.25700,13.06152
12.25800,13.06252
12.25900,13.06352
12.26000,13.06452
12.26100,13.06552
12.26200,13.06652
12.26300,13.06752
12.26400,13.06852
12.26500,13.06952
12.26600,13.07052
12.26700,13.07152
12.26800,13.07252
12.26900,13.07352
12.27000,13.07452
12.27100,13.07552
12.27200,13.07652
12.27300,13.07752
12.27400,13.07852
12.27500,13.07952
12.27600,13.08052
12.27700,13.08152
12.27800,13.08252
12.27900,13.08352
12.28000,13.08452
12.28100,13.08552
12.28200,13.08652
12.28300,13.08752
12.28400,13.08852
12.28500,13.08952
12.28600,13.09052
12.28700,13.09152
12.28800,13.09252
12.28900,13.09352
12.29000,13.09452
12.29100,13.09552
12.29200,13.09652
12.29300,13.09752
12.29400,13.09852
12.29500,13.09952
12.29600,13.10052
12.29700,13.10152
12.29800,13.10252
12.29900,13.10352
12.30000,13.10452
12.30100,13.10552
12.30200,13.10652
12.30300,13.10752
12.30400,13.10852
12.30500,13.10952
12.30600,13.11052
12.30700,13.11152
12.30800,13.11252
12.30900,13.11352
12.31000,13.11452
12.31100,13.11552
12.31200,13.11652
12.31300,13.11752
12.31400,13.11852
12.31500,13.11952
12.31600,13.12052
12.31700,13.12152
12.31800,13.12252
12.31900,13.12352
12.32000,13.12452
12.32100,13.12552
12.32200,13.12652
12.32300,13.12752
12.32400,13.12852
12.32500,13.12952
12.32600,13.13052
12.32700,13.13152
12.32800,13.13252
12.32900,13.13352
12.33000,13.13452
12.33100,13.13552
12.33200,13.13652
12.33300,13.13752
12.33400,13.13852
12.33500,13.13952
12.33600,13.14052
12.33700,13.14152
12.33800,13.14252
12.33900,13.14352
12.34000,13.14452
12.34100,13.14552
12.34200,13.14652
12.34300,13.14752
12.34400,13.14852
12.34500,13.14952
12.34600,13.15052
12.34700,13.15152
12.34800,13.15252
12.34900,13.15352
12.35000,13.15452
12.35100,13.15552
12.35200,13.15652
12.35300,13.15752
12.35400,13.15852
12.35500,13.15952
12.35600,13.16052
12.35700,13.16152
12.35800,13.16252
12.35900,13.16352
12.36000,13.16452
12.36100,13.16552
12.36200,13.16652
12.36300,13.16752
12.36400,13.16852
12.36500,13.16952
12.36600,13.17052
12.36700,13.17152
12.36800,13.17252
12.36900,13.17352
12.37000,13.17452
12.37100,13.17552
12.37200,13.17652
12.37300,13.17752
12.37400,13.17852
12.37500,13.17952
12.37600,13.18052
12.37700,13.18152
12.37800,13.18252
12.37900,13.18352
12.38000,13.18452
12.38100,13.18552
12.38200,13.18652
12.38300,13.18752
12.38400,13.18852
12.38500,13.18952
12.38600,13.19052
12.38700,13.19152
12.38800,13.19252
12.38900,13.19352
12.39000,13.19452
12.39100,13.19552
12.39200,13.19652
12.39300,13.19752
12.39400,13.19852
12.39500,13.19952
12.39600,13.20052
12.39700,13.20152
12.39800,13.20252
12.39900,13.20352
12.40000,13.20452
12.40100,13.20552
12.40200,13.20652
12.40300,13.20752
12.40400,13.20852
12.40500,13.20952
12.40600,13.21052
12.40700,13.21152
12.40800,13.21252
12.40900,13.21352
12.41000,13.21452
12.41100,13.21552
12.41200,13.21652
12.41300,13.21752
12.41400,13.21852
12.41500,13.21952
12.41600,13.22052
12.41700,13.22152
12.41800,13.22252
12.41900,13.22352
12.42000,13.22452
12.42100,13.22552
12.42200,13.22652
12.42300,13.22752
12.42400,13.22852
12.42500,13.22952
12.42600,13.23052
12.42700,13.23152
12.42800,13.23252
12.42900,13.23352
12.43000,13.23452
12.43100,13.23552
12.43200,13.23652
12.43300,13.23752
12.43400,13.23852
12.43500,13.23952
12.43600,13.24052
12.43700,13.24152
12.43800,13.24252
12.43900,13.24352
12.44000,13.24452
12.44100,13.24552
12.44200,13.24652
12.44300,13.24752
12.44400,13.24852
12.44500,13.24952
12.44600,13.25052
12.44700,13.25152
12.44800,13.25252
12.44900,13.25352
12.45000,13.25452
12.45100,13.25552
12.45200,13.25652
12.45300,13.25752
12.45400,13.25852
12.45500,13.25952
12.45600,13.26052
12.45700,13.26152
12.45800,13.26252
12.45900,13.26352
12.46000,13.26452
12.46100,13.26552
12.46200,13.26652
12.46300,13.26752
12.46400,13.26852
12.46500,13.26952
12.46600,13.27052
12.46700,13.27152
12.46800,13.27252
12.46900,13.27352
12.47000,13.27452
12.47100,13.27552
12.47200,13.27652
12.47300,13.27752
12.47400,13.27852
12.47500,13.27952
12.47600,13.28052
12.47700,13.28152
12.47800,13.28252
12.47900,13.28352
12.48000,13.28452
12.48100,13.28552
12.48200,13.28652
12.48300,13.28752
12.48400,13.28852
12.48500,13.28952
12.48600,13.29052
12.48700,13.29152
12.48800,13.29252
12.48900,13.29352
12.49000,13.29452
12.49100,13.29552
12.49200,13.29652
12.49300,13.29752
12.49400,13.29852
12.49500,13.29952
12.49600,13.30052
12.49700,13.30152
12.49800,13.30252
12.49900,13.30352
12.50000,13.30452
12.50100,13.30552
12.50200,13.30652
12.50300,13.30752
12.50400,13.30852
12.50500,13.30952
12.50600,13.31052
12.50700,13.31152
12.50800,13.31252
12.50900,13.31352
12.51000,13.31452
12.51100,13.31552
12.51200,13.31652
12.51300,13.31752
12.51400,13.31852
12.51500,13.31952
12.51600,13.32052
12.51700,13.32152
12.51800,13.32252
12.51900,13.32352
12.52000,13.32452
12.52100,13.32552
12.52200,13.32652
12.52300,13.32752
12.52400,13.32852
12.52500,13.32952
12.52600,13.33052
12.52700,13.33152
12.52800,13.33252
12.52900,13.33352
12.53000,13.33452
12.53100,13.33552
12.53200,13.33652
12.53300,13.33752
12.53400,13.33852
12.53500,13.33952
12.53600,13.34052
12.53700,13.34152
12.53800,13.34252
12.53900,13.34352
12.54000,13.34452
12.54100,13.34552
12.54200,13.34652
12.54300,13.34752
12.54400,13.34852
12.54500,13.34952
12.54600,13.35052
12.54700,13.35152
12.54800,13.35252
12.54900,13.35352
12.55000,13.35452
12.55100,13.35552
12.55200,13.35652
12.55300,13.35752
12.55400,13.35852
12.55500,13.35952
12.55600,13.36052
12.55700,13.36152
12.55800,13.36352
12.55900,13.36452
12.56000,13.36552
12.56100,13.36652
12.56200,13.36752
12.56300,13.36852
12.56400,13.36952
12.56500,13.37052
12.56600,13.37152
12.56700,13.37252
12.56800,13.37352
12.56900,13.37452
12.57000,13.37552
12.57100,13.37652
12.57200,13.37752
12.57300,13.37852
12.57400,13.37952
12.57500,13.38052
12.57600,13.38152
12.57700,13.38252
12.57800,13.38352
12.57900,13.38452
12.58000,13.38552
12.58100,13.38652
12.58200,13.38752
12.58300,13.38852
12.58400,13.39252
12.58500,13.39552
12.58600,13.39652
12.58700,13.39752
12.58800,13.39852
12.58900,13.39952
12.59000,13.40452
12.59100,13.40552
12.59200,13.40652
12.59300,13.40952
12.59400,13.41052
12.59500,13.41152
12.59600,13.41252
12.59700,13.41352
12.59800,13.41452
12.59900,13.41552
12.60000,13.41652
12.60100,13.41752
12.60200,13.41852
12.60300,13.41952
12.60400,13.42052
12.60500,13.42152
12.60600,13.42252
12.60700,13.42352
12.60800,13.42452
12.60900,13.42552
12.61000,13.42652
12.61100,13.42752
12.61200,13.42852
12.61300,13.42952
12.61400,13.43052
12.61500,13.43152
12.61600,13.43252
12.61700,13.43352
12.61800,13.43452
12.61900,13.43552
12.62000,13.43652
12.62100,13.43752
12.62200,13.43852
12.62300,13.43952
12.62400,13.44052
12.62500,13.44152
12.62600,13.44252
12.62700,13.44352
12.62800,13.44452
12.62900,13.44552
12.63000,13.44652
12.63100,13.44752
12.63200,13.44852
12.63300,13.44952
12.63400,13.45052
12.63500,13.45152
12.63600,13.45252
12.63700,13.45352
12.63800,13.45452
12.63900,13.45552
12.64000,13.45652
12.64100,13.45752
12.64200,13.45852
12.64300,13.45952
12.64400,13.46052
12.64500,13.46152
12.64600,13.46252
12.64700,13.46352
12.64800,13.46452
12.64900,13.46552
12.65000,13.46652
12.65100,13.46752
12.65200,13.46852
12.65300,13.46952
12.65400,13.47052
12.65500,13.47152
12.65600,13.47252
12.65700,13.47352
12.65800,13.47452
12.65900,13.47552
12.66000,13.47652
12.66100,13.47752
12.66200,13.47852
12.66300,13.47952
12.66400,13.48052
12.66500,13.48152
12.66600,13.48252
12.66700,13.48352
12.66800,13.48452
12.66900,13.48552
12.67000,13.48652
12.67100,13.48752
12.67200,13.48852
12.67300,13.48952
12.67400,13.49052
12.67500,13.49152
12.67600,13.49252
12.67700,13.49352
12.67800,13.49452
12.67900,13.49552
12.68000,13.49652
12.68100,13.49752
12.68200,13.49852
12.68300,13.49952
12.68400,13.50052
12.68500,13.50152
12.68600,13.50252
12.68700,13.50352
12.68800,13.50452
12.68900,13.50552
12.69000,13.50652
12.69100,13.50752
12.69200,13.50852
12.69300,13.50952
12.69400,13.51052
12.69500,13.51152
12.69600,13.51252
12.69700,13.51352
12.69800,13.51452
12.69900,13.51552
12.70000,13.51652
12.70100,13.51752
12.70200,13.51852
12.70300,13.51952
12.70400,13.52052
12.70500,13.52152
12.70600,13.52252
12.70700,13.52352
12.70800,13.52452
12.70900,13.52552
12.71000,13.52652
12.71100,13.52752
12.71200,13.52852
12.71300,13.53152
12.71400,13.53252
12.71500,13.53352
12.71600,13.53452
12.71700,13.53552
12.71800,13.53652
12.71900,13.53752
12.72000,13.53852
12.72100,13.53952
12.72200,13.54052
12.72300,13.54152
12.72400,13.54252
12.72500,13.54352
12.72600,13.54452
12.72700,13.54552
12.72800,13.54652
12.72900,13.54752
12.73000,13.54852
12.73100,13.54952
12.73200,13.55052
12.73300,13.55152
12.73400,13.55252
12.73500,13.55352
12.73600,13.55452
12.73700,13.55552
12.73800,13.55652
12.73900,13.55752
12.74000,13.55852
12.74100,13.55952
12.74200,13.56052
12.74300,13.56152
12.74400,13.56252
12.74500,13.56352
12.74600,13.56452
12.74700,13.56552
12.74800,13.56652
12.74900,13.56752
12.75000,13.56852
12.75100,13.56952
12.75200,13.57052
12.75300,13.57152
12.75400,13.57252
12.75500,13.57352
12.75600,13.57452
12.75700,13.57552
12.75800,13.57652
12.75900,13.57752
12.76000,13.57852
12.76100,13.57952
12.76200,13.58052
12.76300,13.58152
12.76400,13.58252
12.76500,13.58352
12.76600,13.58452
12.76700,13.58552
12.76800,13.58652
12.76900,13.58752
12.77000,13.58852
12.77100,13.58952
12.77200,13.59052
12.77300,13.59152
12.77400,13.59252
12.77500,13.59352
12.77600,13.59452
12.77700,13.59552
12.77800,13.59652
12.77900,13.59752
12.78000,13.59852
12.78100,13.59952
12.78200,13.60052
12.78300,13.60152
12.78400,13.60252
12.78500,13.60352
12.78600,13.60452
12.78700,13.60552
12.78800,13.60652
12.78900,13.60752
12.79000,13.60852
12.79100,13.60952
12.79200,13.61052
12.79300,13.61152
12.79400,13.61252
12.79500,13.61352
12.79600,13.61452
12.79700,13.61552
12.79800,13.61652
12.79900,13.61752
12.80000,13.61852
12.80100,13.61952
12.80200,13.62052
12.80300,13.62152
12.80400,13.62252
12.80500,13.62352
12.80600,13.62452
12.80700,13.62552
12.80800,13.62652
12.80900,13.62752
12.81000,13.62852
12.81100,13.62952
12.81200,13.63052
12.81300,13.63152
12.81400,13.63252
12.81500,13.63352
12.81600,13.63452
12.81700,13.63552
12.81800,13.63652
12.81900,13.63752
12.82000,13.63852
12.82100,13.63952
12.82200,13.64052
12.82300,13.64152
12.82400,13.64252
12.82500,13.64352
12.82600,13.64452
12.82700,13.64552
12.82800,13.64652
12.82900,13.64752
12.83000,13.64852
12.83100,13.64952
12.83200,13.65052
12.83300,13.65152
12.83400,13.65252
12.83500,13.65352
12.83600,13.65452
12.83700,13.65552
12.83800,13.65652
12.83900,13.65752
12.84000,13.65852
12.84100,13.65952
12.84200,13.66052
12.84300,13.66152
12.84400,13.66252
12.84500,13.66352
12.84600,13.66452
12.84700,13.66552
12.84800,13.66652
12.84900,13.66752
12.85000,13.66852
12.85100,13.66952
12.85200,13.67052
12.85300,13.67152
12.85400,13.67252
12.85500,13.67352
12.85700,13.67452
12.85800,13.67552
12.85900,13.67652
12.86000,13.67752
12.86100,13.67852
12.86200,13.67952
12.86300,13.68052
12.86400,13.68152
12.86600,13.68252
12.86700,13.68352
12.86800,13.68452
12.86900,13.68552
12.87100,13.68652
12.87200,13.68752
12.87300,13.68852
12.87400,13.68952
12.87500,13.69052
12.87600,13.69152
12.87700,13.69252
12.87800,13.69352
12.87900,13.69452
12.88000,13.69552
12.88100,13.69652
12.88200,13.69752
12.88300,13.69852
12.88400,13.69952
12.88500,13.70052
12.88600,13.70152
12.88700,13.70252
12.88800,13.70352
12.88900,13.70452
12.89000,13.70552
12.89100,13.70652
12.89200,13.70752
12.89300,13.70852
12.89400,13.70952
12.89500,13.71052
12.89600,13.71152
12.89700,13.71252
12.89800,13.71352
12.89900,13.71452
12.90000,13.71552
12.90100,13.71652
12.90200,13.71752
12.90300,13.71852
12.90400,13.71952
12.90500,13.72052
12.90600,13.72152
12.90700,13.72252
12.90800,13.72352
12.90900,13.72452
12.91000,13.72552
12.91100,13.72652
12.91200,13.72752
12.91300,13.72852
12.91400,13.72952
12.91500,13.73052
12.91600,13.73152
12.91700,13.73252
12.91800,13.73352
12.91900,13.73452
12.92000,13.73552
12.92100,13.73652
12.92200,13.73752
12.92300,13.73852
12.92400,13.73952
12.92500,13.74052
12.92600,13.74152
12.92700,13.74252
12.92800,13.74352
12.92900,13.74452
12.93000,13.74552
12.93100,13.74652
12.93200,13.74752
12.93300,13.74852
12.93400,13.74952
12.93500,13.75052
12.93600,13.75152
12.93700,13.75252
12.93800,13.75352
12.93900,13.75452
12.94000,13.75552
12.94100,13.75652
12.94200,13.75752
12.94300,13.75852
12.94400,13.75952
12.94500,13.76052
12.94600,13.76152
12.94700,13.76252
12.94800,13.76352
12.94900,13.76452
12.95000,13.76552
12.95100,13.76652
12.95200,13.76752
12.95300,13.76852
12.95400,13.76952
12.95500,13.77052
12.95600,13.77152
12.95700,13.77252
12.95800,13.77352
12.95900,13.77452
12.96000,13.77552
12.96100,13.77652
12.96200,13.77752
12.96300,13.77852
12.96400,13.77952
12.96500,13.78052
12.96600,13.78152
12.96700,13.78252
12.96800,13.78352
12.96900,13.78452
12.97000,13.78552
12.97100,13.78652
12.97200,13.78752
12.97300,13.78852
12.97400,13.78952
12.97500,13.79052
12.97600,13.79152
12.97700,13.79252
12.97800,13.79352
12.97900,13.79452
12.98000,13.79552
12.98100,13.79652
12.98200,13.79752
12.98300,13.79852
12.98400,13.79952
12.98500,13.80052
12.98600,13.80152
12.98700,13.80252
12.98800,13.80352
12.98900,13.80452
12.99000,13.80552
12.99100,13.80652
12.99900,13.80752
13.00000,13.80852
13.00100,13.80952
13.00200,13.81052
13.00300,13.81152
13.00400,13.81252
13.00500,13.81352
13.00600,13.81452
13.00700,13.81552
13.00800,13.81652
13.00900,13.81752
13.01000,13.81852
13.01100,13.81952
13.01200,13.82052
13.01300,13.82152
13.01400,13.82252
13.01500,13.82352
13.01600,13.82452
13.01700,13.82552
13.01800,13.82652
13.01900,13.82752
13.02000,13.82852
13.02100,13.82952
13.02200,13.83052
13.02300,13.83152
13.02400,13.83252
13.02500,13.83352
13.02600,13.83452
13.02700,13.83552
13.02800,13.83652
13.02900,13.83752
13.03000,13.83852
13.03100,13.83952
13.03200,13.84052
13.03300,13.84152
13.03400,13.84252
13.03500,13.84952
13.03600,13.85052
13.03700,13.85152
13.03800,13.85252
13.03900,13.85352
13.04000,13.85452
13.04100,13.85552
13.04200,13.85652
13.04300,13.85752
13.04400,13.85852
13.04500,13.85952
13.04600,13.86052
13.04700,13.86152
13.04800,13.86252
13.04900,13.86352
13.05000,13.86452
13.05100,13.86552
13.05200,13.86652
13.05300,13.86752
13.05400,13.86852
13.05500,13.86952
13.05600,13.87052
13.05700,13.87152
13.05800,13.87252
13.05900,13.87352
13.06000,13.87452
13.06100,13.87552
13.06200,13.87652
13.06300,13.87752
13.06400,13.87852
13.06500,13.87952
13.06600,13.88052
13.06700,13.88152
13.06800,13.88252
13.06900,13.88352
13.07000,13.88452
13.07100,13.88552
13.07200,13.88652
13.07300,13.88752
13.07400,13.88852
13.07500,13.88952
13.07600,13.89052
13.07700,13.89152
13.07800,13.89252
13.07900,13.89352
13.08000,13.89452
13.08100,13.89552
13.08200,13.89652
13.08300,13.89752
13.08400,13.89952
13.08500,13.90352
13.08600,13.90452
13.08700,13.90552
13.08800,13.90752
13.08900,13.90852
13.09000,13.90952
13.09100,13.91052
13.09200,13.91152
13.09300,13.91252
13.09400,13.91352
13.09500,13.91452
13.09600,13.92552
13.09700,13.92652
13.09800,13.92752
13.09900,13.92852
13.10000,13.92952
13.10100,13.93052
13.10200,13.93152
13.10300,13.93252
13.10400,13.93352
13.10500,13.93452
13.10600,13.93552
13.10700,13.93652
13.10800,13.93752
13.10900,13.93852
13.11000,13.93952
13.11100,13.94052
13.11200,13.94152
13.11300,13.94252
13.11400,13.94352
13.11500,13.94452
13.11600,13.94552
13.11700,13.94652
13.11800,13.94752
13.11900,13.94852
13.12000,13.94952
13.12100,13.95052
13.12200,13.95152
13.12300,13.95252
13.12400,13.95352
13.12500,13.95452
13.12600,13.95552
13.12700,13.95652
13.12800,13.95752
13.12900,13.95852
13.13000,13.95952
13.13100,13.96052
13.13200,13.96152
13.13300,13.96252
13.13400,13.96452
13.13500,13.96552
13.13600,13.96652
13.13700,13.96752
13.13800,13.96852
13.13900,13.96952
13.14000,13.97052
13.14100,13.97152
13.14200,13.97252
13.14300,13.97352
13.14400,13.97452
13.14500,13.97552
13.14600,13.97652
13.14700,13.97752
13.14800,13.97852
13.14900,13.97952
13.15000,13.98052
13.15100,13.98152
13.15200,13.98252
13.15300,13.98352
13.15400,13.98452
13.15500,13.98552
13.15600,13.98652
13.15700,13.98752
13.15800,13.98852
13.15900,13.98952
13.16000,13.99052
13.16100,13.99152
13.16200,13.99252
13.16300,13.99352
13.16400,13.99452
13.16500,13.99552
13.16600,13.99652
13.16700,13.99752
13.16800,13.99852
13.16900,13.99952
13.17000,14.00052
13.17100,14.00152
13.17200,14.00252
13.17300,14.00352
13.17400,14.00452
13.17500,14.00552
13.17600,14.00652
13.17700,14.00752
13.17800,14.00852
13.17900,14.00952
13.18000,14.01052
13.18100,14.01152
13.18200,14.01252
13.18300,14.01352
13.18400,14.01452
13.18500,14.01552
13.18600,14.01652
13.18700,14.01752
13.18800,14.01852
13.18900,14.01952
13.19000,14.02052
13.19100,14.02152
13.19200,14.02252
13.19300,14.02352
13.20200,14.02452
13.20300,14.02552
13.20400,14.02652
13.20500,14.02752
13.20600,14.02852
13.20700,14.02952
13.20800,14.03052
13.20900,14.03152
13.21000,14.03252
13.21100,14.03352
13.21200,14.03452
13.21300,14.03552
13.21400,14.03652
13.21500,14.03752
13.21600,14.03852
13.21700,14.03952
13.21800,14.04052
13.21900,14.04152
13.22000,14.04252
13.22100,14.04352
13.22200,14.04452
13.22300,14.04552
13.22400,14.04652
13.22500,14.04752
13.22600,14.04852
13.22700,14.04952
13.22900,14.05052
13.23100,14.05152
13.23300,14.05252
13.23400,14.05352
13.23600,14.05452
13.23700,14.05552
13.23800,14.05652
13.23900,14.05752
13.24000,14.05852
13.24100,14.05952
13.24200,14.06052
13.24300,14.06152
13.24400,14.06252
13.24500,14.06352
13.24600,14.06452
13.24700,14.06552
13.24800,14.06652
13.24900,14.06752
13.25000,14.06852
13.25100,14.06952
13.25200,14.07052
13.25300,14.07152
13.25400,14.07252
13.25500,14.07352
13.25600,14.07452
13.25700,14.07552
13.25800,14.07652
13.25900,14.07752
13.26000,14.07852
13.26100,14.07952
13.26200,14.08052
13.26300,14.08152
13.26400,14.08252
13.26500,14.08352
13.26600,14.08452
13.26700,14.08552
13.26800,14.08652
13.26900,14.08752
13.27000,14.08852
13.27100,14.08952
13.27200,14.09052
13.27300,14.09152
13.27400,14.09252
13.27500,14.09352
13.27600,14.09452
13.27700,14.09552
13.27800,14.09652
13.27900,14.09752
13.28000,14.09852
13.28100,14.09952
13.28200,14.10052
13.28300,14.10152
13.28400,14.10252
13.28500,14.10352
13.28600,14.10452
13.28700,14.10552
13.28800,14.10652
13.28900,14.10752
13.29000,14.10852
13.29100,14.10952
13.29200,14.11052
13.29300,14.11152
13.29400,14.11252
13.29500,14.11352
13.29600,14.11452
13.29700,14.11552
13.29800,14.11652
13.29900,14.11752
13.30000,14.11852
13.30100,14.11952
13.30200,14.12052
13.30300,14.12152
13.30400,14.12252
13.30500,14.12352
13.30600,14.12452
13.30700,14.12552
13.30800,14.12652
13.30900,14.12752
13.31000,14.12852
13.31100,14.12952
13.31200,14.13052
13.31300,14.13152
13.31400,14.13252
13.31500,14.13352
13.31600,14.13452
13.31700,14.13552
13.31800,14.13652
13.31900,14.13752
13.32000,14.13852
13.32100,14.13952
13.32200,14.14052
13.32300,14.14152
13.32400,14.14252
13.32500,14.14352
13.32600,14.14452
13.32700,14.14552
13.32800,14.14652
13.32900,14.14752
13.33000,14.14852
13.33100,14.14952
13.33200,14.15052
13.33300,14.15152
13.33400,14.15252
13.33500,14.15352
13.33600,14.15452
13.33700,14.15552
13.33800,14.15652
13.33900,14.15752
13.34000,14.15852
13.34100,14.15952
13.34200,14.16052
13.34300,14.16152
13.34400,14.16252
13.34500,14.16352
13.34600,14.16452
13.34700,14.16552
13.34800,14.16652
13.34900,14.16752
13.35000,14.16852
13.35100,14.16952
13.35200,14.17052
13.35300,14.17152
13.35400,14.17252
13.35500,14.17352
13.35600,14.17452
13.35700,14.17552
13.35800,14.17652
13.35900,14.17752
13.36000,14.17852
13.36100,14.17952
13.36200,14.18052
13.36300,14.18152
13.36400,14.18252
13.36500,14.18352
13.36600,14.18452
13.36700,14.18552
13.36800,14.18852
13.36900,14.18952
13.37000,14.19052
13.37100,14.19152
13.37200,14.19252
13.37300,14.19352
13.37400,14.19452
13.37500,14.19552
13.37600,14.19652
13.37700,14.19752
13.37800,14.19852
13.37900,14.19952
13.38000,14.20052
13.38100,14.20152
13.38200,14.20252
13.38300,14.20352
13.38400,14.20452
13.38500,14.20552
13.38600,14.20652
13.38700,14.20752
13.38800,14.20852
13.38900,14.20952
13.39000,14.21052
13.39100,14.21152
13.39200,14.21252
13.39300,14.21352
13.39400,14.21452
13.39500,14.21552
13.39600,14.21652
13.39700,14.21752
13.39800,14.21852
13.39900,14.21952
13.40000,14.22052
13.40100,14.22152
13.40200,14.22252
13.40300,14.22352
13.40400,14.22452
13.40500,14.22552
13.40600,14.22652
13.40700,14.22752
13.40800,14.22852
13.40900,14.22952
13.41000,14.23052
13.41100,14.23152
13.41200,14.23252
13.41300,14.23452
13.41400,14.23552
13.41500,14.23652
13.41600,14.23752
13.41700,14.23852
13.41800,14.23952
13.41900,14.24052
13.42000,14.24152
13.42100,14.24252
13.42200,14.24352
13.42300,14.24452
13.42400,14.24552
13.42500,14.24652
13.42600,14.24752
13.42700,14.24852
13.42800,14.24952
13.42900,14.25052
13.43000,14.25152
13.43100,14.25252
13.43200,14.25352
13.43300,14.25452
13.43400,14.25552
13.43500,14.25752
13.43600,14.25852
13.43700,14.25952
13.43800,14.26052
13.43900,14.26252
13.44000,14.26352
13.44100,14.26852
13.44200,14.26952
13.44300,14.29052
13.44400,14.29152
13.44500,14.29252
13.44600,14.29352
13.44700,14.29452
13.44800,14.29552
13.44900,14.29652
13.45000,14.29752
13.45100,14.29852
13.45200,14.29952
13.45300,14.30052
13.45400,14.30152
13.45500,14.30252
13.45600,14.30352
13.45700,14.30452
13.45800,14.30552
13.45900,14.30652
13.46000,14.30752
13.46100,14.30852
13.46200,14.30952
13.46300,14.31052
13.46400,14.31152
13.46500,14.31252
13.46600,14.31352
13.46700,14.31452
13.46800,14.31552
13.46900,14.31652
13.47000,14.31752
13.47100,14.31852
13.47200,14.31952
13.47300,14.32052
13.47400,14.32152
13.47500,14.32252
13.47600,14.32352
13.47700,14.32452
13.47800,14.32552
13.47900,14.32652
13.48000,14.32752
13.48100,14.32852
13.48200,14.32952
13.48300,14.33052
13.48400,14.33152
13.48500,14.33252
13.48600,14.33352
13.48700,14.33452
13.48800,14.33552
13.48900,14.33652
13.49000,14.33752
13.49100,14.33852
13.49200,14.33952
13.49300,14.34052
13.49400,14.34152
13.49500,14.34252
13.49600,14.34352
13.49700,14.34452
13.49800,14.34552
13.49900,14.34652
13.50000,14.34752
13.50100,14.34852
13.50200,14.34952
13.50300,14.35052
13.50400,14.35152
13.50500,14.35252
13.50600,14.35352
13.50700,14.35452
13.50800,14.35552
13.50900,14.35652
13.51000,14.35752
13.51100,14.35852
13.51200,14.35952
13.51300,14.36052
13.51400,14.36152
13.51500,14.36252
13.51600,14.36352
13.51700,14.36452
13.51800,14.36552
13.51900,14.36652
13.52000,14.36752
13.52100,14.36852
13.52200,14.36952
13.52300,14.37052
13.52400,14.37152
13.52500,14.37252
13.52600,14.37352
13.52700,14.37452
13.52800,14.37552
13.52900,14.37652
13.53000,14.37752
13.53100,14.37852
13.53200,14.37952
13.53300,14.38052
13.53400,14.38152
13.53500,14.38252
13.53600,14.38352
13.53700,14.38452
13.53800,14.38552
13.53900,14.38652
13.54000,14.38752
13.54100,14.38852
13.54200,14.38952
13.54300,14.39052
13.54400,14.39152
13.54500,14.39252
13.54600,14.39352
13.54700,14.39452
13.54800,14.39552
13.54900,14.39652
13.55000,14.39752
13.55100,14.39852
13.55200,14.39952
13.55300,14.40052
13.55400,14.40152
13.55500,14.40252
13.55600,14.40352
13.55700,14.40452
13.55800,14.40552
13.55900,14.40652
13.56000,14.40752
13.56100,14.40852
13.56200,14.40952
13.56300,14.41052
13.56400,14.41152
13.56500,14.41252
13.56600,14.41352
13.56700,14.41452
13.56800,14.41552
13.56900,14.41652
13.57000,14.41752
13.57100,14.41852
13.57200,14.41952
13.57300,14.42052
13.57400,14.42152
13.57500,14.42252
13.57600,14.42352
13.57700,14.42452
13.57800,14.42552
13.57900,14.42652
13.58000,14.42752
13.58100,14.42952
13.58200,14.43052
13.58300,14.43152
13.58400,14.43252
13.58500,14.43352
13.58600,14.43452
13.58700,14.43552
13.58800,14.43652
13.58900,14.43752
13.59000,14.43852
13.59100,14.43952
13.59200,14.44052
13.59300,14.44152
13.59400,14.44252
13.59500,14.44352
13.59600,14.44652
13.59700,14.44752
13.59800,14.45052
13.59900,14.45552
13.60000,14.46352
13.60100,14.46452
13.60200,14.46552
13.60300,14.46652
13.60400,14.46752
13.60500,14.46852
13.60600,14.46952
13.60700,14.47052
13.60800,14.47152
13.60900,14.47452
13.61100,14.47552
13.61200,14.47652
13.61300,14.47752
13.61400,14.47852
13.61500,14.47952
13.61600,14.48052
13.61700,14.48152
13.61800,14.48252
13.61900,14.48352
13.62000,14.48452
13.62100,14.48552
13.62200,14.48652
13.62300,14.48752
13.62400,14.48852
13.62500,14.48952
13.62600,14.49052
13.62700,14.49152
13.62800,14.49252
13.62900,14.49352
13.63000,14.49452
13.63100,14.49552
13.63200,14.49652
13.63300,14.49752
13.63400,14.49852
13.63500,14.49952
13.63600,14.50052
13.63700,14.50152
13.63800,14.50252
13.63900,14.50352
13.64000,14.50452
13.64100,14.50552
13.64200,14.50652
13.64300,14.50752
13.64400,14.50852
13.64500,14.50952
13.64600,14.51052
13.64700,14.51152
13.64800,14.51252
13.64900,14.51352
13.65000,14.51452
13.65100,14.51552
13.65200,14.51652
13.65400,14.51752
13.65500,14.51852
13.65600,14.51952
13.65700,14.52052
13.65800,14.52152
13.65900,14.52252
13.66000,14.52352
13.66100,14.52452
13.66200,14.52552
13.66300,14.52652
13.66400,14.52752
13.66500,14.52852
13.66600,14.52952
13.66700,14.53052
13.66800,14.53152
13.66900,14.53252
13.67000,14.53352
13.67100,14.53452
13.67200,14.53552
13.67300,14.53652
13.67400,14.53752
13.67500,14.53852
13.67600,14.53952
13.67700,14.54052
13.67800,14.54152
13.67900,14.54252
13.68000,14.54352
13.68100,14.54452
13.68200,14.54552
13.68300,14.54652
13.68400,14.54752
13.68500,14.54852
13.68600,14.54952
13.68700,14.55052
13.68800,14.55152
13.68900,14.55252
13.69000,14.55352
13.69100,14.55452
13.69200,14.55552
13.69300,14.55652
13.69400,14.55752
13.69500,14.55852
13.69600,14.55952
13.69700,14.56052
13.69800,14.56152
13.69900,14.56252
13.70000,14.56352
13.70100,14.56452
13.70200,14.56552
13.70300,14.56652
13.70400,14.56752
13.70500,14.56852
13.70600,14.56952
13.70700,14.57052
13.70800,14.57152
13.70900,14.57252
13.71000,14.57352
13.71100,14.57452
13.71200,14.57552
13.71300,14.57652
13.71400,14.57752
13.71500,14.57852
13.71600,14.57952
13.71700,14.58052
13.71800,14.58152
13.71900,14.58252
13.72000,14.58352
13.72100,14.58452
13.72200,14.58552
13.72300,14.58652
13.72400,14.58752
13.72500,14.58852
13.72600,14.58952
13.72700,14.59052
13.72800,14.59152
13.72900,14.59252
13.73000,14.59352
13.73100,14.59452
13.73200,14.59552
13.73300,14.59652
13.73400,14.59752
13.73500,14.59852
13.73600,14.59952
13.73700,14.60052
13.73800,14.60152
13.73900,14.60252
13.74000,14.60352
13.74100,14.60452
13.74200,14.60552
13.74300,14.60652
13.74400,14.60752
13.74500,14.60852
13.74600,14.60952
13.74700,14.61052
13.74800,14.61152
13.74900,14.61252
13.75000,14.61352
13.75100,14.61452
13.75200,14.61552
13.75300,14.61652
13.75400,14.61752
13.75500,14.61852
13.75600,14.61952
13.75700,14.62052
13.76100,14.62152
13.76200,14.62252
13.76300,14.62352
13.76400,14.62452
13.76500,14.62552
13.76600,14.62652
13.76700,14.62752
13.76800,14.62852
13.76900,14.62952
13.77000,14.63052
13.77100,14.63152
13.77200,14.63252
13.77300,14.63352
13.77400,14.63452
13.77500,14.63552
13.77600,14.63652
13.77700,14.63752
13.77800,14.63852
13.77900,14.63952
13.78000,14.64052
13.78100,14.64152
13.78200,14.64252
13.78300,14.64352
13.78400,14.64452
13.78500,14.64552
13.78600,14.64652
13.78700,14.64752
13.78900,14.64852
13.79000,14.64952
13.79100,14.65052
13.79200,14.65152
13.79300,14.65252
13.79400,14.65352
13.79500,14.65452
13.79600,14.65552
13.79700,14.65652
13.79800,14.65752
13.79900,14.65852
13.80000,14.65952
13.80100,14.66052
13.80200,14.66152
13.80300,14.66252
13.80400,14.66352
13.80500,14.66452
13.80600,14.66552
13.80700,14.66652
13.80800,14.66752
13.80900,14.66852
13.81000,14.66952
13.81100,14.67052
13.81200,14.67152
13.81300,14.67252
13.81400,14.67352
13.81500,14.67452
13.81600,14.67552
13.81700,14.67652
13.81800,14.67752
13.81900,14.67852
13.82000,14.67952
13.82100,14.68052
13.82200,14.68152
13.82300,14.68252
13.82400,14.68352
13.82500,14.68452
13.82600,14.68552
13.82700,14.68652
13.82800,14.68752
13.82900,14.68852
13.83000,14.68952
13.83100,14.69052
13.83200,14.69152
13.83300,14.69252
13.83400,14.69352
13.83500,14.69452
13.83600,14.69552
13.83700,14.69652
13.83800,14.69752
13.83900,14.69852
13.84000,14.69952
13.84100,14.70052
13.84200,14.70152
13.84300,14.70252
13.84400,14.70352
13.84500,14.70452
13.84600,14.70552
13.84700,14.70652
13.84800,14.70752
13.84900,14.70852
13.85000,14.70952
13.85100,14.71052
13.85200,14.71152
13.85300,14.71252
13.85400,14.71352
13.85500,14.71452
13.85600,14.71552
13.85700,14.71652
13.85800,14.71752
13.85900,14.71852
13.86000,14.71952
13.86100,14.72052
13.86200,14.72152
13.86300,14.72252
13.86400,14.72352
13.86500,14.72452
13.86600,14.72552
13.86700,14.72652
13.86900,14.72752
13.87000,14.72852
13.87100,14.72952
13.87800,14.73052
13.87900,14.73152
13.88000,14.73252
13.88100,14.73352
13.88200,14.73452
13.88300,14.73552
13.88400,14.73652
13.88500,14.73752
13.88600,14.73852
13.88700,14.73952
13.88800,14.74052
13.88900,14.74152
13.89000,14.74252
13.89100,14.74352
13.89200,14.74452
13.89300,14.74552
13.89400,14.74652
13.89500,14.74752
13.89600,14.74852
13.89700,14.74952
13.89800,14.75052
13.89900,14.75152
13.90000,14.75252
13.90100,14.75352
13.90200,14.75452
13.90300,14.75552
13.90400,14.75652
13.90500,14.75752
13.90600,14.75852
13.90700,14.75952
13.90800,14.76052
13.90900,14.76152
13.91000,14.76252
13.91100,14.76352
13.91200,14.76452
13.91300,14.76552
13.91400,14.76652
13.91500,14.76752
13.91600,14.76852
13.91700,14.76952
13.91800,14.77052
13.91900,14.77152
13.92000,14.77252
13.92100,14.77352
13.92200,14.77452
13.92300,14.77552
13.92400,14.77652
13.92500,14.77752
13.92600,14.77852
13.92700,14.77952
13.92800,14.78052
13.92900,14.78152
13.93000,14.78252
13.93100,14.78352
13.93200,14.78452
13.93300,14.78552
13.93400,14.78652
13.93500,14.78752
13.93600,14.78852
13.93700,14.78952
13.93800,14.79052
13.93900,14.79152
13.94000,14.79252
13.94100,14.79352
13.94200,14.79452
13.94300,14.79552
13.94400,14.79652
13.94500,14.79752
13.94600,14.79852
13.94700,14.79952
13.94800,14.80052
13.94900,14.80152
13.95000,14.80252
13.95100,14.80352
13.95200,14.80452
13.95300,14.80552
13.95400,14.80652
13.95500,14.80752
13.95600,14.80852
13.95700,14.80952
13.95800,14.81052
13.95900,14.81152
13.96000,14.81252
13.96100,14.81352
13.96200,14.81452
13.96300,14.81552
13.96400,14.81652
13.96500,14.81752
13.96600,14.81852
13.96700,14.81952
13.96800,14.82052
13.96900,14.82152
13.97000,14.82252
13.97100,14.82352
13.97200,14.82452
13.97300,14.82552
13.97400,14.82652
13.97500,14.82752
13.97600,14.82852
13.97700,14.82952
13.97800,14.83052
13.97900,14.83152
13.98000,14.83252
13.98100,14.83352
13.98200,14.83452
13.98300,14.83552
13.98400,14.83652
13.98500,14.83752
13.98600,14.83852
13.98700,14.83952
13.98800,14.84052
13.98900,14.84152
13.99000,14.84252
13.99100,14.84352
13.99200,14.84452
13.99300,14.84552
13.99400,14.84652
13.99500,14.84752
13.99600,14.84852
13.99700,14.84952
13.99800,14.85052
13.99900,14.85152
14.00000,14.85252
14.00100,14.85352
14.00200,14.85452
14.00300,14.85552
14.00400,14.85652
14.00500,14.85752
14.00600,14.85852
14.00700,14.85952
14.00800,14.86052
14.00900,14.86152
14.01000,14.86252
14.01100,14.86352
14.01200,14.86552
14.01300,14.86652
14.01400,14.86752
14.01500,14.86852
14.01600,14.86952
14.01700,14.87052
14.01800,14.87152
14.01900,14.87252
14.02000,14.87352
14.02100,14.87452
14.02200,14.87552
14.02300,14.87652
14.02400,14.87752
14.02500,14.87852
14.02600,14.87952
14.02700,14.88052
14.02800,14.88152
14.02900,14.88252
14.03000,14.88352
14.03100,14.88452
14.03200,14.88552
14.03300,14.88652
14.03400,14.88752
14.03500,14.88852
14.03600,14.88952
14.03700,14.89052
14.03800,14.89152
14.03900,14.89252
14.04000,14.89352
14.04100,14.89452
14.04200,14.89552
14.04300,14.89652
14.04400,14.89752
14.04500,14.89852
14.04600,14.89952
14.04700,14.90052
14.04800,14.90152
14.04900,14.90252
14.05000,14.90352
14.05100,14.90452
14.05200,14.90552
14.05300,14.90652
14.05400,14.90752
14.05500,14.90852
14.05600,14.90952
14.05700,14.91052
14.05800,14.91152
14.05900,14.91252
14.06000,14.91352
14.06100,14.91452
14.06200,14.91552
14.06300,14.91652
14.06400,14.91752
14.06500,14.91852
14.06600,14.91952
14.06700,14.92052
14.06800,14.92152
14.06900,14.92252
14.07000,14.92352
14.07100,14.92452
14.07200,14.92552
14.07300,14.92652
14.07400,14.92752
14.07500,14.92852
14.07600,14.92952
14.07700,14.93052
14.07800,14.93152
14.07900,14.93252
14.08000,14.93352
14.08100,14.93452
14.08200,14.93552
14.08300,14.93652
14.08400,14.93752
14.08500,14.93852
14.08600,14.93952
14.08700,14.94052
14.08800,14.94152
14.08900,14.94252
14.09000,14.94352
14.09100,14.94452
14.09200,14.94552
14.09300,14.94652
14.09400,14.94752
14.09500,14.94852
14.09600,14.94952
14.09700,14.95052
14.09800,14.95152
14.09900,14.95252
14.10000,14.95352
14.10100,14.95452
14.10200,14.95552
14.10300,14.95652
14.10400,14.95752
14.10500,14.95852
14.10600,14.95952
14.10700,14.96052
14.10800,14.96152
14.10900,14.96252
14.11000,14.96352
14.11100,14.96452
14.11200,14.96552
14.11300,14.96652
14.11400,14.96752
14.11500,14.96852
14.11600,14.96952
14.11700,14.97052
14.11800,14.97152
14.11900,14.97252
14.12000,14.97352
14.12100,14.97452
14.12200,14.97552
14.12300,14.97652
14.12400,14.97752
14.12500,14.97852
14.12600,14.98052
14.12700,14.98152
14.12800,14.98252
14.12900,14.98352
14.13000,14.98452
14.13100,14.98552
14.13200,14.98652
14.13300,14.98752
14.13400,14.98852
14.13500,14.98952
14.13600,14.99052
14.13700,14.99152
14.13800,14.99252
14.13900,14.99352
14.14000,14.99452
14.14100,14.99552
14.14200,14.99652
14.14300,14.99752
14.14400,14.99852
14.14500,14.99952
14.14600,15.00052
14.14700,15.00152
14.14800,15.00252
14.14900,15.00352
14.15000,15.00452
14.15100,15.00552
14.15200,15.00652
14.15300,15.00752
14.15400,15.00852
14.15500,15.00952
14.15600,15.01052
14.15700,15.01152
14.15800,15.01252
14.15900,15.01352
14.16000,15.01452
14.16100,15.01552
14.16200,15.01652
14.16300,15.01752
14.16400,15.01852
14.16500,15.01952
14.16600,15.02052
14.16700,15.02152
14.16800,15.02252
14.16900,15.02352
14.17000,15.02452
14.17100,15.02552
14.17200,15.02652
14.17300,15.02752
14.17400,15.02852
14.17500,15.02952
14.17600,15.03052
14.17700,15.03152
14.17800,15.03252
14.17900,15.03352
14.18000,15.03452
14.18100,15.03552
14.18200,15.03652
14.18300,15.03752
14.18400,15.03852
14.18500,15.03952
14.18600,15.04052
14.18700,15.04152
14.18800,15.04252
14.18900,15.04352
14.19000,15.04452
14.19100,15.04552
14.19200,15.04652
14.19300,15.04752
14.19400,15.04852
14.19500,15.04952
14.19600,15.05052
14.19700,15.05152
14.19800,15.05252
14.19900,15.05352
14.20000,15.05452
14.20100,15.05552
14.20200,15.05652
14.20300,15.05752
14.20400,15.05852
14.20500,15.05952
14.20600,15.06052
14.20700,15.06152
14.20800,15.06252
14.20900,15.06352
14.21000,15.06452
14.21100,15.06552
14.21200,15.06652
14.21300,15.06752
14.21400,15.06852
14.21500,15.06952
14.21600,15.07052
14.21700,15.07152
14.21800,15.07252
14.21900,15.07352
14.22000,15.07452
14.22100,15.07552
14.22200,15.07652
14.22300,15.07752
14.22400,15.07852
14.22500,15.07952
14.22600,15.08052
14.22700,15.08152
14.22800,15.08252
14.22900,15.08352
14.23000,15.08452
14.23100,15.08552
14.23200,15.08652
14.23300,15.08752
14.23400,15.08852
14.23500,15.08952
14.23600,15.09052
14.23700,15.09152
14.23800,15.09252
14.23900,15.09352
14.24000,15.09452
14.24100,15.09552
14.24200,15.09652
14.24300,15.09752
14.24400,15.09852
14.24500,15.09952
14.24600,15.10052
14.24700,15.10152
14.24800,15.10252
14.24900,15.10352
14.25000,15.10452
14.25100,15.10552
14.25200,15.10652
14.25300,15.10752
14.25400,15.10852
14.25500,15.10952
14.25600,15.11052
14.25700,15.11152
14.25800,15.11252
14.25900,15.11352
14.26000,15.11452
14.26100,15.11552
14.26200,15.11652
14.26300,15.11752
14.26400,15.11852
14.26500,15.11952
14.26600,15.12052
14.26700,15.12152
14.26800,15.12252
14.26900,15.12352
14.27000,15.12452
14.27100,15.12552
14.27200,15.12652
14.27300,15.12752
14.27400,15.12852
14.27500,15.12952
14.27600,15.13052
14.27700,15.13152
14.27800,15.13252
14.27900,15.13352
14.28000,15.14552
14.28100,15.14652
14.28200,15.14752
14.28300,15.14852
14.28400,15.14952
14.28500,15.15052
14.28600,15.15152
14.28700,15.15252
14.28800,15.15352
14.28900,15.15452
14.29000,15.15552
14.29100,15.15652
14.29200,15.15752
14.29300,15.15852
14.29400,15.15952
14.29500,15.16052
14.29600,15.16152
14.29700,15.16252
14.29800,15.16352
14.29900,15.16452
14.30000,15.16552
14.30100,15.16652
14.30200,15.16752
14.30300,15.16852
14.30400,15.16952
14.30500,15.17052
14.30600,15.17152
14.30700,15.17252
14.30800,15.17352
14.30900,15.17452
14.31000,15.17552
14.31100,15.17652
14.31200,15.17752
14.31300,15.17852
14.31400,15.17952
14.31500,15.18052
14.31600,15.18152
14.31700,15.18252
14.31800,15.18352
14.31900,15.18452
14.32000,15.18552
14.32100,15.18652
14.32200,15.18752
14.32300,15.18852
14.32400,15.18952
14.32500,15.19052
14.32600,15.19152
14.32700,15.19252
14.32800,15.19352
14.32900,15.19452
14.33000,15.19552
14.33100,15.19652
14.33200,15.19752
14.33300,15.19852
14.33400,15.19952
14.33500,15.20052
14.33600,15.20152
14.33700,15.20252
14.33800,15.20352
14.33900,15.20452
14.34000,15.20552
14.34100,15.20652
14.34200,15.20752
14.34300,15.20852
14.34400,15.20952
14.34500,15.21052
14.34600,15.21152
14.34700,15.21252
14.34800,15.21352
14.34900,15.21452
14.35000,15.21552
14.35100,15.21652
14.35200,15.21752
14.35300,15.21852
14.35400,15.21952
14.35500,15.22052
14.35600,15.22152
14.35700,15.22252
14.35800,15.22352
14.35900,15.22452
14.36000,15.22552
14.36100,15.22652
14.36200,15.22752
14.36300,15.22852
14.36400,15.22952
14.36500,15.23052
14.36600,15.23152
14.36700,15.23252
14.36800,15.23352
14.36900,15.23452
14.37000,15.23552
14.37100,15.23652
14.37200,15.23752
14.37300,15.23852
14.37400,15.23952
14.37500,15.24052
14.37600,15.24152
14.37700,15.24252
14.37800,15.24652
14.37900,15.24752
14.38000,15.24852
14.38100,15.24952
14.38200,15.25052
14.38300,15.25152
14.38400,15.25252
14.38500,15.25352
14.38600,15.25452
14.38700,15.25552
14.38800,15.25652
14.38900,15.25752
14.39000,15.25852
14.39100,15.25952
14.39200,15.26052
14.39300,15.26152
14.39400,15.26252
14.39500,15.26352
14.39600,15.26452
14.39700,15.26552
14.39800,15.26652
14.39900,15.26752
14.40000,15.26852
14.40100,15.26952
14.40200,15.27252
14.40300,15.27352
14.40400,15.27452
14.40500,15.27552
14.40600,15.27652
14.40700,15.27752
14.40800,15.27852
14.40900,15.27952
14.41000,15.28052
14.41100,15.28152
14.41200,15.28252
14.41300,15.28352
14.41400,15.28452
14.41500,15.28552
14.41600,15.28652
14.41700,15.28752
14.41800,15.28852
14.41900,15.28952
14.42000,15.29052
14.42100,15.29152
14.42200,15.29252
14.42300,15.29352
14.42400,15.29452
14.42500,15.29552
14.42600,15.29652
14.42700,15.29752
14.42800,15.29852
14.42900,15.29952
14.43000,15.30052
14.43100,15.30152
14.43200,15.30252
14.43300,15.30352
14.43400,15.30452
14.43500,15.30552
14.43600,15.30652
14.43700,15.30752
14.43800,15.30852
14.43900,15.30952
14.44000,15.31052
14.44100,15.31152
14.44200,15.31252
14.44300,15.31352
14.44400,15.31452
14.44500,15.31552
14.44600,15.31652
14.44700,15.31752
14.44800,15.31852
14.44900,15.31952
14.45000,15.32052
14.45100,15.32152
14.45200,15.32252
14.45300,15.32352
14.45400,15.32452
14.45500,15.32552
14.45600,15.32652
14.45700,15.32752
14.45800,15.32852
14.45900,15.32952
14.46000,15.33052
14.46100,15.33152
14.46200,15.33252
14.46300,15.33352
14.46400,15.33452
14.46500,15.33552
14.46600,15.33652
14.46700,15.33752
14.46800,15.33852
14.46900,15.33952
14.47000,15.34052
14.47100,15.34152
14.47200,15.34252
14.47300,15.34352
14.47400,15.34452
14.47500,15.34552
14.47600,15.34652
14.47700,15.34752
14.47800,15.34852
14.47900,15.34952
14.48000,15.35052
14.48100,15.35152
14.48200,15.35252
14.48300,15.35352
14.48400,15.35452
14.48500,15.35552
14.48600,15.35652
14.48700,15.35752
14.48800,15.35852
14.48900,15.35952
14.49000,15.36052
14.49100,15.36152
14.49200,15.36252
14.49300,15.36352
14.49400,15.36452
14.49500,15.36552
14.49600,15.36652
14.49700,15.36752
14.49800,15.36852
14.49900,15.36952
14.50000,15.37052
14.50100,15.37152
14.50200,15.37252
14.50300,15.37352
14.50400,15.37452
14.50500,15.37552
14.50600,15.37652
14.50700,15.37752
14.50800,15.37852
14.50900,15.37952
14.51000,15.38052
14.51100,15.38152
14.51200,15.38252
14.51300,15.38352
14.51400,15.38452
14.51500,15.38552
14.51600,15.38652
14.51700,15.38752
14.51800,15.38852
14.51900,15.38952
14.52000,15.39052
14.52100,15.39152
14.52200,15.39252
14.52300,15.39352
14.52400,15.39452
14.52500,15.39552
14.52600,15.39652
14.52700,15.39752
14.52800,15.39852
14.52900,15.39952
14.53000,15.40052
14.53100,15.40152
14.53200,15.40252
14.53300,15.40352
14.53400,15.40452
14.53500,15.40552
14.53600,15.40652
14.53700,15.40752
14.53800,15.40852
14.53900,15.40952
14.54000,15.41052
14.54100,15.41152
14.54200,15.41252
14.54300,15.41352
14.54400,15.41452
14.54500,15.41552
14.54600,15.41652
14.54700,15.41752
14.54800,15.41852
14.54900,15.41952
14.55000,15.42052
14.55100,15.42152
14.55200,15.42252
14.55300,15.42352
14.55400,15.42452
14.55500,15.42552
14.55600,15.42652
14.55700,15.42752
14.55800,15.42852
14.55900,15.42952
14.56000,15.43052
14.56100,15.43152
14.56200,15.43252
14.56300,15.43352
14.56400,15.43452
14.56500,15.43552
14.56600,15.43652
14.56700,15.43752
14.56800,15.43852
14.56900,15.43952
14.57000,15.44052
14.57100,15.44152
14.57200,15.44252
14.57300,15.44352
14.57400,15.44452
14.57500,15.44552
14.57600,15.44652
14.57700,15.44752
14.57800,15.44852
14.57900,15.44952
14.58000,15.45052
14.58100,15.45152
14.58200,15.45252
14.58300,15.45352
14.58400,15.45452
14.58500,15.45552
14.58600,15.45652
14.58700,15.45752
14.58800,15.45852
14.58900,15.45952
14.59000,15.46052
14.59100,15.46152
14.59200,15.46252
14.59300,15.46352
14.59400,15.46452
14.59500,15.46552
14.59600,15.46652
14.59700,15.46752
14.59800,15.46852
14.59900,15.46952
14.60000,15.47052
14.60100,15.47152
14.60200,15.47252
14.60300,15.47352
14.60400,15.47452
14.60500,15.47552
14.60600,15.47652
14.60700,15.47752
14.60800,15.47852
14.60900,15.47952
14.61000,15.48052
14.61100,15.48152
14.61200,15.48252
14.61300,15.48352
14.61400,15.48452
14.61500,15.48552
14.61600,15.48652
14.61700,15.48752
14.61800,15.48852
14.61900,15.48952
14.62000,15.49052
14.62100,15.49152
14.62200,15.49252
14.62300,15.49352
14.62400,15.49452
14.62500,15.49552
14.62600,15.49652
14.62700,15.49752
14.62800,15.49852
14.62900,15.49952
14.63000,15.50052
14.63100,15.50152
14.63200,15.50252
14.63300,15.50352
14.63400,15.50452
14.63500,15.50552
14.63600,15.50652
14.63700,15.50752
14.63800,15.50852
14.63900,15.50952
14.64000,15.51052
14.64100,15.51152
14.64200,15.51252
14.64300,15.51752
14.64400,15.51852
14.64500,15.51952
14.64600,15.52052
14.64700,15.52152
14.64800,15.52252
14.64900,15.52352
14.65000,15.52452
14.65100,15.52552
14.65200,15.52652
14.65300,15.52752
14.65400,15.52852
14.65500,15.52952
14.65600,15.53052
14.65700,15.53152
14.65800,15.53252
14.65900,15.53352
14.66000,15.53452
14.66100,15.53552
14.66200,15.53652
14.66300,15.53752
14.66400,15.53852
14.66500,15.53952
14.66600,15.54052
14.66700,15.54152
14.66800,15.54252
14.66900,15.54352
14.67000,15.54452
14.67100,15.54552
14.67200,15.54652
14.67300,15.54752
14.67400,15.54852
14.67500,15.54952
14.67600,15.55152
14.67700,15.55252
14.67800,15.55352
14.67900,15.55452
14.68000,15.55552
14.68100,15.55652
14.68200,15.55752
14.68300,15.55852
14.68400,15.55952
14.68500,15.56052
14.68600,15.56152
14.68700,15.56252
14.68800,15.56352
14.68900,15.56452
14.69000,15.56552
14.69100,15.56652
14.69200,15.56752
14.69300,15.57052
14.69400,15.57152
14.69500,15.57252
14.69600,15.57352
14.69700,15.57452
14.69800,15.57552
14.69900,15.57652
14.70000,15.57752
14.70100,15.57852
14.70200,15.57952
14.70300,15.58052
14.70400,15.58152
14.70500,15.58252
14.70600,15.58352
14.70700,15.58452
14.70800,15.58552
14.70900,15.58652
14.71000,15.58752
14.71100,15.58852
14.71200,15.58952
14.71300,15.59052
14.71400,15.59152
14.71500,15.59252
14.71600,15.59352
14.71700,15.59452
14.71800,15.59552
14.71900,15.59652
14.72000,15.59752
14.72100,15.59852
14.72200,15.59952
14.72300,15.60052
14.72400,15.60152
14.72500,15.60252
14.72600,15.60352
14.72700,15.60652
14.72800,15.60752
14.72900,15.60852
14.73000,15.60952
14.73100,15.61052
14.73200,15.61152
14.73300,15.61252
14.73400,15.61352
14.73500,15.61452
14.73600,15.61552
14.73700,15.61652
14.73800,15.61752
14.73900,15.61852
14.74000,15.61952
14.74100,15.62052
14.74200,15.62152
14.74300,15.62252
14.74400,15.62352
14.74500,15.62452
14.74600,15.62552
14.74700,15.62652
14.74800,15.62752
14.74900,15.62852
14.75000,15.62952
14.75100,15.63052
14.75200,15.63152
14.75300,15.63252
14.75400,15.63352
14.75500,15.63452
14.75600,15.63552
14.75700,15.63652
14.75800,15.63752
14.75900,15.63852
14.76000,15.63952
14.76100,15.64052
14.76200,15.64152
14.76300,15.64252
14.76400,15.64352
14.76500,15.64452
14.76600,15.64552
14.76700,15.64652
14.76800,15.64752
14.76900,15.64852
14.77000,15.64952
14.77100,15.65052
14.77200,15.65152
14.77300,15.65252
14.77400,15.65352
14.77500,15.65452
14.77600,15.65552
14.77700,15.65652
14.77800,15.65752
14.77900,15.65852
14.78000,15.65952
14.78100,15.66052
14.78200,15.66152
14.78300,15.66252
14.78400,15.66352
14.78500,15.66452
14.78600,15.66552
14.78700,15.66652
14.78800,15.66752
14.78900,15.66852
14.79000,15.66952
14.79100,15.67052
14.79200,15.67152
14.79300,15.67252
14.79400,15.67352
14.79500,15.67452
14.79600,15.67552
14.79700,15.67652
14.79800,15.67752
14.79900,15.67852
14.80000,15.67952
14.80100,15.68852
14.80200,15.68952
14.80300,15.69052
14.80400,15.69152
14.80500,15.69252
14.80600,15.69352
14.80700,15.69452
14.80800,15.69552
14.80900,15.69652
14.81000,15.69752
14.81100,15.69852
14.81200,15.69952
14.81300,15.70052
14.81400,15.70152
14.81500,15.70252
14.81600,15.70352
14.81700,15.70452
14.81800,15.70552
14.81900,15.70652
14.82000,15.70752
14.82100,15.70852
14.82200,15.70952
14.82300,15.71052
14.82400,15.71152
14.82500,15.71252
14.82600,15.71352
14.82700,15.71452
14.82800,15.71552
14.82900,15.71652
14.83000,15.71752
14.83100,15.71852
14.83200,15.71952
14.83300,15.72052
14.83400,15.72152
14.83500,15.72252
14.83600,15.72352
14.83700,15.72452
14.83800,15.72552
14.83900,15.72652
14.84000,15.72752
14.84100,15.72852
14.84200,15.72952
14.84300,15.73052
14.84400,15.73152
14.84500,15.73252
14.84600,15.73452
14.84700,15.73552
14.84800,15.73652
14.84900,15.73752
14.85000,15.73852
14.85100,15.73952
14.85200,15.74052
14.85300,15.74152
14.85400,15.74252
14.85500,15.74352
14.85600,15.74452
14.85700,15.74552
14.85800,15.74652
14.85900,15.74752
14.86000,15.74852
14.86100,15.74952
14.86200,15.75052
14.86300,15.75152
14.86400,15.75252
14.86500,15.75352
14.86600,15.75452
14.86700,15.75552
14.86800,15.75652
14.86900,15.75752
14.87100,15.75852
14.87200,15.75952
14.87300,15.76052
14.87500,15.76152
14.87600,15.76252
14.87700,15.76352
14.87800,15.76452
14.88000,15.76552
14.88400,15.76652
14.88500,15.76752
14.88600,15.76852
14.88700,15.76952
14.88800,15.77052
14.88900,15.77152
14.89000,15.77252
14.89100,15.77352
14.89200,15.77452
14.89300,15.77552
14.89400,15.77652
14.89500,15.77752
14.89600,15.77852
14.89700,15.77952
14.89800,15.78052
14.89900,15.78152
14.90000,15.78252
14.90100,15.78352
14.90200,15.78452
14.90300,15.78552
14.90400,15.78652
14.90500,15.78752
14.90600,15.78852
14.90700,15.78952
14.90800,15.79052
14.90900,15.79152
14.91000,15.79252
14.91100,15.79352
14.91200,15.79452
14.91300,15.79552
14.91400,15.79652
14.91500,15.79752
14.91600,15.79852
14.91700,15.79952
14.91800,15.80052
14.91900,15.80152
14.92000,15.80252
14.92100,15.80352
14.92200,15.80452
14.92300,15.80552
14.92400,15.80652
14.92500,15.80752
14.92600,15.80852
14.92700,15.80952
14.92800,15.81052
14.92900,15.81152
14.93000,15.81252
14.93100,15.81352
14.93200,15.81452
14.93300,15.81552
14.93400,15.81652
14.93500,15.81752
14.93600,15.81852
14.93700,15.81952
14.93800,15.82052
14.93900,15.82152
14.94000,15.82252
14.94100,15.82352
14.94200,15.82452
14.94300,15.82552
14.94400,15.82652
14.94500,15.82752
14.94600,15.82852
14.94700,15.82952
14.94800,15.83052
14.94900,15.83152
14.95000,15.83252
14.95100,15.83352
14.95200,15.83452
14.95300,15.83552
14.95400,15.83652
14.95500,15.83752
14.95600,15.83852
14.95700,15.83952
14.95800,15.84052
14.95900,15.84152
14.96000,15.84252
14.96100,15.84352
14.96200,15.84452
14.96300,15.84552
14.96400,15.84652
14.96500,15.84752
14.96600,15.84852
14.96700,15.84952
14.96800,15.85052
14.96900,15.85152
14.97000,15.85252
14.97100,15.85352
14.97200,15.85452
14.97300,15.85552
14.97400,15.85652
14.97500,15.85752
14.97600,15.85852
14.97700,15.85952
14.97800,15.86052
14.97900,15.86152
14.98000,15.86252
14.98100,15.86352
14.98200,15.86452
14.98300,15.86552
14.98400,15.86652
14.98500,15.86752
14.98600,15.86852
14.98700,15.86952
14.98800,15.87052
14.98900,15.87152
14.99000,15.87252
14.99100,15.87352
14.99200,15.87452
14.99300,15.87552
14.99400,15.88452
14.99500,15.88552
14.99600,15.88652
14.99700,15.88752
14.99800,15.88852
14.99900,15.88952
15.00000,15.89052
15.00100,15.89152
15.00200,15.89252
15.00300,15.89352
15.00400,15.89452
15.00500,15.89552
15.00600,15.89652
15.00700,15.89752
15.00800,15.89852
15.00900,15.89952
15.01000,15.90052
15.01100,15.90152
15.01200,15.90252
15.01300,15.90352
15.01400,15.90452
15.01500,15.90552
15.01600,15.90652
15.01700,15.90752
15.01800,15.90852
15.01900,15.90952
15.02000,15.91052
15.02100,15.91152
15.02200,15.91252
15.02300,15.91352
15.02400,15.91452
15.02500,15.91552
15.02600,15.92152
15.02700,15.92252
15.02800,15.92352
15.02900,15.92452
15.03000,15.92552
15.03100,15.92652
15.03200,15.92752
15.03300,15.92852
15.03400,15.92952
15.03500,15.93052
15.03600,15.93152
15.03700,15.93252
15.03800,15.93352
15.03900,15.93452
15.04000,15.93552
15.04100,15.93652
15.04200,15.93752
15.04300,15.93852
15.04400,15.93952
15.04500,15.94052
15.04600,15.94152
15.04700,15.94252
15.04800,15.94352
15.04900,15.94452
15.05000,15.94552
15.05100,15.94652
15.05200,15.94752
15.05300,15.94852
15.05400,15.94952
15.05500,15.95052
15.05600,15.95152
15.05700,15.95252
15.05800,15.95352
15.05900,15.95452
15.06000,15.95552
15.06100,15.95652
15.06200,15.95752
15.06300,15.95852
15.06400,15.95952
15.06500,15.96052
15.06600,15.96152
15.06700,15.96252
15.06800,15.96352
15.06900,15.96452
15.07000,15.96552
15.07100,15.96652
15.07200,15.96752
15.07300,15.96852
15.07400,15.96952
15.07500,15.97052
15.07600,15.97152
15.07700,15.97252
15.07800,15.97352
15.07900,15.97452
15.08000,15.97552
15.08100,15.97652
15.08200,15.97752
15.08300,15.97852
15.08400,15.97952
15.08500,15.98052
15.08600,15.98152
15.08700,15.98252
15.08800,15.98352
15.08900,15.98452
15.09000,15.98552
15.09100,15.98652
15.09200,15.98752
15.09300,15.98852
15.09400,15.98952
15.09500,15.99052
15.09600,15.99152
15.09700,15.99252
15.09800,15.99352
15.09900,15.99452
15.10000,15.99552
15.10100,15.99652
15.10200,15.99752
15.10300,15.99852
15.10400,15.99952
15.10500,16.00052
15.10600,16.00152
15.10700,16.00252
15.10800,16.00352
15.10900,16.00452
15.11000,16.00552
15.11100,16.00652
15.11200,16.00752
15.11300,16.00852
15.11400,16.00952
15.11500,16.01052
15.11600,16.01152
15.11700,16.01252
15.11800,16.01352
15.11900,16.01452
15.12000,16.01552
15.12100,16.01652
15.12200,16.01752
15.12300,16.01852
15.12400,16.01952
15.12500,16.02052
15.12600,16.02152
15.12700,16.02252
15.12800,16.02352
15.12900,16.02452
15.13000,16.02552
15.13100,16.02652
15.13200,16.02752
15.13300,16.02852
15.13400,16.02952
15.13500,16.03052
15.13600,16.03152
15.13700,16.03252
15.13800,16.03352
15.13900,16.03452
15.14000,16.03552
15.14100,16.03652
15.14200,16.03752
15.14300,16.03852
15.14400,16.03952
15.14500,16.04052
15.14600,16.04152
15.14700,16.04252
15.14800,16.04352
15.14900,16.04452
15.15000,16.04552
15.15100,16.04652
15.15200,16.04752
15.15300,16.04852
15.15400,16.04952
15.15500,16.05052
15.15600,16.05152
15.15700,16.05252
15.15800,16.05352
15.15900,16.05452
15.16000,16.05552
15.16100,16.05652
15.16200,16.05752
15.16300,16.05852
15.16400,16.05952
15.16500,16.06052
15.16600,16.06152
15.16700,16.06252
15.16800,16.06352
15.16900,16.06452
15.17000,16.06552
15.17100,16.06652
15.17200,16.06752
15.17300,16.06852
15.17400,16.06952
15.17500,16.07052
15.17600,16.07152
15.17700,16.07252
15.17800,16.07352
15.17900,16.07452
15.18000,16.07552
15.18100,16.07652
15.18200,16.07752
15.18300,16.07852
15.18400,16.07952
15.18500,16.08052
15.18600,16.08152
15.18700,16.08252
15.18800,16.08352
15.18900,16.08452
15.19000,16.08552
15.19100,16.08652
15.19200,16.08752
15.19300,16.08852
15.19400,16.08952
15.19500,16.09052
15.19600,16.09152
15.19700,16.09252
15.19800,16.09352
15.19900,16.09452
15.20000,16.09552
15.20100,16.09652
15.20200,16.09752
15.20300,16.09852
15.20400,16.09952
15.20500,16.10052
15.20600,16.10152
15.20700,16.10252
15.20800,16.10352
15.20900,16.10452
15.21000,16.10552
15.21100,16.10652
15.21200,16.10752
15.21300,16.10852
15.21400,16.10952
15.21500,16.11052
15.21600,16.11152
15.21700,16.11252
15.21800,16.11352
15.21900,16.11452
15.22000,16.11552
15.22100,16.11652
15.22200,16.11752
15.22300,16.11852
15.22400,16.11952
15.22500,16.12052
15.22600,16.12152
15.22700,16.12252
15.22800,16.12352
15.22900,16.12452
15.23000,16.12552
15.23100,16.12652
15.23200,16.12752
15.23300,16.12852
15.23400,16.12952
15.23500,16.13052
15.23600,16.13152
15.23700,16.13252
15.23800,16.13352
15.23900,16.13452
15.24000,16.13552
15.24100,16.13652
15.24200,16.13752
15.24300,16.13852
15.24400,16.13952
15.24500,16.14052
15.24600,16.14152
15.24700,16.14252
15.24800,16.14352
15.24900,16.14452
15.25000,16.14552
15.25100,16.14652
15.25200,16.14752
15.25300,16.14852
15.25400,16.14952
15.25500,16.15052
15.25600,16.15152
15.25700,16.15252
15.25800,16.15352
15.25900,16.15452
15.26000,16.15552
15.26100,16.15652
15.26200,16.15752
15.26300,16.15852
15.26400,16.15952
15.26500,16.16052
15.26600,16.16152
15.26700,16.16252
15.26800,16.16352
15.26900,16.16452
15.27000,16.16552
15.27100,16.16652
15.27200,16.16752
15.27300,16.16852
15.27400,16.16952
15.27500,16.17052
15.27600,16.17152
15.27700,16.17252
15.27800,16.17352
15.27900,16.17452
15.28000,16.17552
15.28100,16.17652
15.28200,16.17752
15.28300,16.17852
15.28400,16.17952
15.28500,16.18052
15.28600,16.18152
15.28700,16.18252
15.28800,16.18352
15.28900,16.18452
15.29000,16.18552
15.29100,16.18652
15.29200,16.18752
15.29300,16.18852
15.29400,16.18952
15.29500,16.19052
15.29600,16.19152
15.29700,16.19252
15.29800,16.19352
15.29900,16.19452
15.30000,16.19552
15.30100,16.19652
15.30200,16.19752
15.30300,16.19852
15.30400,16.19952
15.30500,16.20052
15.30600,16.20152
15.30700,16.20252
15.30800,16.20352
15.30900,16.20452
15.31000,16.20552
15.31100,16.20652
15.31200,16.20752
15.31300,16.20852
15.31400,16.20952
15.31500,16.21052
15.31600,16.21152
15.31700,16.21252
15.31800,16.21352
15.31900,16.21452
15.32000,16.21552
15.32100,16.21652
15.32200,16.21752
15.32300,16.21852
15.32400,16.21952
15.32500,16.22052
15.32600,16.22152
15.32700,16.22252
15.32800,16.22352
15.32900,16.22452
15.33000,16.22552
15.33100,16.23052
15.33200,16.23152
15.33300,16.23252
15.33400,16.23352
15.33500,16.23452
15.33600,16.23552
15.33700,16.23652
15.33800,16.23752
15.33900,16.23852
15.34000,16.23952
15.34100,16.24052
15.34200,16.24152
15.34300,16.24252
15.34400,16.24352
15.34500,16.24452
15.34600,16.24552
15.34700,16.24652
15.34800,16.24752
15.34900,16.24852
15.35000,16.24952
15.35100,16.25052
15.35200,16.25152
15.35300,16.25252
15.35400,16.25352
15.35500,16.25452
15.35600,16.25552
15.35700,16.25652
15.35800,16.25752
15.35900,16.25852
15.36000,16.25952
15.36100,16.26052
15.36200,16.26152
15.36300,16.26252
15.36400,16.26352
15.36500,16.26452
15.36600,16.26552
15.36700,16.26652
15.36800,16.26752
15.36900,16.26852
15.37000,16.26952
15.37100,16.27052
15.37200,16.27152
15.37300,16.27252
15.37400,16.27352
15.37500,16.27452
15.37600,16.27552
15.37700,16.27652
15.37800,16.27752
15.37900,16.27852
15.38000,16.27952
15.38100,16.28052
15.38200,16.28152
15.38300,16.28252
15.38400,16.28352
15.38500,16.28452
15.38600,16.28552
15.38700,16.28652
15.38800,16.28752
15.38900,16.28852
15.39000,16.28952
15.39100,16.29052
15.39200,16.29152
15.39300,16.29252
15.39400,16.29352
15.39500,16.29452
15.39600,16.29552
15.39700,16.29652
15.39800,16.29752
15.39900,16.29852
15.40000,16.29952
15.40100,16.30052
15.40200,16.30152
15.40300,16.30252
15.40400,16.30352
15.40500,16.30452
15.40600,16.30552
15.40700,16.30652
15.40800,16.30752
15.40900,16.30852
15.41000,16.30952
15.41100,16.31052
15.41200,16.31152
15.41300,16.31252
15.41400,16.31352
15.41500,16.31452
15.41600,16.31552
15.41700,16.31652
15.41800,16.31752
15.41900,16.31852
15.42000,16.31952
15.42100,16.32052
15.42200,16.32152
15.42300,16.32252
15.42400,16.32352
15.42500,16.32452
15.42600,16.32552
15.42700,16.32652
15.42800,16.32752
15.42900,16.32852
15.43000,16.32952
15.43100,16.33052
15.43200,16.33152
15.43300,16.33252
15.43400,16.33352
15.43500,16.33452
15.43600,16.33552
15.43700,16.33652
15.43800,16.33752
15.43900,16.33852
15.44000,16.33952
15.44100,16.34052
15.44200,16.34152
15.44300,16.34252
15.44400,16.34352
15.44500,16.34452
15.44600,16.34552
15.44700,16.34652
15.44800,16.34752
15.44900,16.34852
15.45000,16.34952
15.45100,16.35052
15.45200,16.35152
15.45300,16.35252
15.45400,16.35352
15.45500,16.35452
15.45600,16.35552
15.45700,16.35652
15.45800,16.35752
15.45900,16.35852
15.46000,16.35952
15.46100,16.36052
15.46200,16.36152
15.46300,16.36252
15.46400,16.36352
15.46500,16.36452
15.46600,16.36552
15.46700,16.36652
15.46800,16.36752
15.46900,16.36852
15.47000,16.36952
15.47100,16.37052
15.47200,16.37152
15.47300,16.37252
15.47400,16.37352
15.47500,16.37452
15.47600,16.37552
15.47700,16.37652
15.47800,16.37752
15.47900,16.37852
15.48000,16.37952
15.48100,16.38052
15.48200,16.38152
15.48300,16.38252
15.48400,16.38352
15.48500,16.38452
15.48600,16.38552
15.48700,16.38652
15.48800,16.38752
15.48900,16.38852
15.49000,16.38952
15.49100,16.39052
15.49200,16.39152
15.49300,16.39252
15.49400,16.39352
15.49500,16.39452
15.49600,16.39552
15.49700,16.39652
15.49800,16.39752
15.49900,16.39852
15.50000,16.39952
15.50100,16.40052
15.50200,16.40152
15.50300,16.40252
15.50400,16.40352
15.50500,16.40452
15.50600,16.40552
15.50800,16.40652
15.51000,16.40752
15.51100,16.40852
15.51200,16.40952
15.51300,16.41052
15.51400,16.41152
15.51500,16.41252
15.51600,16.41352
15.51700,16.41452
15.51800,16.41552
15.51900,16.41652
15.52000,16.41752
15.52100,16.41852
15.52200,16.41952
15.52300,16.42052
15.52400,16.42152
15.52500,16.42252
15.52600,16.42352
15.52700,16.42452
15.52800,16.42552
15.52900,16.42652
15.53000,16.42752
15.53100,16.42852
15.53200,16.42952
15.53300,16.43052
15.53400,16.43152
15.53500,16.43252
15.53600,16.43352
15.53700,16.43452
15.53800,16.43552
15.53900,16.43652
15.54000,16.43752
15.54100,16.43852
15.54200,16.43952
15.54300,16.44052
15.54400,16.44152
15.54500,16.44252
15.54600,16.44352
15.54700,16.44452
15.54800,16.44552
15.54900,16.44652
15.55000,16.44752
15.55100,16.44852
15.55200,16.44952
15.55300,16.45052
15.55400,16.45152
15.55500,16.45252
15.55600,16.45352
15.55700,16.45452
15.55800,16.45552
15.55900,16.45652
15.56000,16.45752
15.56100,16.45852
15.56200,16.45952
15.56300,16.46052
15.56400,16.46152
15.56500,16.46252
15.56600,16.46352
15.56700,16.46452
15.56800,16.46552
15.56900,16.46652
15.57000,16.46752
15.57100,16.46852
15.57200,16.46952
15.57300,16.47052
15.57400,16.47152
15.57500,16.47252
15.57600,16.47352
15.57700,16.47452
15.57800,16.47552
15.57900,16.47652
15.58000,16.47752
15.58100,16.47852
15.58200,16.47952
15.58300,16.48052
15.58400,16.48152
15.58500,16.48252
15.58600,16.48352
15.58700,16.48452
15.58800,16.48552
15.58900,16.48652
15.59000,16.48752
15.59100,16.48852
15.59200,16.48952
15.59300,16.49052
15.59400,16.49152
15.59500,16.49252
15.59600,16.49352
15.59700,16.49452
15.59800,16.49552
15.59900,16.49652
15.60000,16.49752
15.60100,16.49852
15.60200,16.49952
15.60300,16.50052
15.60400,16.50152
15.60500,16.50252
15.60600,16.50352
15.60700,16.50452
15.60800,16.50552
15.60900,16.50652
15.61000,16.50752
15.61100,16.50852
15.61200,16.50952
15.61300,16.51052
15.61400,16.51152
15.61500,16.51252
15.61600,16.51352
15.61700,16.51452
15.61800,16.51552
15.61900,16.51652
15.62000,16.51752
15.62100,16.51852
15.62200,16.51952
15.62300,16.52052
15.62400,16.52152
15.62500,16.52252
15.62600,16.52352
15.62700,16.52452
15.62800,16.52552
15.62900,16.52652
15.63000,16.52752
15.63100,16.52852
15.63200,16.52952
15.63300,16.53052
15.63400,16.53152
15.63500,16.53252
15.63600,16.53352
15.63700,16.53452
15.63800,16.53552
15.63900,16.53652
15.64000,16.53752
15.64100,16.53852
15.64200,16.53952
15.64300,16.54052
15.64400,16.54152
15.64500,16.54252
15.64600,16.54352
15.64700,16.54452
15.64800,16.54552
15.64900,16.54652
15.65000,16.54752
15.65100,16.54852
15.65200,16.54952
15.65300,16.55052
15.65400,16.55152
15.65500,16.55252
15.65600,16.55352
15.65700,16.55452
15.65800,16.55552
15.65900,16.55652
15.66000,16.55752
15.66100,16.55852
15.66200,16.55952
15.66300,16.56052
15.66400,16.56152
15.66500,16.56252
15.66600,16.56352
15.66700,16.56452
15.66800,16.56552
15.66900,16.56652
15.67000,16.56752
15.67100,16.56852
15.67200,16.56952
15.67300,16.57052
15.67400,16.57152
15.67500,16.57252
15.67600,16.57352
15.67700,16.57452
15.67800,16.57552
15.67900,16.57652
15.68000,16.57752
15.68100,16.57852
15.68200,16.57952
15.68300,16.58052
15.68400,16.58152
15.68500,16.58252
15.68600,16.58352
15.68700,16.58452
15.68800,16.58552
15.68900,16.58652
15.69000,16.58752
15.69100,16.58852
15.69200,16.58952
15.69300,16.59052
15.69400,16.59152
15.69500,16.59252
15.69600,16.59352
15.69700,16.59452
15.69800,16.59552
15.69900,16.59652
15.70000,16.59752
15.70100,16.59852
15.70200,16.59952
15.70300,16.60052
15.70400,16.60152
15.70500,16.60252
15.70600,16.60352
15.70700,16.60452
15.70800,16.60552
15.70900,16.60652
15.71000,16.60752
15.71100,16.60852
15.71200,16.60952
15.71300,16.61052
15.71400,16.61152
15.71500,16.61252
15.71600,16.61352
15.71700,16.61452
15.71800,16.61552
15.71900,16.61652
15.72000,16.61752
15.72100,16.61852
15.72200,16.61952
15.72300,16.62052
15.72400,16.62152
15.72500,16.62252
15.72600,16.62352
15.72700,16.62452
15.72800,16.62552
15.72900,16.62652
15.73000,16.62752
15.73100,16.62852
15.73200,16.62952
15.73300,16.63052
15.73400,16.63152
15.73500,16.63252
15.73600,16.63352
15.73700,16.63452
15.73800,16.63552
15.73900,16.63652
15.74000,16.63752
15.74100,16.63852
15.74200,16.63952
15.74300,16.64052
15.74400,16.64152
15.74500,16.64252
15.74600,16.64352
15.74700,16.64452
15.74800,16.64552
15.74900,16.64652
15.75000,16.64752
15.75100,16.64852
15.75200,16.64952
15.75300,16.65052
15.75400,16.65152
15.75500,16.65252
15.75600,16.65352
15.75700,16.65452
15.75800,16.65552
15.75900,16.65652
15.76000,16.65752
15.76100,16.65852
15.76200,16.65952
15.76300,16.66052
15.76400,16.66152
15.76500,16.66352
15.76600,16.66452
15.76700,16.66552
15.76800,16.66652
15.76900,16.66852
15.77000,16.66952
15.77100,16.67052
15.77200,16.67152
15.77300,16.67252
15.77400,16.67352
15.77500,16.67752
15.77600,16.67852
15.77700,16.67952
15.77800,16.68052
15.77900,16.68152
15.78000,16.68252
15.78100,16.68352
15.78200,16.68452
15.78300,16.68552
15.78400,16.68652
15.78500,16.68752
15.78600,16.68852
15.78700,16.68952
15.78800,16.69052
15.78900,16.69152
15.79000,16.69252
15.79100,16.69352
15.79200,16.69452
15.79300,16.69552
15.79400,16.69652
15.79500,16.69752
15.79600,16.69852
15.79700,16.69952
15.79800,16.70052
15.79900,16.70152
15.80000,16.70252
15.80100,16.70352
15.80200,16.70652
15.80300,16.70752
15.80400,16.70852
15.80500,16.70952
15.80600,16.71052
15.80700,16.71152
15.80800,16.71252
15.80900,16.71352
15.81000,16.71452
15.81100,16.71552
15.81200,16.71652
15.81300,16.71752
15.81400,16.71852
15.81500,16.71952
15.81600,16.72052
15.81700,16.72152
15.81800,16.72252
15.81900,16.72352
15.82000,16.72452
15.82100,16.72552
15.82200,16.72652
15.82300,16.72752
15.82400,16.72852
15.82500,16.72952
15.82600,16.73052
15.82700,16.73152
15.82800,16.73252
15.82900,16.73352
15.83000,16.73452
15.83100,16.73552
15.83200,16.73652
15.83300,16.73752
15.83400,16.73852
15.83500,16.73952
15.83600,16.74052
15.83700,16.74152
15.83800,16.74252
15.83900,16.74352
15.84000,16.74452
15.84100,16.74552
15.84200,16.74652
15.84300,16.74752
15.84400,16.74852
15.84500,16.74952
15.84600,16.75052
15.84700,16.75152
15.84800,16.75252
15.84900,16.75352
15.85000,16.75452
15.85100,16.75552
15.85200,16.75652
15.85300,16.75752
15.85400,16.76052
15.85500,16.76152
15.85600,16.76252
15.85700,16.76352
15.85800,16.76452
15.85900,16.76552
15.86000,16.76652
15.86100,16.76752
15.86200,16.76852
15.86300,16.76952
15.86400,16.77052
15.86500,16.77152
15.86600,16.77252
15.86700,16.77352
15.86800,16.77452
15.86900,16.77552
15.87000,16.77652
15.87100,16.77752
15.87200,16.77852
15.87300,16.77952
15.87400,16.78052
15.87500,16.78152
15.87600,16.78252
15.87700,16.78352
15.87800,16.78452
15.87900,16.78552
15.88000,16.78952
15.88100,16.79452
15.88200,16.79552
15.88300,16.79652
15.88400,16.79752
15.88500,16.79852
15.88600,16.79952
15.88700,16.80052
15.88800,16.80352
15.88900,16.80452
15.89000,16.80552
15.89100,16.80652
15.89200,16.80752
15.89300,16.80852
15.89400,16.80952
15.89500,16.81052
15.89600,16.81152
15.89700,16.81252
15.89800,16.81352
15.89900,16.81452
15.90000,16.81552
15.90100,16.81652
15.90200,16.81752
15.90300,16.81852
15.90400,16.81952
15.90500,16.82052
15.90600,16.82152
15.90700,16.82252
15.90800,16.82352
15.90900,16.82452
15.91000,16.82552
15.91100,16.82652
15.91200,16.82752
15.91300,16.82852
15.91400,16.82952
15.91500,16.83052
15.91600,16.83152
15.91700,16.83252
15.91800,16.83352
15.91900,16.83452
15.92000,16.83552
15.92100,16.83652
15.92200,16.83752
15.92300,16.83852
15.92400,16.83952
15.92500,16.84052
15.92600,16.84152
15.92700,16.84252
15.92800,16.84352
15.92900,16.84452
15.93000,16.84552
15.93100,16.84652
15.93200,16.84752
15.93300,16.84852
15.93400,16.84952
15.93500,16.85052
15.93600,16.85152
15.93700,16.85252
15.93800,16.85352
15.93900,16.85452
15.94000,16.85552
15.94100,16.85652
15.94200,16.85752
15.94300,16.85852
15.94400,16.85952
15.94500,16.86052
15.94600,16.86152
15.94700,16.86252
15.94800,16.86352
15.94900,16.86452
15.95000,16.86552
15.95100,16.86652
15.95200,16.86752
15.95300,16.86852
15.95400,16.86952
15.95500,16.87052
15.95600,16.87152
15.95700,16.87252
15.95800,16.87352
15.95900,16.87452
15.96000,16.87552
15.96100,16.87652
15.96200,16.87752
15.96300,16.87852
15.96400,16.87952
15.96600,16.88052
15.96700,16.88152
15.96800,16.88252
15.96900,16.88352
15.97000,16.88452
15.97100,16.88552
15.97200,16.88652
15.97400,16.88752
15.97500,16.88852
15.98000,16.88952
15.98100,16.89052
15.98200,16.89152
15.98300,16.89252
15.98400,16.89352
15.98600,16.89452
15.98700,16.89552
15.98800,16.89652
15.98900,16.89752
15.99000,16.89852
15.99100,16.89952
15.99200,16.90052
15.99300,16.90152
15.99400,16.90252
15.99500,16.90352
15.99600,16.90452
15.99700,16.90552
15.99800,16.90652
15.99900,16.90752
16.00000,16.90852
16.00300,16.90952
16.00400,16.91052
16.00500,16.91152
16.00600,16.91252
16.00700,16.91352
16.00800,16.91452
16.00900,16.91552
16.01000,16.91652
16.01100,16.91752
16.01200,16.91852
16.01300,16.91952
16.01400,16.92052
16.01500,16.92152
16.01600,16.92252
16.01700,16.92352
16.01800,16.92452
16.01900,16.92552
16.02000,16.92652
16.02100,16.92752
16.02200,16.92852
16.02300,16.92952
16.02400,16.93052
16.02500,16.93152
16.02600,16.93252
16.02700,16.93352
16.02800,16.93452
16.02900,16.93552
16.03000,16.93652
16.03100,16.93752
16.03200,16.93852
16.03300,16.93952
16.03400,16.94052
16.03500,16.94152
16.03600,16.94252
16.03700,16.94352
16.03800,16.94452
16.03900,16.94552
16.04000,16.94652
16.04100,16.94752
16.04200,16.94852
16.04300,16.94952
16.04400,16.95052
16.04500,16.95152
16.04600,16.95252
16.04700,16.95352
16.04800,16.95452
16.04900,16.95552
16.05000,16.95652
16.05100,16.95752
16.05200,16.95852
16.05300,16.95952
16.05400,16.96052
16.05500,16.96152
16.05600,16.96252
16.05700,16.96352
16.05800,16.96452
16.05900,16.96552
16.06000,16.96652
16.06100,16.96752
16.06200,16.96852
16.06300,16.96952
16.06400,16.97052
16.06500,16.97152
16.06600,16.97252
16.06700,16.97352
16.06800,16.97452
16.06900,16.97552
16.07000,16.97652
16.07100,16.97752
16.07200,16.97852
16.07400,16.97952
16.07500,16.98052
16.07600,16.98152
16.07700,16.98252
16.07800,16.98352
16.07900,16.98452
16.08000,16.98552
16.08100,16.98652
16.08200,16.98752
16.08300,16.98852
16.08400,16.98952
16.08500,16.99052
16.08600,16.99152
16.08700,16.99252
16.08800,16.99352
16.08900,16.99452
16.09000,16.99552
16.09100,16.99652
16.09200,16.99752
16.09300,16.99852
16.09500,16.99952
16.09600,17.00052
16.09700,17.00152
16.09800,17.00252
16.09900,17.00352
16.10000,17.00452
16.10100,17.00552
16.10200,17.00652
16.10300,17.00752
16.10400,17.00852
16.10500,17.00952
16.10600,17.01052
16.10700,17.01152
16.10800,17.01252
16.10900,17.01352
16.11000,17.01452
16.11100,17.01552
16.11200,17.01652
16.11300,17.01752
16.11400,17.01852
16.11500,17.01952
16.11600,17.02052
16.11700,17.02152
16.11800,17.02252
16.11900,17.02352
16.12000,17.02452
16.12100,17.02552
16.12200,17.02652
16.12300,17.02752
16.12400,17.02852
16.12500,17.02952
16.12600,17.03052
16.12700,17.03152
16.12800,17.03252
16.12900,17.03352
16.13000,17.03452
16.13100,17.03552
16.13200,17.03652
16.13300,17.03752
16.13400,17.03852
16.13500,17.03952
16.13600,17.04052
16.13700,17.04152
16.13800,17.04252
16.13900,17.04352
16.14000,17.04452
16.14100,17.04552
16.14200,17.04652
16.14300,17.04752
16.14400,17.04852
16.14500,17.04952
16.14600,17.05052
16.14700,17.05152
16.14800,17.05252
16.14900,17.05352
16.15000,17.05452
16.15100,17.05552
16.15200,17.05652
16.15300,17.05752
16.15400,17.05852
16.15500,17.05952
16.15600,17.06052
16.15700,17.06152
16.15800,17.06252
16.15900,17.06352
16.16000,17.06452
16.16100,17.06552
16.16200,17.06652
16.16300,17.06752
16.16400,17.06852
16.16500,17.06952
16.16600,17.07052
16.16700,17.07152
16.16800,17.07252
16.16900,17.07352
16.17000,17.07452
16.17100,17.07552
16.17200,17.07652
16.17300,17.07752
16.17400,17.07852
16.17500,17.07952
16.17600,17.08052
16.17700,17.08152
16.17800,17.08252
16.17900,17.08352
16.18000,17.08452
16.18100,17.08552
16.18200,17.08652
16.18300,17.08752
16.18400,17.08852
16.18500,17.08952
16.18600,17.09052
16.18700,17.09152
16.18800,17.09252
16.18900,17.09352
16.19000,17.09452
16.19100,17.09552
16.19200,17.09652
16.19300,17.09952
16.19400,17.10052
16.19500,17.10152
16.19600,17.10252
16.19700,17.10352
16.19800,17.10452
16.19900,17.10552
16.20000,17.10652
16.20100,17.10752
16.20200,17.10852
16.20300,17.10952
16.20400,17.11052
16.20500,17.11152
16.20600,17.11252
16.20700,17.11352
16.20800,17.11452
16.20900,17.11552
16.21000,17.11652
16.21100,17.11752
16.21200,17.11852
16.21300,17.11952
16.21400,17.12052
16.21500,17.12152
16.21600,17.12252
16.21700,17.12352
16.21800,17.12452
16.21900,17.12552
16.22000,17.12652
16.22100,17.12752
16.22200,17.12852
16.22300,17.12952
16.22400,17.13052
16.22500,17.13152
16.22600,17.13252
16.22700,17.13352
16.22800,17.13452
16.22900,17.13552
16.23000,17.13652
16.23100,17.13752
16.23200,17.13852
16.23300,17.13952
16.23400,17.14052
16.23500,17.14152
16.23600,17.14252
16.23700,17.14352
16.23800,17.14452
16.23900,17.14552
16.24000,17.14652
16.24100,17.14752
16.24200,17.14852
16.24300,17.14952
16.24400,17.15052
16.24500,17.15152
16.24600,17.15252
16.24700,17.15352
16.24800,17.15452
16.24900,17.15552
16.25000,17.15652
16.25100,17.15752
16.25200,17.15852
16.25300,17.15952
16.25400,17.16052
16.25500,17.16152
16.25600,17.16252
16.25700,17.16352
16.25800,17.16452
16.25900,17.16552
16.26000,17.16652
16.26100,17.16752
16.26200,17.16852
16.26300,17.16952
16.26400,17.17052
16.26500,17.17152
16.26600,17.17252
16.26700,17.17452
16.26800,17.17552
16.26900,17.17652
16.27000,17.17752
16.27100,17.17852
16.27200,17.17952
16.27300,17.18052
16.27400,17.18152
16.27500,17.18252
16.27600,17.18352
16.27700,17.18452
16.27800,17.18552
16.27900,17.18652
16.28000,17.18752
16.28100,17.18852
16.28200,17.18952
16.28300,17.19052
16.28400,17.19152
16.28500,17.19252
16.28600,17.19352
16.28700,17.19452
16.28800,17.20352
16.28900,17.20452
16.29000,17.20552
16.29100,17.20652
16.29200,17.20752
16.29300,17.20852
16.29400,17.20952
16.29500,17.21052
16.29600,17.21152
16.29700,17.21252
16.29800,17.21352
16.29900,17.21452
16.30000,17.21552
16.30100,17.21652
16.30200,17.21752
16.30300,17.21852
16.30400,17.21952
16.30500,17.22052
16.30600,17.22152
16.30700,17.22252
16.30800,17.22352
16.30900,17.22452
16.31000,17.22552
16.31100,17.22652
16.31200,17.22752
16.31300,17.22852
16.31400,17.22952
16.31500,17.23052
16.31600,17.23152
16.31700,17.23252
16.31800,17.23352
16.31900,17.23452
16.32000,17.23552
16.32100,17.23652
16.32200,17.23752
16.32300,17.23852
16.32400,17.23952
16.32500,17.24052
16.32600,17.24152
16.32700,17.24252
16.32800,17.24352
16.32900,17.24452
16.33000,17.24552
16.33100,17.24652
16.33200,17.24752
16.33300,17.24852
16.33400,17.24952
16.33500,17.25052
16.33600,17.25152
16.33700,17.25252
16.33800,17.25352
16.33900,17.25452
16.34000,17.25552
16.34100,17.25652
16.34200,17.25752
16.34300,17.25852
16.34400,17.25952
16.34500,17.26052
16.34600,17.26152
16.34700,17.26252
16.34800,17.26352
16.34900,17.26452
16.35000,17.26552
16.35100,17.26652
16.35200,17.26752
16.35300,17.26852
16.35400,17.26952
16.35500,17.27052
16.35600,17.27152
16.35700,17.27252
16.35800,17.27352
16.35900,17.27452
16.36000,17.27552
16.36100,17.27652
16.36200,17.27752
16.36300,17.27852
16.36400,17.27952
16.36500,17.28052
16.36600,17.28152
16.36700,17.28252
16.36800,17.28352
16.36900,17.28452
16.37000,17.28552
16.37100,17.28652
16.37200,17.28752
16.37300,17.28852
16.37400,17.28952
16.37500,17.29052
16.37600,17.29152
16.37700,17.29252
16.37800,17.29352
16.37900,17.29452
16.38000,17.29552
16.38100,17.29652
16.38200,17.29752
16.38300,17.29852
16.38400,17.29952
16.38500,17.30052
16.38600,17.30152
16.38700,17.30252
16.38800,17.30352
16.38900,17.30452
16.39000,17.30552
16.39100,17.30652
16.39200,17.30752
16.39300,17.33852
16.39400,17.33952
16.39500,17.34052
16.39600,17.34152
16.39700,17.34252
16.39800,17.34352
16.39900,17.34452
16.40000,17.34552
16.40100,17.34652
16.40200,17.34752
16.40300,17.34852
16.40400,17.34952
16.40500,17.35052
16.40600,17.35152
16.40700,17.35252
16.40800,17.35352
16.40900,17.35652
16.41000,17.35752
16.41100,17.35852
16.41200,17.36152
16.41300,17.36252
16.41400,17.36352
16.41500,17.36452
16.41600,17.36552
16.41700,17.36652
16.41800,17.36752
16.41900,17.36852
16.42000,17.36952
16.42100,17.37052
16.42200,17.37152
16.42300,17.37252
16.42400,17.37352
16.42500,17.37452
16.42600,17.37552
16.42700,17.37652
16.42800,17.37752
16.42900,17.37852
16.43000,17.37952
16.43100,17.38052
16.43200,17.38152
16.43300,17.38252
16.43400,17.38352
16.43500,17.38452
16.43600,17.38552
16.43700,17.38652
16.43800,17.38752
16.43900,17.38852
16.44000,17.38952
16.44100,17.39052
16.44200,17.39152
16.44300,17.39252
16.44400,17.39352
16.44500,17.39452
16.44600,17.39552
16.44700,17.39652
16.44800,17.39752
16.44900,17.39852
16.45000,17.39952
16.45100,17.40052
16.45200,17.40152
16.45300,17.40252
16.45400,17.40352
16.45500,17.40452
16.45600,17.40552
16.45700,17.40652
16.45800,17.40752
16.45900,17.40852
16.46000,17.40952
16.46100,17.41052
16.46200,17.41152
16.46300,17.41252
16.46400,17.41352
16.46500,17.41452
16.46600,17.41552
16.46700,17.41652
16.46800,17.41752
16.46900,17.41852
16.47000,17.41952
16.47100,17.42052
16.47200,17.42152
16.47300,17.42252
16.47400,17.42352
16.47500,17.42452
16.47600,17.42552
16.47700,17.42652
16.47800,17.42752
16.47900,17.42852
16.48000,17.42952
16.48100,17.43052
16.48200,17.43152
16.48300,17.43252
16.48400,17.43352
16.48500,17.43452
16.48600,17.43552
16.48700,17.43652
16.48800,17.43752
16.48900,17.43852
16.49000,17.43952
16.49100,17.44052
16.49200,17.44152
16.49300,17.44252
16.49400,17.44352
16.49500,17.44452
16.49600,17.44552
16.49700,17.44652
16.49800,17.44752
16.49900,17.44852
16.50000,17.44952
16.50100,17.45052
16.50200,17.45152
16.50300,17.45252
16.50400,17.45352
16.50500,17.45452
16.50600,17.45552
16.50700,17.45652
16.50800,17.45752
16.50900,17.45852
16.51000,17.45952
16.51100,17.46052
16.51200,17.46152
16.51300,17.46252
16.51400,17.46352
16.51500,17.46452
16.51600,17.46552
16.51700,17.46652
16.51800,17.46752
16.51900,17.46852
16.52000,17.46952
16.52100,17.47052
16.52200,17.47152
16.52300,17.47252
16.52400,17.47352
16.52500,17.47452
16.52600,17.47552
16.52700,17.47652
16.52800,17.47752
16.52900,17.47852
16.53000,17.47952
16.53100,17.48052
16.53200,17.48152
16.53300,17.48252
16.53400,17.48352
16.53500,17.48452
16.53600,17.48552
16.53700,17.48652
16.53800,17.48752
16.53900,17.48852
16.54000,17.48952
16.54100,17.49052
16.54200,17.49152
16.54300,17.49252
16.54400,17.49352
16.54500,17.49452
16.54600,17.49552
16.54700,17.49652
16.54800,17.49752
16.54900,17.49852
16.55000,17.49952
16.55100,17.50052
16.55200,17.50152
16.55300,17.50252
16.55400,17.50352
16.55500,17.50452
16.55600,17.50552
16.55700,17.50652
16.55800,17.50752
16.55900,17.50852
16.56000,17.50952
16.56100,17.51052
16.56200,17.51152
16.56300,17.51252
16.56400,17.51352
16.56500,17.51452
16.56600,17.51552
16.56700,17.51652
16.56800,17.51752
16.56900,17.51852
16.57000,17.51952
16.57100,17.52052
16.57200,17.52152
16.57300,17.52252
16.57400,17.52352
16.57500,17.52452
16.57600,17.52552
16.57700,17.52652
16.57800,17.52752
16.57900,17.52852
16.58000,17.52952
16.58100,17.53052
16.58200,17.53152
16.58300,17.53252
16.58400,17.53352
16.58500,17.53452
16.58600,17.53552
16.58700,17.53652
16.58800,17.53752
16.58900,17.53852
16.59000,17.53952
16.59100,17.54052
16.59200,17.54152
16.59300,17.54252
16.59400,17.54352
16.59500,17.54452
16.59600,17.54552
16.59700,17.54652
16.59800,17.54752
16.59900,17.54852
16.60000,17.54952
16.60100,17.55052
16.60200,17.55152
16.60300,17.55252
16.60400,17.55352
16.60500,17.55452
16.60600,17.55552
16.60700,17.55652
16.60800,17.55752
16.60900,17.55852
16.61000,17.55952
16.61100,17.56052
16.61200,17.56152
16.61300,17.56252
16.61400,17.56352
16.61500,17.56452
16.61600,17.56552
16.61700,17.56652
16.61800,17.56752
16.61900,17.56852
16.62000,17.56952
16.62100,17.57052
16.62200,17.57152
16.62300,17.57252
16.62400,17.57352
16.62500,17.57452
16.62600,17.57552
16.62700,17.57652
16.62800,17.57752
16.62900,17.57852
16.63000,17.57952
16.63100,17.58052
16.63200,17.58152
16.63300,17.58252
16.63400,17.58352
16.63500,17.58452
16.63600,17.58552
16.63700,17.58652
16.63800,17.58752
16.63900,17.58852
16.64000,17.58952
16.64100,17.59052
16.64200,17.59152
16.64300,17.59252
16.64400,17.59352
16.64500,17.59452
16.64600,17.59552
16.64700,17.59652
16.64800,17.59752
16.64900,17.59852
16.65000,17.59952
16.65100,17.60052
16.65200,17.60152
16.65300,17.60252
16.65400,17.60352
16.65500,17.60452
16.65600,17.60552
16.65700,17.60652
16.65800,17.60752
16.65900,17.60852
16.66000,17.60952
16.66100,17.61052
16.66200,17.61152
16.66300,17.61252
16.66400,17.61352
16.66500,17.61452
16.66600,17.61552
16.66700,17.61652
16.66800,17.61752
16.66900,17.61852
16.67000,17.61952
16.67100,17.62052
16.67200,17.62152
16.67300,17.62252
16.67400,17.63452
16.67500,17.63552
16.67600,17.63652
16.67700,17.63752
16.67800,17.63852
16.67900,17.63952
16.68000,17.64052
16.68100,17.64152
16.68200,17.64252
16.68300,17.64352
16.68400,17.64452
16.68500,17.64552
16.68600,17.64652
16.68700,17.64752
16.68800,17.64852
16.68900,17.64952
16.69000,17.65052
16.69100,17.65152
16.69200,17.65252
16.69300,17.65352
16.69400,17.65452
16.69500,17.65552
16.69600,17.65652
16.69700,17.65752
16.69800,17.65852
16.69900,17.65952
16.70000,17.66052
16.70100,17.66152
16.70200,17.66252
16.70300,17.66352
16.70400,17.66452
16.70500,17.66552
16.70600,17.66652
16.70700,17.66752
16.70800,17.66852
16.70900,17.66952
16.71000,17.67052
16.71100,17.67152
16.71200,17.67252
16.71300,17.67352
16.71400,17.67452
16.71500,17.67552
16.71600,17.67652
16.71700,17.67752
16.71800,17.67852
16.71900,17.67952
16.72000,17.68052
16.72100,17.68152
16.72200,17.68252
16.72300,17.68352
16.72400,17.68452
16.72500,17.68552
16.72600,17.68652
16.72700,17.68752
16.72800,17.68852
16.72900,17.68952
16.73000,17.69052
16.73100,17.69152
16.73200,17.69252
16.73300,17.69352
16.73400,17.69452
16.73500,17.69552
16.73600,17.69652
16.73700,17.69752
16.73800,17.69852
16.73900,17.69952
16.74000,17.70052
16.74100,17.70152
16.74200,17.70252
16.74300,17.70552
16.74400,17.70652
16.74500,17.70752
16.74600,17.70852
16.74700,17.70952
16.74800,17.71052
16.74900,17.71152
16.75000,17.71252
16.75100,17.71352
16.75200,17.71452
16.75300,17.71552
16.75400,17.71652
16.75500,17.71752
16.75600,17.71852
16.75700,17.71952
16.75800,17.72052
16.75900,17.72152
16.76000,17.72252
16.76100,17.72352
16.76200,17.72452
16.76300,17.72552
16.76400,17.72652
16.76500,17.72752
16.76600,17.72852
16.76700,17.72952
16.76800,17.73052
16.76900,17.73152
16.77000,17.73252
16.77100,17.73352
16.77200,17.73452
16.77300,17.73552
16.77400,17.73652
16.77500,17.73752
16.77600,17.73852
16.77700,17.73952
16.77800,17.74052
16.77900,17.74152
16.78000,17.74252
16.78100,17.74352
16.78200,17.74452
16.78300,17.74552
16.78400,17.74652
16.78500,17.74752
16.78600,17.74852
16.78700,17.74952
16.78800,17.75052
16.78900,17.75152
16.79000,17.75252
16.79100,17.75352
16.79200,17.75452
16.79300,17.75552
16.79400,17.75652
16.79500,17.75752
16.79600,17.75852
16.79700,17.75952
16.79800,17.76052
16.79900,17.76152
16.80000,17.76252
16.80100,17.76352
16.80200,17.76452
16.80300,17.76552
16.80400,17.76652
16.80500,17.76752
16.80600,17.76852
16.80700,17.76952
16.80800,17.77052
16.80900,17.77152
16.81000,17.77252
16.81100,17.77352
16.81200,17.77452
16.81300,17.77552
16.81400,17.77652
16.81500,17.77752
16.81600,17.77852
16.81700,17.77952
16.81800,17.78052
16.81900,17.78152
16.82000,17.78252
16.82100,17.78352
16.82200,17.78452
16.82300,17.78552
16.82400,17.78652
16.82500,17.78752
16.82600,17.78852
16.82700,17.78952
16.82800,17.79052
16.82900,17.79152
16.83000,17.79252
16.83100,17.79352
16.83200,17.79452
16.83300,17.79552
16.83400,17.79652
16.83500,17.79752
16.83600,17.79852
16.83700,17.79952
16.83800,17.80052
16.83900,17.80152
16.84000,17.80252
16.84100,17.80352
16.84200,17.80452
16.84300,17.80552
16.84400,17.80652
16.84500,17.80752
16.84600,17.80852
16.84700,17.80952
16.84800,17.81052
16.84900,17.81152
16.85000,17.81252
16.85100,17.81352
16.85200,17.81452
16.85300,17.81552
16.85400,17.81652
16.85500,17.81752
16.85600,17.81852
16.85700,17.81952
16.85800,17.82052
16.85900,17.82152
16.86000,17.82252
16.86100,17.82352
16.86200,17.82452
16.86300,17.82552
16.86400,17.82652
16.86500,17.82752
16.86600,17.82852
16.86700,17.82952
16.86800,17.83052
16.86900,17.83252
16.87000,17.83452
16.87100,17.83552
16.87200,17.83652
16.87300,17.83752
16.87400,17.83852
16.87500,17.83952
16.87600,17.84052
16.87700,17.84152
16.87800,17.84252
16.87900,17.84352
16.88000,17.84452
16.88100,17.84552
16.88200,17.84652
16.88300,17.84752
16.88400,17.84852
16.88500,17.84952
16.88600,17.85052
16.88700,17.85152
16.88800,17.85252
16.88900,17.85352
16.89000,17.85552
16.89100,17.85752
16.89200,17.85852
16.89300,17.85952
16.89400,17.86052
16.89500,17.86152
16.89600,17.86252
16.89700,17.86352
16.89800,17.86452
16.89900,17.86552
16.90000,17.86652
16.90100,17.86752
16.90200,17.86852
16.90300,17.87052
16.90400,17.87152
16.90500,17.87252
16.90600,17.87352
16.90700,17.87452
16.90800,17.87552
16.90900,17.87652
16.91000,17.87752
16.91100,17.87852
16.91200,17.87952
16.91300,17.88052
16.91400,17.88152
16.91500,17.88252
16.91600,17.88352
16.91700,17.88452
16.91800,17.88552
16.91900,17.88652
16.92000,17.88752
16.92100,17.88852
16.92200,17.88952
16.92300,17.89052
16.92400,17.89152
16.92500,17.89252
16.92600,17.89352
16.92700,17.89452
16.92800,17.89552
16.92900,17.89652
16.93000,17.89752
16.93100,17.89852
16.93200,17.89952
16.93300,17.90052
16.93400,17.90152
16.93500,17.90252
16.93600,17.90352
16.93700,17.90452
16.93800,17.90552
16.93900,17.90652
16.94000,17.90752
16.94100,17.91152
16.94200,17.91252
16.94300,17.91352
16.94400,17.91452
16.94500,17.91552
16.94600,17.91652
16.94700,17.91752
16.94800,17.91852
16.94900,17.91952
16.95000,17.92052
16.95100,17.92152
16.95200,17.92252
16.95300,17.92352
16.95400,17.92452
16.95500,17.92552
16.95600,17.92652
16.95700,17.92752
16.95800,17.92852
16.95900,17.92952
16.96000,17.93052
16.96100,17.93152
16.96200,17.93452
16.96300,17.93752
16.96400,17.93852
16.96500,17.93952
16.96600,17.94052
16.96700,17.94152
16.96800,17.94252
16.96900,17.94352
16.97000,17.94652
16.97100,17.94752
16.97200,17.94852
16.97300,17.94952
16.97400,17.95052
16.97500,17.95252
16.97600,17.95352
16.97700,17.95452
16.97800,17.95552
16.97900,17.95652
16.98000,17.95752
16.98100,17.95852
16.98200,17.95952
16.98300,17.96052
16.98400,17.96152
16.98500,17.96252
16.98600,17.96352
16.98700,17.96452
16.98800,17.96552
16.98900,17.96652
16.99000,17.96752
16.99100,17.96852
16.99200,17.96952
16.99300,17.97052
16.99400,17.97152
16.99500,17.97252
16.99600,17.97352
16.99700,17.97452
16.99800,17.97552
16.99900,17.97652
17.00000,17.97752
17.00100,17.97852
17.00200,17.97952
17.00300,17.98052
17.00400,17.98152
17.00500,17.98252
17.00700,17.98352
17.00800,17.98452
17.00900,17.98552
17.01000,17.98652
17.01100,17.98752
17.01200,17.98852
17.01300,17.98952
17.01400,17.99052
17.01500,17.99152
17.01600,17.99252
17.01700,17.99352
17.01800,17.99452
17.01900,17.99552
17.02000,17.99652
17.02100,17.99752
17.02200,17.99852
17.02300,17.99952
17.02400,18.00052
17.02500,18.00152
17.02600,18.00252
17.02700,18.00352
17.02800,18.00452
17.02900,18.00552
17.03000,18.00652
17.03100,18.00752
17.03200,18.00852
17.03300,18.00952
17.03400,18.01052
17.03500,18.01152
17.03600,18.01252
17.03700,18.01352
17.03800,18.01452
17.03900,18.01552
17.04000,18.01652
17.04100,18.01752
17.04200,18.01852
17.04300,18.01952
17.04400,18.02052
17.04500,18.02152
17.04600,18.02252
17.04700,18.02352
17.04800,18.02452
17.04900,18.02552
17.05000,18.02652
17.05100,18.02752
17.05200,18.02852
17.05300,18.02952
17.05400,18.03052
17.05500,18.03152
17.05600,18.03252
17.05700,18.03352
17.05800,18.03452
17.05900,18.03552
17.06000,18.03652
17.06100,18.03752
17.06200,18.03852
17.06300,18.03952
17.06400,18.04052
17.06500,18.04152
17.06600,18.04252
17.06700,18.04352
17.06800,18.04452
17.06900,18.04552
17.07000,18.04652
17.07100,18.04752
17.07200,18.04852
17.07300,18.04952
17.07400,18.05052
17.07500,18.05152
17.07600,18.05252
17.07700,18.05352
17.07800,18.05452
17.07900,18.05552
17.08000,18.05652
17.08100,18.05752
17.08200,18.05852
17.08300,18.05952
17.08400,18.06052
17.08500,18.06152
17.08600,18.06252
17.08700,18.06352
17.08800,18.06452
17.08900,18.06552
17.09000,18.06652
17.09100,18.06752
17.09200,18.06852
17.09300,18.06952
17.09400,18.07052
17.09500,18.07152
17.09600,18.07252
17.09700,18.07352
17.09800,18.07452
17.09900,18.07552
17.10000,18.07652
17.10100,18.07752
17.10200,18.07852
17.10300,18.07952
17.10400,18.08052
17.10500,18.08152
17.10600,18.08252
17.10700,18.08352
17.10800,18.08452
17.10900,18.08552
17.11300,18.08652
17.11500,18.08752
17.11700,18.08852
17.11900,18.08952
17.12000,18.09052
17.12100,18.09152
17.12200,18.09252
17.12300,18.09352
17.12400,18.09452
17.12500,18.09552
17.12600,18.09652
17.12700,18.09752
17.12800,18.09852
17.12900,18.09952
17.13000,18.10052
17.13100,18.10152
17.13200,18.10252
17.13300,18.10352
17.13400,18.10452
17.13500,18.10552
17.13600,18.10652
17.13700,18.10752
17.13800,18.10852
17.13900,18.10952
17.14000,18.11052
17.14100,18.11152
17.14200,18.11252
17.14300,18.11352
17.14700,18.11452
17.14800,18.11552
17.14900,18.11652
17.15300,18.11752
17.15400,18.11852
17.15500,18.11952
17.15600,18.12052
17.15700,18.12152
17.15800,18.12252
17.16000,18.12352
17.16100,18.12452
17.16200,18.12552
17.16300,18.12652
17.16400,18.12752
17.16500,18.12852
17.16600,18.12952
17.16700,18.13052
17.16800,18.13152
17.16900,18.13252
17.17000,18.13352
17.17100,18.13452
17.17200,18.13552
17.17300,18.13652
17.17400,18.13752
17.17500,18.13852
17.17600,18.13952
17.17700,18.14052
17.17800,18.14152
17.17900,18.14252
17.18000,18.14352
17.18100,18.14452
17.18200,18.14552
17.18300,18.14652
17.18400,18.14752
17.18500,18.14852
17.18600,18.14952
17.18700,18.15052
17.18800,18.15152
17.18900,18.15252
17.19000,18.15352
17.19100,18.15452
17.19200,18.15552
17.19300,18.15652
17.19400,18.15752
17.19500,18.15852
17.19600,18.15952
17.19700,18.16052
17.19800,18.16152
17.19900,18.16252
17.20000,18.16352
17.20100,18.16452
17.20200,18.16552
17.20300,18.16652
17.20400,18.16752
17.20500,18.16852
17.20600,18.16952
17.20700,18.17052
17.20800,18.17152
17.20900,18.17252
17.21000,18.17352
17.21100,18.17452
17.21200,18.17552
17.21300,18.17652
17.21400,18.17752
17.21500,18.17852
17.21600,18.17952
17.21700,18.18052
17.21800,18.18152
17.21900,18.18252
17.22000,18.18352
17.22100,18.18452
17.22200,18.18552
17.22300,18.18652
17.22400,18.18752
17.22500,18.18852
17.22600,18.18952
17.22700,18.19052
17.22800,18.19152
17.22900,18.19252
17.23000,18.19352
17.23100,18.19452
17.23200,18.19552
17.23300,18.19652
17.23400,18.19752
17.23500,18.19852
17.23600,18.19952
17.23700,18.20052
17.23800,18.20152
17.23900,18.20252
17.24000,18.20352
17.24100,18.20452
17.24200,18.20552
17.24300,18.20652
17.24400,18.20752
17.24500,18.20852
17.24600,18.20952
17.24700,18.21052
17.24800,18.21152
17.24900,18.21252
17.25000,18.21352
17.25100,18.21452
17.25200,18.21552
17.25300,18.21652
17.25400,18.21752
17.25500,18.21852
17.25600,18.21952
17.25700,18.22052
17.25800,18.22152
17.25900,18.22252
17.26000,18.22352
17.26100,18.22452
17.26200,18.22552
17.26300,18.22652
17.26400,18.22752
17.26500,18.22852
17.26600,18.22952
17.26700,18.23052
17.26800,18.23152
17.26900,18.23252
17.27000,18.23352
17.27100,18.23452
17.27200,18.23552
17.27300,18.23652
17.27400,18.23752
17.27500,18.23852
17.27600,18.23952
17.27700,18.24052
17.27800,18.24152
17.27900,18.24252
17.28000,18.24352
17.28100,18.24452
17.28200,18.24552
17.28300,18.24652
17.28400,18.24752
17.28500,18.24852
17.28600,18.24952
17.28700,18.25052
17.28800,18.25152
17.28900,18.25252
17.29000,18.25352
17.29100,18.25452
17.29200,18.25552
17.29300,18.25652
17.29400,18.25752
17.29500,18.25852
17.29600,18.25952
17.29700,18.26052
17.29800,18.26152
17.30700,18.26252
17.30800,18.26352
17.30900,18.26452
17.31000,18.26552
17.31100,18.26652
17.31200,18.26752
17.31300,18.26852
17.31400,18.26952
17.31500,18.27052
17.31600,18.27152
17.31700,18.27252
17.31800,18.27352
17.31900,18.27452
17.32000,18.27552
17.32100,18.27652
17.32200,18.27752
17.32300,18.27852
17.32400,18.27952
17.32500,18.28052
17.32600,18.28152
17.32700,18.28252
17.32800,18.28352
17.32900,18.28452
17.33000,18.28552
17.33100,18.28652
17.33200,18.28752
17.33300,18.28852
17.33400,18.28952
17.33500,18.29052
17.33600,18.29152
17.33700,18.29252
17.33800,18.29352
17.33900,18.29452
17.34000,18.29552
17.34100,18.29652
17.34200,18.29752
17.34300,18.29852
17.34400,18.29952
17.34500,18.30052
17.34600,18.30152
17.34700,18.30252
17.34800,18.30352
17.35000,18.30452
17.35100,18.30552
17.35200,18.30652
17.35300,18.30752
17.35400,18.30852
17.35500,18.30952
17.35600,18.31052
17.35700,18.31152
17.35800,18.31252
17.35900,18.31352
17.36000,18.31452
17.36100,18.31552
17.36200,18.31652
17.36300,18.31752
17.36400,18.31852
17.36500,18.31952
17.36600,18.32052
17.36700,18.32152
17.36800,18.32252
17.36900,18.32352
17.37000,18.32452
17.37100,18.32552
17.37200,18.32652
17.37300,18.32752
17.37400,18.32852
17.37500,18.32952
17.37600,18.33052
17.37700,18.33152
17.37800,18.33252
17.37900,18.33352
17.38000,18.33452
17.38100,18.33552
17.38200,18.33652
17.38300,18.33752
17.38400,18.33852
17.38500,18.33952
17.38600,18.34052
17.38700,18.34152
17.38800,18.34252
17.38900,18.34352
17.39000,18.34452
17.39100,18.34552
17.39200,18.34652
17.39300,18.34752
17.39400,18.34852
17.39500,18.34952
17.39600,18.35052
17.39700,18.35152
17.39800,18.35252
17.39900,18.35352
17.40000,18.35452
17.40100,18.35552
17.40200,18.35652
17.40300,18.35752
17.40400,18.35852
17.40500,18.35952
17.40600,18.36052
17.40700,18.36152
17.40800,18.36252
17.40900,18.36352
17.41000,18.36452
17.41100,18.36552
17.41200,18.36652
17.41300,18.36752
17.41400,18.36852
17.41500,18.36952
17.41600,18.37052
17.41700,18.37152
17.41800,18.37252
17.41900,18.37352
17.42000,18.37452
17.42100,18.37552
17.42200,18.37652
17.42300,18.37752
17.42400,18.37852
17.42500,18.37952
17.42600,18.38052
17.42700,18.38152
17.42800,18.38252
17.42900,18.38352
17.43000,18.38452
17.43100,18.38552
17.43200,18.38652
17.43300,18.38752
17.43400,18.38852
17.43500,18.38952
17.43600,18.39052
17.43700,18.39152
17.43800,18.39252
17.43900,18.39352
17.44000,18.39452
17.44100,18.39552
17.44200,18.39652
17.44300,18.39752
17.44400,18.39852
17.44500,18.39952
17.44600,18.40052
17.44700,18.40152
17.44800,18.40252
17.44900,18.40352
17.45000,18.40452
17.45100,18.40552
17.45200,18.40652
17.45300,18.40752
17.45400,18.40852
17.45500,18.40952
17.45600,18.41052
17.45700,18.41152
17.45800,18.41252
17.45900,18.41352
17.46000,18.41452
17.46100,18.41552
17.46200,18.41652
17.46300,18.41752
17.46400,18.41852
17.46500,18.41952
17.46600,18.42052
17.46700,18.42152
17.46800,18.42252
17.46900,18.42352
17.47000,18.42452
17.47100,18.42552
17.47200,18.42652
17.47300,18.42752
17.47400,18.42852
17.47500,18.42952
17.47600,18.43052
17.47700,18.43152
17.47800,18.43252
17.47900,18.43352
17.48000,18.43452
17.48100,18.43552
17.48200,18.43652
17.48300,18.43752
17.48400,18.43852
17.48500,18.43952
17.48600,18.44052
17.48700,18.44152
17.48800,18.44252
17.48900,18.44352
17.49000,18.44452
17.49100,18.44552
17.49200,18.44652
17.49300,18.44752
17.49400,18.44852
17.49500,18.44952
17.49600,18.45052
17.49700,18.45152
17.49800,18.45252
17.49900,18.45352
17.50000,18.45452
17.50100,18.45552
17.50200,18.45652
17.50300,18.45752
17.50400,18.45852
17.50500,18.45952
17.50600,18.46052
17.50700,18.46152
17.50800,18.46252
17.50900,18.46352
17.51000,18.46452
17.51100,18.46552
17.51200,18.46652
17.51300,18.46752
17.51400,18.46852
17.51500,18.46952
17.51600,18.47052
17.51700,18.47152
17.51800,18.47252
17.51900,18.47352
17.52000,18.47452
17.52100,18.47552
17.52200,18.47652
17.52300,18.47752
17.52400,18.47852
17.52500,18.47952
17.52600,18.48052
17.52700,18.48152
17.52800,18.48252
17.52900,18.48352
17.53000,18.48452
17.53100,18.48552
17.53200,18.48652
17.53300,18.48752
17.53400,18.48852
17.53500,18.48952
17.53600,18.49052
17.53700,18.49152
17.53800,18.49252
17.53900,18.49352
17.54000,18.49452
17.54100,18.49552
17.54200,18.49652
17.54300,18.49752
17.54400,18.49852
17.54500,18.49952
17.54600,18.50052
17.54700,18.50152
17.54800,18.50252
17.54900,18.50352
17.55000,18.50452
17.55100,18.50552
17.55200,18.50652
17.55300,18.50752
17.55400,18.50852
17.55500,18.50952
17.55600,18.51052
17.55700,18.51152
17.55800,18.51252
17.55900,18.51352
17.56000,18.51452
17.56100,18.51552
17.56200,18.51652
17.56300,18.51752
17.56400,18.51852
17.56500,18.51952
17.56600,18.52052
17.56700,18.52152
17.56800,18.52252
17.56900,18.52352
17.57000,18.52452
17.57100,18.52552
17.57200,18.52652
17.57300,18.52752
17.57400,18.52852
17.57500,18.52952
17.57600,18.53052
17.57700,18.53152
17.57800,18.53252
17.57900,18.53352
17.58000,18.53452
17.58100,18.53552
17.58200,18.53652
17.58300,18.53752
17.58400,18.53852
17.58500,18.53952
17.58600,18.54052
17.58700,18.54152
17.58800,18.54252
17.58900,18.54352
17.59000,18.54452
17.59100,18.54552
17.59200,18.54652
17.59300,18.54752
17.59400,18.54852
17.59500,18.54952
17.59600,18.55052
17.59700,18.55152
17.59800,18.55252
17.59900,18.55352
17.60000,18.55452
17.60100,18.55552
17.60200,18.55652
17.60300,18.55752
17.60400,18.55852
17.60500,18.55952
17.60600,18.56052
17.60700,18.56152
17.60800,18.56252
17.60900,18.56352
17.61000,18.56452
17.61100,18.56552
17.61200,18.56652
17.61300,18.56752
17.61400,18.56852
17.61500,18.56952
17.61600,18.57052
17.61700,18.57152
17.61800,18.57252
17.61900,18.57352
17.62000,18.57452
17.62100,18.57552
17.62200,18.57652
17.62300,18.57752
17.62400,18.57852
17.62500,18.57952
17.62600,18.58052
17.62700,18.58152
17.62800,18.58252
17.62900,18.58352
17.63000,18.58452
17.63100,18.58552
17.63200,18.58652
17.63300,18.58752
17.63400,18.58852
17.63500,18.58952
17.63600,18.59052
17.63700,18.59152
17.63800,18.59252
17.63900,18.59352
17.64000,18.59452
17.64100,18.59552
17.64200,18.59652
17.64300,18.59752
17.64400,18.59852
17.64500,18.59952
17.64600,18.60052
17.64700,18.60152
17.64800,18.60252
17.64900,18.60352
17.65000,18.60452
17.65100,18.60552
17.65200,18.60652
17.65300,18.60752
17.65400,18.60852
17.65500,18.60952
17.65600,18.61052
17.65700,18.61152
17.65800,18.61252
17.65900,18.61352
17.66000,18.61452
17.66100,18.61552
17.66200,18.61652
17.66300,18.61752
17.66400,18.61852
17.66500,18.61952
17.66600,18.62052
17.66700,18.62152
17.66800,18.62252
17.66900,18.62352
17.67000,18.62452
17.67100,18.62552
17.67200,18.62652
17.67300,18.62752
17.67400,18.62852
17.67500,18.62952
17.67600,18.63052
17.67700,18.63152
17.67800,18.63252
17.67900,18.63352
17.68000,18.63452
17.68100,18.63552
17.68200,18.63652
17.68300,18.63752
17.68400,18.63852
17.68500,18.63952
17.68600,18.64052
17.68700,18.64152
17.68800,18.64252
17.68900,18.64352
17.69000,18.64452
17.69100,18.64552
17.69200,18.64652
17.69300,18.64752
17.69400,18.64852
17.69500,18.64952
17.69600,18.65052
17.69700,18.65152
17.69800,18.65252
17.69900,18.65352
17.70000,18.65452
17.70100,18.65552
17.70200,18.65652
17.70300,18.65752
17.70400,18.65852
17.70500,18.65952
17.70600,18.66052
17.70700,18.66152
17.70800,18.66252
17.70900,18.66352
17.71000,18.66452
17.71100,18.66552
17.71200,18.66652
17.71300,18.66752
17.71400,18.66852
17.71500,18.66952
17.71600,18.67052
17.71700,18.67152
17.71800,18.67252
17.71900,18.67352
17.72000,18.67452
17.72100,18.67552
17.72200,18.67652
17.72300,18.67752
17.72400,18.67852
17.72500,18.67952
17.72600,18.68052
17.72700,18.68152
17.72800,18.68252
17.72900,18.68452
17.73000,18.68552
17.73100,18.68652
17.73200,18.68752
17.73300,18.68852
17.73400,18.68952
17.73500,18.69052
17.73600,18.69152
17.73700,18.69252
17.73800,18.69352
17.73900,18.69452
17.74000,18.69552
17.74100,18.69652
17.74200,18.69752
17.74300,18.69852
17.74400,18.69952
17.74500,18.70052
17.74600,18.70152
17.74700,18.70252
17.74800,18.70352
17.74900,18.70452
17.75000,18.70552
17.75100,18.70652
17.75200,18.70752
17.75300,18.70852
17.75400,18.70952
17.75500,18.71052
17.75600,18.71152
17.75700,18.71252
17.75800,18.71352
17.75900,18.71452
17.76000,18.71552
17.76100,18.71652
17.76200,18.71752
17.76300,18.71852
17.76400,18.71952
17.76500,18.72052
17.76600,18.72152
17.76700,18.72252
17.76800,18.72352
17.76900,18.72452
17.77000,18.72552
17.77100,18.72652
17.77200,18.72752
17.77300,18.72852
17.77400,18.72952
17.77500,18.73052
17.77600,18.73152
17.77700,18.73252
17.77800,18.73352
17.77900,18.73452
17.78000,18.73552
17.78100,18.73652
17.78200,18.73752
17.78300,18.73852
17.78400,18.73952
17.78500,18.74052
17.78600,18.74152
17.78700,18.74252
17.78800,18.74352
17.78900,18.74452
17.79000,18.74552
17.79100,18.74652
17.79200,18.74752
17.79300,18.74852
17.79400,18.74952
17.79500,18.75052
17.79600,18.75152
17.79700,18.75252
17.79800,18.75352
17.79900,18.75452
17.80000,18.75552
17.80100,18.75652
17.80200,18.75752
17.80300,18.75852
17.80400,18.75952
17.80500,18.76052
17.80600,18.76152
17.80700,18.76252
17.80800,18.76352
17.80900,18.76452
17.81000,18.76552
17.81100,18.76652
17.81200,18.76752
17.81300,18.76852
17.81400,18.76952
17.81500,18.77052
17.81600,18.77152
17.81700,18.77252
17.81800,18.77352
17.81900,18.77452
17.82000,18.77552
17.82100,18.77652
17.82200,18.77752
17.82300,18.77852
17.82400,18.77952
17.82500,18.78052
17.82600,18.78152
17.82700,18.78252
17.82800,18.78352
17.82900,18.78452
17.83000,18.78552
17.83100,18.78652
17.83200,18.78752
17.83300,18.78852
17.83400,18.78952
17.83500,18.79052
17.83600,18.79152
17.83700,18.79252
17.83800,18.79352
17.83900,18.79452
17.84000,18.79552
17.84100,18.79652
17.84200,18.79752
17.84300,18.79852
17.84400,18.79952
17.84500,18.80052
17.84600,18.80152
17.84700,18.80252
17.84800,18.80352
17.84900,18.80452
17.85000,18.80552
17.85100,18.80652
17.85200,18.80752
17.85300,18.80852
17.85400,18.80952
17.85500,18.81052
17.85600,18.81152
17.85700,18.81252
17.85800,18.81352
17.85900,18.81452
17.86000,18.81552
17.86100,18.81652
17.86200,18.81752
17.86300,18.81852
17.86400,18.81952
17.86500,18.82052
17.86600,18.82152
17.86700,18.82252
17.86800,18.82352
17.86900,18.82452
17.87000,18.82552
17.87100,18.82652
17.87200,18.82752
17.87300,18.82852
17.87400,18.82952
17.87500,18.83052
17.87600,18.83152
17.87700,18.83252
17.87800,18.83352
17.87900,18.83452
17.88000,18.83552
17.88100,18.83652
17.88200,18.83752
17.88300,18.83852
17.88400,18.83952
17.88500,18.84052
17.88600,18.84152
17.88700,18.84252
17.88800,18.84352
17.88900,18.84452
17.89000,18.84552
17.89100,18.84652
17.89200,18.84752
17.89300,18.84852
17.89400,18.84952
17.89500,18.85052
17.89600,18.85152
17.89700,18.85252
17.89800,18.85352
17.89900,18.85452
17.90000,18.85552
17.90100,18.85652
17.90200,18.85752
17.90300,18.85852
17.90400,18.85952
17.90500,18.86052
17.90600,18.86152
17.90700,18.86252
17.90800,18.86352
17.90900,18.86452
17.91000,18.86552
17.91100,18.86652
17.91200,18.86752
17.91300,18.86852
17.91400,18.86952
17.91500,18.87052
17.91600,18.87152
17.91700,18.87252
17.91800,18.87352
17.91900,18.87452
17.92000,18.87552
17.92100,18.87652
17.92200,18.87752
17.92300,18.87852
17.92400,18.87952
17.92500,18.88052
17.92600,18.88152
17.92700,18.88252
17.92800,18.88352
17.92900,18.88452
17.93000,18.88552
17.93100,18.88652
17.93200,18.88752
17.93300,18.88852
17.93400,18.88952
17.93500,18.89052
17.93600,18.89152
17.93700,18.89252
17.93800,18.89352
17.93900,18.89552
17.94000,18.89652
17.94100,18.89752
17.94200,18.89852
17.94300,18.89952
17.94400,18.90052
17.94500,18.90152
17.94600,18.90252
17.94700,18.90352
17.94800,18.90452
17.94900,18.90552
17.95000,18.90652
17.95100,18.90752
17.95200,18.90852
17.95300,18.90952
17.95400,18.91052
17.95500,18.91152
17.95600,18.91252
17.95700,18.91352
17.95800,18.91452
17.95900,18.91552
17.96000,18.91652
17.96100,18.91952
17.96200,18.92052
17.96300,18.92152
17.96400,18.92252
17.96500,18.92352
17.96600,18.92452
17.96700,18.92552
17.96800,18.92652
17.96900,18.92752
17.97000,18.92852
17.97100,18.92952
17.97200,18.93052
17.97300,18.93152
17.97400,18.93352
17.97500,18.93452
17.97600,18.93552
17.97700,18.93652
17.97800,18.93752
17.97900,18.93852
17.98000,18.93952
17.98100,18.94152
17.98200,18.94252
17.98300,18.94352
17.98400,18.94452
17.98500,18.94552
17.98600,18.94652
17.98700,18.94752
17.98800,18.94852
17.98900,18.94952
17.99000,18.95052
17.99100,18.95152
17.99200,18.95252
17.99300,18.95352
17.99400,18.95452
17.99500,18.95552
17.99600,18.95652
17.99700,18.96052
17.99800,18.96152
17.99900,18.96252
18.00000,18.96352
18.00100,18.96452
18.00200,18.96552
18.00300,18.96652
18.00400,18.96752
18.00500,18.96852
18.00600,18.96952
18.00700,18.97052
18.00800,18.97152
18.00900,18.97252
18.01000,18.97352
18.01100,18.97452
18.01200,18.97552
18.01300,18.97652
18.01400,18.97752
18.01500,18.97852
18.01600,18.97952
18.01700,18.98052
18.01800,18.98152
18.01900,18.98252
18.02000,18.98352
18.02100,18.98452
18.02200,18.98552
18.02300,18.98652
18.02400,18.98852
18.02500,18.98952
18.02600,18.99052
18.02700,18.99152
18.02800,18.99252
18.02900,18.99352
18.03000,18.99452
18.03100,18.99552
18.03200,18.99652
18.03300,18.99752
18.03400,18.99852
18.03500,18.99952
18.03600,19.00052
18.03700,19.00152
18.03800,19.00252
18.03900,19.00352
18.04000,19.00452
18.04100,19.00552
18.04200,19.00652
18.04300,19.00752
18.04400,19.00852
18.04500,19.00952
18.04600,19.01052
18.04700,19.01152
18.04800,19.01252
18.04900,19.01352
18.05000,19.01452
18.05100,19.01552
18.05200,19.01652
18.05300,19.01752
18.05400,19.01852
18.05500,19.01952
18.05600,19.02052
18.05700,19.02152
18.05800,19.02252
18.05900,19.02352
18.06000,19.02452
18.06100,19.02552
18.06200,19.02652
18.06300,19.02752
18.06400,19.02852
18.06500,19.02952
18.06600,19.03052
18.06700,19.03152
18.06800,19.03252
18.06900,19.03352
18.07000,19.03452
18.07100,19.03552
18.07200,19.03652
18.07300,19.03752
18.07400,19.03852
18.07500,19.03952
18.07600,19.04052
18.07700,19.04152
18.07800,19.04252
18.07900,19.04352
18.08000,19.04452
18.08100,19.04552
18.08200,19.04652
18.08300,19.04752
18.08400,19.04852
18.08500,19.04952
18.08600,19.05052
18.08700,19.05152
18.08800,19.05252
18.08900,19.05352
18.09000,19.05452
18.09100,19.05552
18.09200,19.05652
18.09300,19.05752
18.09400,19.05852
18.09500,19.05952
18.09600,19.06052
18.09700,19.06152
18.09800,19.06252
18.09900,19.06352
18.10000,19.06452
18.10100,19.06552
18.10200,19.06652
18.10300,19.06752
18.10400,19.06852
18.10500,19.06952
18.10600,19.07052
18.10700,19.07152
18.10800,19.07252
18.10900,19.07352
18.11000,19.07452
18.11100,19.07552
18.11200,19.07652
18.11300,19.07752
18.11400,19.07852
18.11500,19.07952
18.11600,19.08052
18.11700,19.08152
18.11800,19.08252
18.11900,19.08352
18.12000,19.08452
18.12100,19.08552
18.12200,19.08652
18.12300,19.08752
18.12400,19.08852
18.12500,19.08952
18.12600,19.09052
18.12700,19.09152
18.12800,19.09252
18.12900,19.09352
18.13000,19.09452
18.13100,19.09552
18.13200,19.09652
18.13300,19.09752
18.13400,19.09852
18.13500,19.09952
18.13600,19.10052
18.13700,19.10152
18.13800,19.10252
18.13900,19.10352
18.14000,19.10452
18.14100,19.10552
18.14200,19.10652
18.14300,19.10752
18.14400,19.10852
18.14500,19.10952
18.14600,19.11052
18.14700,19.11152
18.14800,19.11252
18.14900,19.11352
18.15000,19.11452
18.15100,19.11552
18.15200,19.11652
18.15300,19.11752
18.15400,19.11852
18.15500,19.11952
18.15600,19.12052
18.15700,19.12152
18.15800,19.12252
18.15900,19.12352
18.16000,19.12452
18.16100,19.12552
18.16200,19.12652
18.16300,19.12752
18.16400,19.12852
18.16500,19.12952
18.16600,19.13052
18.16700,19.13152
18.16800,19.13252
18.16900,19.13352
18.17000,19.13452
18.17100,19.13552
18.17200,19.13652
18.17300,19.13752
18.17400,19.13852
18.17500,19.13952
18.17600,19.14052
18.17700,19.14152
18.17800,19.14252
18.17900,19.14352
18.18000,19.14452
18.18100,19.14552
18.18200,19.14652
18.18300,19.14752
18.18400,19.14852
18.18500,19.14952
18.18600,19.15052
18.18700,19.15152
18.18800,19.15252
18.18900,19.15352
18.19000,19.15452
18.19100,19.15552
18.19200,19.15652
18.19300,19.15752
18.19400,19.15852
18.19500,19.15952
18.19600,19.16052
18.19700,19.16152
18.19800,19.16252
18.19900,19.16352
18.20000,19.16452
18.20100,19.16552
18.20200,19.16652
18.20300,19.16752
18.20400,19.16852
18.20500,19.19252
18.20600,19.19352
18.20700,19.19452
18.20800,19.19552
18.20900,19.19652
18.21000,19.19752
18.21100,19.19852
18.21200,19.19952
18.21300,19.20052
18.21400,19.20152
18.21500,19.20252
18.21600,19.20352
18.21700,19.20452
18.21800,19.20552
18.21900,19.20652
18.22000,19.20752
18.22100,19.20852
18.22200,19.20952
18.22300,19.21052
18.22400,19.21152
18.22500,19.21252
18.22600,19.21352
18.22700,19.21452
18.22800,19.21752
18.22900,19.21852
18.23000,19.21952
18.23100,19.22052
18.23200,19.22252
18.23300,19.22352
18.23400,19.22452
18.23500,19.22552
18.23600,19.22652
18.23700,19.22752
18.23800,19.22852
18.23900,19.22952
18.24000,19.23052
18.24100,19.23152
18.24200,19.23252
18.24300,19.23352
18.24400,19.23452
18.24500,19.23552
18.24600,19.23652
18.24700,19.23752
18.24800,19.23852
18.24900,19.23952
18.25000,19.24052
18.25100,19.24152
18.25200,19.24252
18.25300,19.24352
18.25400,19.24452
18.25500,19.24552
18.25600,19.24652
18.25700,19.24752
18.25800,19.24852
18.25900,19.24952
18.26000,19.25052
18.26100,19.25152
18.26200,19.25252
18.26300,19.25352
18.26400,19.25452
18.26500,19.25552
18.26600,19.25652
18.26700,19.25752
18.26800,19.25852
18.26900,19.25952
18.27000,19.26052
18.27100,19.26152
18.27200,19.26252
18.27300,19.26352
18.27400,19.26452
18.27500,19.26552
18.27600,19.26652
18.27700,19.26752
18.27800,19.26852
18.27900,19.26952
18.28000,19.27052
18.28100,19.27152
18.28200,19.27252
18.28300,19.27352
18.28400,19.27452
18.28500,19.27552
18.28600,19.27652
18.28700,19.27752
18.28800,19.27852
18.28900,19.27952
18.29000,19.28052
18.29100,19.28152
18.29200,19.28252
18.29300,19.28352
18.29400,19.28452
18.29500,19.28552
18.29600,19.28652
18.29700,19.28752
18.29800,19.28852
18.29900,19.28952
18.30000,19.29052
18.30100,19.29152
18.30200,19.29252
18.30300,19.29352
18.30400,19.29452
18.30500,19.29552
18.30600,19.29652
18.30700,19.29752
18.30800,19.29852
18.30900,19.29952
18.31000,19.30052
18.31100,19.30152
18.31200,19.30252
18.31300,19.30352
18.31400,19.30452
18.31500,19.30552
18.31600,19.30652
18.31700,19.30752
18.31800,19.30852
18.31900,19.30952
18.32000,19.31052
18.32100,19.31152
18.32200,19.31252
18.32300,19.31352
18.32400,19.31452
18.32500,19.31552
18.32600,19.31652
18.32700,19.31752
18.32800,19.31852
18.32900,19.31952
18.33000,19.32052
18.33100,19.32152
18.33200,19.32252
18.33400,19.32352
18.33500,19.32452
18.33600,19.32552
18.33700,19.32652
18.33800,19.32752
18.33900,19.32852
18.34000,19.32952
18.34100,19.33052
18.34200,19.33152
18.34300,19.33252
18.34400,19.33352
18.34500,19.33452
18.34600,19.33552
18.34700,19.33652
18.34800,19.33752
18.34900,19.33852
18.35600,19.33952
18.35700,19.34052
18.35800,19.34152
18.36000,19.34252
18.36100,19.34352
18.36200,19.34452
18.36300,19.34552
18.36400,19.34652
18.36500,19.34752
18.36600,19.34852
18.36700,19.34952
18.36800,19.35052
18.36900,19.35152
18.37000,19.35252
18.37100,19.35352
18.37200,19.35452
18.37300,19.35552
18.37400,19.35652
18.37500,19.35752
18.37600,19.35852
18.37700,19.35952
18.37800,19.36052
18.37900,19.36152
18.38000,19.36252
18.38100,19.36352
18.38200,19.36452
18.38300,19.36552
18.38400,19.36652
18.38500,19.36752
18.38600,19.36852
18.38700,19.36952
18.38800,19.37052
18.38900,19.37152
18.39000,19.37252
18.39100,19.37352
18.39200,19.37452
18.39300,19.37552
18.39400,19.37652
18.39500,19.37752
18.39600,19.37852
18.39700,19.37952
18.39800,19.38052
18.39900,19.38152
18.40000,19.38252
18.40100,19.38352
18.40200,19.38452
18.40300,19.38552
18.40400,19.38652
18.40500,19.38752
18.40600,19.38852
18.40700,19.38952
18.40800,19.39052
18.40900,19.39152
18.41000,19.39252
18.41100,19.39352
18.41200,19.39452
18.41300,19.39552
18.41400,19.39652
18.41500,19.39752
18.41600,19.39852
18.41700,19.39952
18.41800,19.40052
18.41900,19.40152
18.42000,19.40252
18.42100,19.40352
18.42200,19.40452
18.42300,19.40552
18.42400,19.40652
18.42500,19.40752
18.42600,19.40852
18.42700,19.40952
18.42800,19.41052
18.42900,19.41152
18.43000,19.41252
18.43100,19.41352
18.43200,19.41452
18.43300,19.41552
18.43400,19.41652
18.43500,19.41752
18.43600,19.41852
18.43700,19.41952
18.43800,19.42052
18.43900,19.42152
18.44000,19.42252
18.44100,19.42352
18.44200,19.42452
18.44300,19.42552
18.44400,19.42652
18.44500,19.42752
18.44600,19.42852
18.44700,19.42952
18.44800,19.43052
18.44900,19.43152
18.45000,19.43252
18.45100,19.43352
18.45200,19.43452
18.45300,19.43552
18.45400,19.43652
18.45500,19.43752
18.45600,19.43852
18.45700,19.43952
18.45800,19.44052
18.45900,19.44152
18.46000,19.44252
18.46100,19.44352
18.46200,19.44452
18.46300,19.44552
18.46400,19.44652
18.46500,19.44752
18.46600,19.44852
18.46700,19.44952
18.46800,19.45052
18.46900,19.45152
18.47000,19.45252
18.47100,19.45352
18.47200,19.45452
18.47300,19.45552
18.47400,19.45652
18.47500,19.45752
18.47600,19.45852
18.47700,19.45952
18.47800,19.46052
18.47900,19.46152
18.48000,19.46252
18.48100,19.46352
18.48200,19.46452
18.48300,19.46552
18.48400,19.46652
18.48500,19.46752
18.48600,19.46852
18.48700,19.46952
18.48800,19.47052
18.48900,19.47152
18.49000,19.47252
18.49100,19.47352
18.49200,19.47452
18.49300,19.47552
18.49400,19.47652
18.49500,19.47752
18.49600,19.47852
18.49700,19.47952
18.49800,19.48052
18.49900,19.48152
18.50000,19.48252
18.50100,19.48352
18.50200,19.48452
18.50300,19.48552
18.50400,19.48652
18.50500,19.48752
18.50600,19.48852
18.50700,19.48952
18.50800,19.49052
18.50900,19.49152
18.51000,19.49252
18.51100,19.49352
18.51200,19.49452
18.51300,19.49552
18.51400,19.49652
18.51500,19.49752
18.51600,19.49852
18.51700,19.49952
18.51800,19.50052
18.51900,19.50152
18.52000,19.50252
18.52100,19.50352
18.52200,19.50452
18.52300,19.50552
18.52400,19.50652
18.52500,19.50752
18.52600,19.50852
18.52700,19.50952
18.52800,19.51052
18.52900,19.51152
18.53000,19.51252
18.53100,19.51352
18.53200,19.51452
18.53300,19.51552
18.53400,19.51652
18.53500,19.51752
18.53600,19.51852
18.53700,19.51952
18.53800,19.52052
18.53900,19.52152
18.54000,19.52252
18.54100,19.52352
18.54200,19.52452
18.54300,19.52552
18.54400,19.52652
18.54500,19.52752
18.54600,19.52852
18.54700,19.52952
18.54800,19.53052
18.54900,19.53152
18.55000,19.53252
18.55100,19.53352
18.55200,19.53452
18.55300,19.53552
18.55400,19.53652
18.55500,19.53752
18.55600,19.53852
18.55700,19.53952
18.55800,19.54052
18.55900,19.54152
18.56000,19.54252
18.56100,19.54352
18.56200,19.54452
18.56300,19.54552
18.56400,19.54652
18.56500,19.54752
18.56600,19.54852
18.56700,19.54952
18.56800,19.55052
18.56900,19.55152
18.57000,19.55252
18.57100,19.55352
18.57200,19.55452
18.57300,19.55552
18.57400,19.55652
18.57500,19.55752
18.57600,19.55852
18.57700,19.55952
18.57800,19.56052
18.57900,19.56152
18.58000,19.56252
18.58100,19.56352
18.58200,19.56452
18.58300,19.56552
18.58400,19.56652
18.58500,19.56752
18.58600,19.56852
18.58700,19.56952
18.58800,19.57052
18.58900,19.57152
18.59000,19.57252
18.59100,19.57352
18.59200,19.57452
18.59300,19.57552
18.59400,19.57652
18.59500,19.57752
18.59600,19.57852
18.59700,19.57952
18.59800,19.58052
18.59900,19.58152
18.60000,19.58252
18.60100,19.58352
18.60200,19.58452
18.60300,19.58552
18.60400,19.58652
18.60500,19.58752
18.60600,19.58852
18.60700,19.58952
18.60800,19.59052
18.60900,19.59152
18.61000,19.59252
18.61100,19.59352
18.61200,19.59452
18.61300,19.59552
18.61400,19.59652
18.61500,19.59752
18.61600,19.59852
18.61700,19.59952
18.61800,19.60052
18.61900,19.60152
18.62000,19.60252
18.62100,19.60352
18.62200,19.60452
18.62300,19.60552
18.62400,19.60652
18.62500,19.60752
18.62600,19.60852
18.62700,19.60952
18.62800,19.61052
18.62900,19.61152
18.63000,19.61252
18.63100,19.61352
18.63300,19.61452
18.63400,19.61552
18.63500,19.61652
18.63600,19.61752
18.63700,19.61852
18.63800,19.61952
18.63900,19.62052
18.64000,19.62152
18.64100,19.62252
18.64200,19.62352
18.64300,19.62452
18.64400,19.62552
18.64500,19.62652
18.64600,19.62752
18.64700,19.62852
18.64800,19.62952
18.64900,19.63052
18.65000,19.63152
18.65100,19.63252
18.65200,19.63352
18.65300,19.63452
18.65400,19.63552
18.65500,19.63652
18.65600,19.63752
18.65700,19.63852
18.65800,19.63952
18.65900,19.64052
18.66000,19.64152
18.66100,19.64252
18.66200,19.64352
18.66400,19.64452
18.66500,19.64552
18.66600,19.64652
18.66700,19.64752
18.68300,19.64852
18.68400,19.64952
18.68500,19.65052
18.68600,19.65152
18.68700,19.65252
18.68800,19.65352
18.68900,19.65452
18.69000,19.65552
18.69800,19.65652
18.69900,19.65752
18.70000,19.65852
18.70200,19.65952
18.70300,19.66052
18.70400,19.66152
18.70500,19.66252
18.70600,19.66352
18.70700,19.66452
18.70800,19.66552
18.70900,19.66652
18.71000,19.66752
18.71100,19.66852
18.71200,19.66952
18.71300,19.67052
18.71400,19.67152
18.71500,19.67252
18.71600,19.67352
18.71700,19.67452
18.71800,19.67552
18.71900,19.67652
18.72000,19.67752
18.72100,19.67852
18.72200,19.67952
18.72300,19.68052
18.72400,19.68152
18.72500,19.68252
18.72600,19.68352
18.72700,19.68452
18.72800,19.68552
18.72900,19.68652
18.73000,19.68752
18.73100,19.68852
18.73200,19.68952
18.73300,19.69052
18.73400,19.69152
18.73500,19.69252
18.73600,19.69352
18.73700,19.69452
18.73800,19.69552
18.73900,19.69652
18.74000,19.69752
18.74100,19.69852
18.74200,19.69952
18.74400,19.70052
18.74500,19.70152
18.74600,19.70252
18.74700,19.70352
18.74800,19.70452
18.74900,19.70552
18.75000,19.70652
18.75100,19.70752
18.75200,19.70852
18.75300,19.70952
18.75400,19.71052
18.75500,19.71152
18.75600,19.71252
18.75700,19.71352
18.75800,19.71452
18.75900,19.71552
18.76000,19.71652
18.76100,19.71752
18.76200,19.71852
18.76300,19.71952
18.76400,19.72052
18.76500,19.72152
18.76600,19.72252
18.76700,19.72352
18.76800,19.72452
18.76900,19.72552
18.77000,19.72652
18.77100,19.72752
18.77200,19.72852
18.77300,19.72952
18.77400,19.73052
18.77500,19.73152
18.77600,19.73252
18.77700,19.73352
18.77800,19.73452
18.77900,19.73552
18.78000,19.73652
18.78100,19.73752
18.78200,19.73852
18.78300,19.73952
18.78400,19.74052
18.78500,19.74152
18.78600,19.74252
18.78700,19.74352
18.78800,19.74452
18.78900,19.74552
18.79000,19.74652
18.79100,19.74752
18.79200,19.74852
18.79300,19.74952
18.79400,19.75052
18.79500,19.75152
18.79600,19.75252
18.79700,19.75352
18.79800,19.75452
18.79900,19.75552
18.80000,19.75652
18.80100,19.75752
18.80200,19.75852
18.80300,19.75952
18.80400,19.76052
18.80500,19.76152
18.80600,19.76252
18.80700,19.76352
18.80800,19.76452
18.80900,19.76552
18.81000,19.76652
18.81100,19.76752
18.81200,19.76852
18.81300,19.76952
18.81400,19.77052
18.81500,19.77152
18.81600,19.77252
18.81700,19.77352
18.81800,19.77452
18.81900,19.77552
18.82000,19.77652
18.82100,19.77752
18.82200,19.77852
18.82300,19.77952
18.82400,19.78052
18.82500,19.78152
18.82600,19.78252
18.82700,19.78352
18.82800,19.78452
18.82900,19.78552
18.83000,19.78652
18.83100,19.78752
18.83200,19.78852
18.83300,19.78952
18.83400,19.79052
18.83500,19.79152
18.83600,19.79252
18.83700,19.79352
18.83800,19.79452
18.83900,19.79552
18.84000,19.79652
18.84100,19.79752
18.84200,19.79852
18.84300,19.79952
18.84400,19.80052
18.84500,19.80152
18.84600,19.80252
18.84700,19.80352
18.84800,19.80452
18.84900,19.80552
18.85000,19.80652
18.85100,19.80752
18.85200,19.80852
18.85300,19.80952
18.85400,19.81052
18.85500,19.81152
18.85600,19.81252
18.85700,19.81352
18.85800,19.81452
18.85900,19.81552
18.86000,19.81652
18.86100,19.81752
18.86200,19.81852
18.86300,19.81952
18.86400,19.82052
18.86500,19.82152
18.86600,19.82252
18.86700,19.82352
18.86800,19.82452
18.86900,19.82552
18.87000,19.82652
18.87100,19.82752
18.87200,19.82852
18.87300,19.82952
18.87400,19.83052
18.87500,19.83152
18.87600,19.83252
18.87700,19.83352
18.87800,19.83452
18.87900,19.83552
18.88000,19.83652
18.88100,19.83752
18.88200,19.83852
18.88300,19.83952
18.88400,19.84052
18.88500,19.84152
18.88600,19.84252
18.88700,19.84352
18.88800,19.84452
18.88900,19.84552
18.89000,19.84652
18.89100,19.84752
18.89200,19.84852
18.89300,19.84952
18.89400,19.85052
18.89500,19.85152
18.89600,19.85252
18.89700,19.85352
18.89800,19.85452
18.89900,19.85552
18.90000,19.85652
18.90100,19.85752
18.90200,19.85852
18.90300,19.85952
18.90400,19.86052
18.90500,19.86152
18.90600,19.86252
18.90700,19.86352
18.90800,19.86452
18.90900,19.86552
18.91000,19.86652
18.91100,19.86752
18.91200,19.86852
18.91300,19.86952
18.91400,19.87052
18.91600,19.87152
18.91700,19.87252
18.92700,19.87352
18.92800,19.87452
18.92900,19.87552
18.93000,19.87652
18.93100,19.87752
18.93200,19.87852
18.93300,19.87952
18.95100,19.88052
18.95200,19.88152
18.95300,19.88252
18.95400,19.88352
18.95500,19.88452
18.95600,19.88552
18.95700,19.88652
18.95800,19.88752
18.95900,19.88852
18.96000,19.88952
18.96100,19.89052
18.96200,19.89152
18.96300,19.89252
18.96400,19.89352
18.96500,19.89452
18.96600,19.89552
18.96700,19.89652
18.96800,19.89752
18.96900,19.89852
18.97000,19.89952
18.97100,19.90052
18.97200,19.90152
18.97300,19.90252
18.97400,19.90352
18.97500,19.90452
18.97600,19.90552
18.97700,19.90652
18.97800,19.90752
18.97900,19.90852
18.98000,19.90952
18.98100,19.91052
18.98200,19.91152
18.98300,19.91252
18.98400,19.91352
18.98500,19.91452
18.98600,19.91552
18.98700,19.91652
18.98800,19.91752
18.98900,19.91852
18.99000,19.91952
18.99100,19.92052
18.99200,19.92152
18.99300,19.92252
18.99400,19.92352
18.99500,19.92452
18.99600,19.92552
18.99700,19.92652
18.99800,19.92752
18.99900,19.92852
19.00000,19.92952
19.00100,19.93052
19.00200,19.93152
19.00300,19.93252
19.00400,19.93352
19.00500,19.93452
19.00600,19.93552
19.00700,19.93652
19.00800,19.93752
19.00900,19.93852
19.01000,19.93952
19.01100,19.94052
19.01200,19.94152
19.01300,19.94252
19.01400,19.94352
19.01500,19.94452
19.01600,19.94552
19.01700,19.94652
19.01800,19.94752
19.01900,19.94852
19.02000,19.94952
19.02100,19.95052
19.02200,19.95152
19.02300,19.95252
19.02400,19.95352
19.02500,19.95452
19.02600,19.95552
19.02700,19.95652
19.02800,19.95752
19.02900,19.95852
19.03000,19.95952
19.03100,19.96052
19.03200,19.96152
19.03300,19.96252
19.03400,19.96352
19.03500,19.96452
19.03600,19.96552
19.03700,19.96652
19.03800,19.96752
19.03900,19.96852
19.04000,19.96952
19.04100,19.97052
19.04200,19.97152
19.04300,19.97252
19.04400,19.97352
19.04500,19.97452
19.04600,19.97552
19.04700,19.97652
19.04800,19.97752
19.04900,19.97852
19.05000,19.97952
19.05100,19.98052
19.05200,19.98152
19.05300,19.98252
19.05400,19.98352
19.05500,19.98452
19.05600,19.98552
19.05700,19.98652
19.05800,19.98752
19.05900,19.98852
19.06000,19.98952
19.06100,19.99052
19.06200,19.99152
19.06300,19.99252
19.06400,19.99352
19.06500,19.99452
19.06600,19.99552
19.06700,19.99652
19.06800,19.99752
19.06900,19.99952
19.07000,20.00052
19.07100,20.00152
19.07200,20.00252
19.07300,20.00352
19.07400,20.00452
19.07500,20.00552
19.07600,20.00652
19.07700,20.00752
19.07800,20.00852
19.07900,20.00952
19.08000,20.01052
19.08100,20.01152
19.08200,20.01252
19.08300,20.01352
19.08400,20.01452
19.08500,20.01552
19.08600,20.01652
19.08700,20.01752
19.08800,20.01852
19.08900,20.01952
19.09000,20.02052
19.09100,20.02152
19.09200,20.02252
19.09300,20.02352
19.09400,20.02452
19.09500,20.02552
19.09600,20.02652
19.09700,20.02752
19.09800,20.02852
19.09900,20.02952
19.10000,20.03052
19.10100,20.03152
19.10200,20.03252
19.10300,20.03352
19.10400,20.03452
19.10500,20.03552
19.10600,20.03652
19.10700,20.03752
19.10800,20.03952
19.10900,20.04052
19.11000,20.04152
19.11100,20.04252
19.11200,20.04352
19.11300,20.04452
19.11400,20.04552
19.11500,20.04652
19.11600,20.04752
19.11700,20.04852
19.11800,20.04952
19.11900,20.05052
19.12000,20.05152
19.12100,20.05252
19.12200,20.05352
19.12300,20.05452
19.12400,20.05552
19.12500,20.05652
19.12600,20.05752
19.12700,20.05852
19.12800,20.05952
19.12900,20.06052
19.13000,20.06152
19.13100,20.06252
19.13200,20.06352
19.13300,20.06452
19.13400,20.06552
19.13500,20.06652
19.13600,20.06752
19.13700,20.06852
19.13800,20.06952
19.13900,20.07052
19.14000,20.07152
19.14100,20.07252
19.14200,20.07352
19.14300,20.08352
19.14400,20.08452
19.14500,20.08552
19.14600,20.08652
19.14700,20.08752
19.14800,20.08852
19.14900,20.08952
19.15000,20.09052
19.15100,20.09152
19.15200,20.09252
19.15300,20.09352
19.15400,20.09452
19.15500,20.09552
19.15600,20.09652
19.15700,20.09752
19.15800,20.09852
19.15900,20.09952
19.16000,20.10052
19.16100,20.10152
19.16200,20.10252
19.16300,20.10352
19.16400,20.10452
19.16500,20.10552
19.16600,20.10652
19.16700,20.10752
19.16800,20.10852
19.16900,20.10952
19.17000,20.11052
19.17100,20.11152
19.17200,20.11252
19.17300,20.11352
19.17400,20.11452
19.17500,20.11552
19.17600,20.11652
19.17700,20.11752
19.17800,20.11852
19.17900,20.11952
19.18000,20.12052
19.18100,20.12152
19.18200,20.12252
19.18300,20.12352
19.18400,20.12452
19.18500,20.12552
19.18600,20.12652
19.18700,20.12752
19.18800,20.12852
19.18900,20.12952
19.19000,20.13052
19.19100,20.13152
19.19200,20.13252
19.19300,20.13352
19.19400,20.13452
19.19500,20.13552
19.19600,20.13652
19.19700,20.13752
19.19800,20.13852
19.19900,20.13952
19.20000,20.14052
19.20100,20.14152
19.20200,20.14252
19.20300,20.14352
19.20400,20.14452
19.20500,20.14552
19.20600,20.14652
19.20700,20.14752
19.20800,20.14852
19.20900,20.14952
19.21000,20.15052
19.21100,20.15152
19.21200,20.15252
19.21300,20.15352
19.21400,20.15452
19.21500,20.15552
19.21600,20.15652
19.21700,20.15752
19.21800,20.15852
19.21900,20.15952
19.22000,20.16052
19.22100,20.16152
19.22200,20.16252
19.22300,20.16352
19.22400,20.16452
19.22500,20.16552
19.22600,20.16652
19.22700,20.16752
19.22800,20.16852
19.22900,20.16952
19.23000,20.17052
19.23100,20.17152
19.23200,20.17252
19.23300,20.17352
19.23400,20.17452
19.23500,20.17552
19.23600,20.17652
19.23700,20.17752
19.23800,20.17852
19.23900,20.17952
19.24000,20.18052
19.24100,20.18152
19.24200,20.18252
19.24300,20.18352
19.24400,20.18452
19.24500,20.18552
19.24600,20.18652
19.24700,20.18752
19.24800,20.18852
19.24900,20.18952
19.25000,20.19052
19.25100,20.19152
19.25200,20.19252
19.25300,20.19352
19.25400,20.19452
19.25500,20.19552
19.25600,20.19652
19.25700,20.19752
19.25800,20.19852
19.25900,20.19952
19.26000,20.20052
19.26100,20.20152
19.26200,20.20252
19.26300,20.20352
19.26400,20.20452
19.26500,20.20652
19.26600,20.20952
19.26700,20.21052
19.26800,20.21152
19.26900,20.21252
19.27000,20.21352
19.27100,20.21452
19.27200,20.21552
19.27300,20.21652
19.27400,20.21752
19.27500,20.21852
19.27600,20.21952
19.27700,20.22052
19.27800,20.22152
19.27900,20.22452
19.28000,20.22552
19.28100,20.22652
19.28200,20.22752
19.28300,20.22852
19.28400,20.22952
19.28500,20.23052
19.28600,20.23152
19.28700,20.23252
19.28800,20.23352
19.28900,20.23452
19.29000,20.23552
19.29100,20.23652
19.29200,20.23752
19.29300,20.23852
19.29400,20.23952
19.29500,20.24052
19.29600,20.24152
19.29700,20.24252
19.29800,20.24352
19.29900,20.24452
19.30000,20.25952
19.30100,20.26052
19.30200,20.26152
19.30300,20.27552
19.30400,20.27652
19.30500,20.27752
19.30600,20.27852
19.30700,20.27952
19.30800,20.28052
19.30900,20.28152
19.31000,20.28252
19.31100,20.28352
19.31200,20.28452
19.31300,20.28552
19.31400,20.28652
19.31500,20.28752
19.31600,20.28852
19.31700,20.28952
19.31800,20.29052
19.31900,20.29152
19.32000,20.29252
19.32100,20.29352
19.32200,20.29452
19.32300,20.29552
19.32400,20.29652
19.32500,20.29752
19.32600,20.29852
19.32700,20.29952
19.32800,20.30052
19.32900,20.30152
19.33000,20.30252
19.33100,20.30352
19.33200,20.30452
19.33300,20.30552
19.33400,20.30652
19.33500,20.30752
19.33600,20.30852
19.33700,20.30952
19.33800,20.31052
19.33900,20.31152
19.34000,20.31252
19.34100,20.31352
19.34200,20.31452
19.34300,20.31552
19.34400,20.31652
19.34500,20.31752
19.34600,20.31852
19.34700,20.31952
19.34800,20.32052
19.34900,20.32152
19.35000,20.32252
19.35100,20.32352
19.35200,20.32452
19.35300,20.32552
19.35400,20.32652
19.35500,20.32752
19.35600,20.32852
19.35700,20.32952
19.35800,20.33052
19.35900,20.33152
19.36000,20.33252
19.36100,20.33352
19.36200,20.33452
19.36300,20.33552
19.36400,20.33652
19.36500,20.33752
19.36600,20.33852
19.36700,20.33952
19.36800,20.34052
19.36900,20.34152
19.37000,20.34252
19.37100,20.34352
19.37200,20.34452
19.37300,20.34552
19.37400,20.34652
19.37500,20.34752
19.37600,20.34852
19.37700,20.34952
19.37800,20.35052
19.37900,20.35152
19.38000,20.35252
19.38100,20.35352
19.38200,20.35452
19.38300,20.35552
19.38400,20.35652
19.38500,20.35752
19.38600,20.35852
19.38700,20.35952
19.38800,20.36052
19.38900,20.36152
19.39000,20.36252
19.39100,20.36352
19.39200,20.36452
19.39300,20.36552
19.39400,20.36652
19.39500,20.36752
19.39600,20.36852
19.39700,20.36952
19.39800,20.37052
19.39900,20.37152
19.40000,20.37252
19.40100,20.37352
19.40200,20.37452
19.40300,20.37552
19.40400,20.37652
19.40500,20.37752
19.40600,20.37852
19.40700,20.37952
19.40800,20.38052
19.40900,20.38152
19.41000,20.38252
19.41100,20.38352
19.41200,20.38452
19.41300,20.38552
19.41400,20.38652
19.41500,20.38752
19.41600,20.38852
19.41700,20.38952
19.41800,20.39052
19.41900,20.39152
19.42000,20.39252
19.42100,20.39352
19.42200,20.39452
19.42300,20.39552
19.42400,20.39652
19.42500,20.39752
19.42600,20.39852
19.42700,20.39952
19.42800,20.40052
19.42900,20.40152
19.43000,20.40252
19.43100,20.40352
19.43200,20.40452
19.43300,20.40552
19.43400,20.40652
19.43500,20.40752
19.43600,20.40852
19.43700,20.40952
19.43800,20.41052
19.43900,20.41152
19.44000,20.41252
19.44100,20.41352
19.44200,20.41452
19.44300,20.41552
19.44400,20.41652
19.44500,20.41752
19.44600,20.41852
19.44700,20.41952
19.44800,20.42052
19.44900,20.42152
19.45000,20.42252
19.45100,20.42352
19.45200,20.42452
19.45300,20.42552
19.45400,20.42652
19.45500,20.42752
19.45600,20.42852
19.45700,20.42952
19.45800,20.43052
19.45900,20.43152
19.46000,20.43252
19.46100,20.43352
19.46200,20.43452
19.46300,20.43552
19.46400,20.43652
19.46500,20.43752
19.46600,20.43852
19.46700,20.43952
19.46800,20.44052
19.46900,20.44152
19.47000,20.44252
19.47100,20.44352
19.47200,20.44452
19.47300,20.44552
19.47400,20.44652
19.47500,20.44752
19.47600,20.44852
19.47700,20.44952
19.47800,20.45052
19.47900,20.45152
19.48000,20.45252
19.48100,20.45352
19.48200,20.45452
19.48300,20.45552
19.48400,20.45652
19.48500,20.45752
19.48600,20.45852
19.48700,20.45952
19.48800,20.46052
19.48900,20.46152
19.49000,20.46252
19.49100,20.46352
19.49200,20.46452
19.49300,20.46552
19.49400,20.46652
19.49500,20.46752
19.49600,20.46852
19.49700,20.46952
19.49800,20.47052
19.49900,20.47152
19.50000,20.47252
19.50100,20.47352
19.50200,20.47452
19.50300,20.47552
19.50400,20.47652
19.50500,20.47752
19.50600,20.47852
19.50700,20.47952
19.50800,20.48052
19.50900,20.48152
19.51000,20.48252
19.51100,20.48352
19.51200,20.48452
19.51300,20.48552
19.51400,20.48652
19.51500,20.48752
19.51600,20.48852
19.51700,20.48952
19.51800,20.49052
19.51900,20.49152
19.52000,20.49252
19.52100,20.49352
19.52200,20.49452
19.52300,20.54652
19.52400,20.54752
19.52500,20.54852
19.52600,20.54952
19.52700,20.55052
19.52800,20.55452
19.52900,20.55552
19.53000,20.55652
19.53100,20.55852
19.53200,20.55952
19.53300,20.56052
19.53400,20.56152
19.53500,20.56252
19.53600,20.56352
19.53700,20.56452
19.53800,20.56552
19.53900,20.56652
19.54000,20.56752
19.54100,20.56852
19.54200,20.56952
19.54300,20.57052
19.54400,20.57152
19.54500,20.57252
19.54600,20.57352
19.54700,20.57552
19.54800,20.57652
19.54900,20.57752
19.55000,20.57852
19.55100,20.57952
19.55200,20.58052
19.55300,20.58152
19.55400,20.58252
19.55500,20.58352
19.55600,20.58452
19.55700,20.58552
19.55800,20.58652
19.55900,20.58752
19.56000,20.58852
19.56100,20.58952
19.56200,20.59052
19.56300,20.59152
19.56400,20.59252
19.56500,20.59352
19.56600,20.59452
19.56700,20.59552
19.56800,20.59652
19.56900,20.59752
19.57000,20.59852
19.57100,20.59952
19.57200,20.60052
19.57300,20.60152
19.57400,20.60252
19.57500,20.60352
19.57600,20.60452
19.57700,20.60552
19.57800,20.60652
19.57900,20.60752
19.58000,20.60852
19.58100,20.60952
19.58200,20.61052
19.58300,20.61152
19.58400,20.61252
19.58500,20.61352
19.58600,20.61452
19.58700,20.61552
19.58800,20.61652
19.58900,20.61752
19.59000,20.61852
19.59100,20.61952
19.59200,20.62052
19.59300,20.62152
19.59400,20.62252
19.59500,20.62352
19.59600,20.62452
19.59700,20.62552
19.59800,20.62652
19.59900,20.62752
19.60000,20.62852
19.60100,20.62952
19.60200,20.63052
19.60300,20.63152
19.60400,20.63252
19.60500,20.63352
19.60600,20.63452
19.60700,20.63552
19.60800,20.63652
19.60900,20.63752
19.61000,20.63852
19.61100,20.63952
19.61200,20.64052
19.61300,20.64152
19.61400,20.64252
19.61500,20.64352
19.61600,20.64452
19.61700,20.64552
19.61800,20.64652
19.61900,20.64752
19.62000,20.64852
19.62100,20.64952
19.62200,20.65052
19.62300,20.65152
19.62400,20.65252
19.62500,20.65352
19.62600,20.65452
19.62700,20.65552
19.62800,20.65652
19.62900,20.65752
19.63000,20.65852
19.63100,20.65952
19.63200,20.66052
19.63300,20.66152
19.63400,20.66252
19.63500,20.66352
19.63600,20.66452
19.63700,20.66552
19.63800,20.66652
19.63900,20.66752
19.64000,20.66852
19.64100,20.66952
19.64200,20.67052
19.64300,20.67152
19.64400,20.67252
19.64500,20.67352
19.64600,20.67452
19.64700,20.67552
19.64800,20.67652
19.64900,20.67752
19.65000,20.67852
19.65100,20.67952
19.65200,20.68052
19.65300,20.68152
19.65400,20.68252
19.65500,20.68352
19.65600,20.68452
19.65700,20.68552
19.65800,20.68652
19.65900,20.68752
19.66000,20.68852
19.66100,20.68952
19.66200,20.69052
19.66300,20.69152
19.66400,20.69252
19.66500,20.69352
19.66600,20.69452
19.66700,20.69552
19.66800,20.69652
19.66900,20.69752
19.67000,20.69852
19.67100,20.69952
19.67200,20.70052
19.67300,20.70152
19.67400,20.70252
19.67500,20.70352
19.67600,20.70452
19.67700,20.70552
19.67800,20.70652
19.67900,20.70752
19.68000,20.70852
19.68100,20.70952
19.68200,20.71052
19.68300,20.71152
19.68400,20.71252
19.68500,20.71352
19.68600,20.71452
19.68700,20.71552
19.68800,20.71652
19.68900,20.71752
19.69000,20.71852
19.69100,20.71952
19.69200,20.72052
19.69300,20.72152
19.69400,20.72252
19.69500,20.72352
19.69600,20.72452
19.69700,20.72552
19.69800,20.72652
19.69900,20.72752
19.70000,20.72852
19.70100,20.72952
19.70200,20.73052
19.70300,20.73152
19.70400,20.73252
19.70500,20.73352
19.70600,20.73752
19.70700,20.73852
19.70800,20.73952
19.70900,20.74052
19.71000,20.74252
19.71100,20.74352
19.71200,20.74452
19.71300,20.74552
19.71400,20.74652
19.71500,20.74752
19.71600,20.74852
19.71700,20.74952
19.71800,20.75052
19.71900,20.75152
19.72000,20.75252
19.72100,20.75352
19.72200,20.75452
19.72300,20.75552
19.72400,20.75652
19.72500,20.75752
19.72600,20.75852
19.72700,20.75952
19.72800,20.77952
19.72900,20.78052
19.73000,20.78152
19.73100,20.78452
19.73200,20.78552
19.73300,20.78652
19.73400,20.78752
19.73500,20.78852
19.73600,20.78952
19.73700,20.79052
19.73800,20.79152
19.73900,20.79252
19.74000,20.79352
19.74100,20.79452
19.74200,20.79552
19.74300,20.79652
19.74400,20.79752
19.74500,20.79852
19.74600,20.79952
19.74700,20.80052
19.74800,20.80152
19.74900,20.80252
19.75000,20.80352
19.75100,20.80452
19.75200,20.80552
19.75300,20.80652
19.75400,20.80752
19.75500,20.80852
19.75600,20.80952
19.75700,20.81052
19.75800,20.81152
19.75900,20.81252
19.76000,20.81352
19.76100,20.81452
19.76200,20.81552
19.76300,20.81652
19.76400,20.81752
19.76500,20.81852
19.76600,20.81952
19.76700,20.82052
19.76800,20.82152
19.76900,20.82252
19.77000,20.82352
19.77100,20.82452
19.77200,20.82552
19.77300,20.82652
19.77400,20.82752
19.77500,20.82852
19.77600,20.82952
19.77700,20.83052
19.77800,20.83152
19.77900,20.83252
19.78000,20.83352
19.78100,20.83452
19.78200,20.83552
19.78300,20.83652
19.78400,20.83752
19.78500,20.83852
19.78600,20.83952
19.78700,20.84052
19.78800,20.84152
19.78900,20.84252
19.79000,20.84352
19.79100,20.84452
19.79200,20.84552
19.79300,20.84652
19.79700,20.84752
19.79800,20.84852
19.79900,20.84952
19.80000,20.85052
19.80100,20.85152
19.80200,20.85252
19.80300,20.85352
19.80500,20.85452
19.80600,20.85552
19.80700,20.85652
19.80800,20.85752
19.80900,20.85852
19.81000,20.85952
19.81100,20.86052
19.81200,20.86152
19.81300,20.86252
19.81400,20.86352
19.81500,20.86452
19.81600,20.86552
19.81700,20.86652
19.81800,20.86752
19.81900,20.86852
19.82000,20.86952
19.82100,20.87052
19.82200,20.87152
19.82300,20.87252
19.82400,20.87352
19.82500,20.87452
19.82600,20.87552
19.82700,20.87652
19.82800,20.87752
19.82900,20.87852
19.83000,20.87952
19.83100,20.88052
19.83200,20.88152
19.83300,20.88252
19.83400,20.88352
19.83500,20.88452
19.83600,20.88552
19.83700,20.88652
19.83800,20.88752
19.83900,20.88852
19.84000,20.88952
19.84100,20.89052
19.84200,20.89152
19.84300,20.89252
19.84400,20.89352
19.84500,20.89452
19.84600,20.89552
19.84700,20.89652
19.84800,20.89752
19.84900,20.89852
19.85000,20.89952
19.85100,20.90052
19.85200,20.90152
19.85300,20.90252
19.85400,20.90352
19.85500,20.90452
19.85600,20.90552
19.85700,20.90652
19.85800,20.90752
19.85900,20.90852
19.86000,20.90952
19.86100,20.91052
19.86200,20.91152
19.86300,20.91252
19.86400,20.91352
19.86500,20.91452
19.86600,20.91552
19.86700,20.91652
19.86800,20.91752
19.86900,20.91852
19.87000,20.91952
19.87100,20.92052
19.87200,20.92152
19.87300,20.92252
19.87400,20.92352
19.87500,20.92452
19.87600,20.92552
19.87700,20.92652
19.87800,20.92752
19.87900,20.92852
19.88000,20.92952
19.88100,20.93052
19.88200,20.93152
19.88300,20.93252
19.88400,20.93352
19.88500,20.93452
19.88600,20.93552
19.88700,20.93652
19.88800,20.93752
19.88900,20.93852
19.89000,20.93952
19.89100,20.94052
19.89200,20.94152
19.89300,20.94252
19.89400,20.94352
19.89500,20.94452
19.89600,20.94552
19.89700,20.94652
19.89800,20.94752
19.89900,20.94852
19.90000,20.94952
19.90100,20.95052
19.90200,20.95152
19.90300,20.95252
19.90400,20.95352
19.90500,20.95452
19.90600,20.95552
19.90700,20.95652
19.90800,20.95752
19.90900,20.95852
19.91000,20.95952
19.91100,20.96052
19.91200,20.96152
19.91300,20.96252
19.91400,20.96352
19.91500,20.96452
19.91600,20.96552
19.91700,20.96652
19.91800,20.96752
19.91900,20.96852
19.92000,20.96952
19.92100,20.97052
19.92200,20.97152
19.92300,20.97252
19.92400,20.97352
19.92500,20.97452
19.92600,20.97552
19.92700,20.97652
19.92800,20.97752
19.92900,20.97852
19.93000,20.97952
19.93100,20.98052
19.93200,20.98152
19.93300,20.98252
19.93400,20.98352
19.93500,20.98452
19.93600,20.98552
19.93700,20.98652
19.93800,20.98752
19.93900,20.98852
19.94000,20.98952
19.94100,20.99052
19.94200,20.99152
19.94300,20.99252
19.94400,20.99352
19.94500,20.99452
19.94600,20.99552
19.94700,20.99652
19.94800,20.99752
19.94900,20.99852
19.95000,20.99952
19.95100,21.00052
19.95200,21.00152
19.95300,21.00252
19.95400,21.00352
19.95500,21.00452
19.95600,21.00552
19.95700,21.00652
19.95800,21.00752
19.95900,21.00852
19.96000,21.00952
19.96100,21.01052
19.96200,21.01152
19.96300,21.01252
19.96400,21.01352
19.96500,21.01452
19.96600,21.01552
19.96700,21.01652
19.96800,21.01752
19.96900,21.01852
19.97000,21.01952
19.97100,21.02052
19.97200,21.02152
19.97300,21.02252
19.97400,21.02352
19.97500,21.02452
19.97600,21.02552
19.97700,21.02652
19.97800,21.02752
19.97900,21.02852
19.98000,21.02952
19.98100,21.03052
19.98200,21.03152
19.98300,21.03252
19.98400,21.03352
19.98500,21.03452
19.98600,21.03552
19.98700,21.03652
19.98800,21.03752
19.98900,21.03852
19.99000,21.03952
19.99100,21.04052
19.99200,21.04152
19.99300,21.04252
19.99400,21.04352
19.99600,21.04452
19.99700,21.04552
19.99800,21.04652
19.99900,21.04752
20.00000,21.04852
20.00100,21.04952
20.00200,21.05052
20.00300,21.05152
20.00400,21.05252
20.00500,21.05352
20.00600,21.05452
20.00700,21.05552
20.00800,21.05652
20.00900,21.05752
20.01000,21.05852
20.01100,21.05952
20.01200,21.06052
20.01300,21.06152
20.01400,21.06252
20.01500,21.06352
20.01600,21.06452
20.01700,21.06552
20.01800,21.06652
20.01900,21.06752
20.02000,21.06852
20.02100,21.06952
20.02200,21.07052
20.02300,21.07152
20.02400,21.07252
20.02500,21.07352
20.02600,21.07452
20.02700,21.07552
20.02800,21.07652
20.02900,21.07752
20.03000,21.07852
20.03100,21.07952
20.03200,21.08052
20.03300,21.08152
20.03400,21.08252
20.03500,21.08352
20.03800,21.08452
20.03900,21.08552
20.04000,21.08652
20.04200,21.08752
20.04300,21.08852
20.04400,21.08952
20.04500,21.09052
20.04600,21.09152
20.04700,21.09252
20.04800,21.09352
20.04900,21.09452
20.05000,21.09552
20.05100,21.09652
20.05500,21.09752
20.05600,21.09852
20.05800,21.09952
20.05900,21.10052
20.06000,21.10152
20.06100,21.10252
20.06200,21.10352
20.06300,21.10452
20.06400,21.10552
20.06600,21.10652
20.06700,21.10752
20.06800,21.10852
20.06900,21.10952
20.07000,21.11052
20.07300,21.11152
20.07600,21.11252
20.07700,21.11352
20.08100,21.11452
20.08200,21.11552
20.08300,21.11652
20.08400,21.11752
20.08500,21.11852
20.08600,21.11952
20.08700,21.12052
20.08800,21.12152
20.08900,21.12252
20.09000,21.12352
20.09100,21.12452
20.09300,21.12552
20.09400,21.12652
20.09500,21.12752
20.09600,21.12852
20.09700,21.12952
20.09800,21.13052
20.10300,21.13152
20.10400,21.13252
20.10500,21.13352
20.10600,21.13452
20.10700,21.13552
20.10800,21.13652
20.10900,21.13752
20.11000,21.13852
20.11100,21.13952
20.11200,21.14052
20.11300,21.14152
20.11400,21.14252
20.11500,21.14352
20.11600,21.14452
20.11700,21.14552
20.11800,21.14652
20.11900,21.14752
20.12000,21.14852
20.12100,21.14952
20.12200,21.15052
20.12300,21.15152
20.12400,21.15252
20.12500,21.15352
20.12600,21.15452
20.12700,21.15552
20.12900,21.15652
20.13000,21.15752
20.13100,21.15852
20.13300,21.15952
20.13400,21.16052
20.13500,21.16152
20.13600,21.16252
20.13700,21.16352
20.14400,21.16452
20.14500,21.16552
20.14600,21.16652
20.14900,21.16752
20.15000,21.16852
20.15100,21.16952
20.15200,21.17052
20.15500,21.17152
20.15600,21.17252
20.15900,21.17352
20.16000,21.17452
20.16100,21.17552
20.16200,21.17652
20.16300,21.17752
20.16400,21.17852
20.16500,21.17952
20.16600,21.18052
20.16700,21.18152
20.16800,21.18252
20.16900,21.18352
20.17000,21.18452
20.17100,21.18552
20.17200,21.18652
20.17400,21.18752
20.17500,21.18852
20.17600,21.18952
20.17700,21.19052
20.17800,21.19152
20.17900,21.19252
20.18000,21.19352
20.18200,21.19452
20.18300,21.19552
20.18400,21.19652
20.18500,21.19752
20.18600,21.19852
20.18700,21.19952
20.18800,21.20052
20.18900,21.20152
20.19000,21.20252
20.19100,21.20352
20.19200,21.20452
20.19300,21.20552
20.20300,21.20652
20.20400,21.20752
20.20500,21.20852
20.20600,21.20952
20.20700,21.21052
20.20800,21.21152
20.20900,21.21252
20.21000,21.21352
20.21100,21.21452
20.21200,21.21552
20.21300,21.21652
20.21400,21.21752
20.21500,21.21852
20.21600,21.21952
20.21700,21.22052
20.21800,21.22152
20.21900,21.22252
20.22000,21.22352
20.22100,21.22452
20.22200,21.22552
20.22300,21.22652
20.22400,21.22752
20.22500,21.22852
20.22600,21.22952
20.22700,21.23052
20.22800,21.23152
20.22900,21.23252
20.23000,21.23352
20.23100,21.23452
20.23200,21.23552
20.23300,21.23652
20.23400,21.23752
20.23500,21.23852
20.23600,21.23952
20.23700,21.24052
20.23800,21.24152
20.23900,21.24252
20.24000,21.24352
20.24100,21.24452
20.24200,21.24552
20.24300,21.24652
20.24400,21.24752
20.24500,21.24852
20.24600,21.24952
20.24700,21.25052
20.24800,21.25152
20.24900,21.25252
20.25000,21.25352
20.25100,21.25452
20.25200,21.25552
20.25300,21.25652
20.25400,21.25752
20.25500,21.25852
20.25600,21.25952
20.25700,21.26052
20.25800,21.26152
20.25900,21.26252
20.26000,21.26352
20.26100,21.26452
20.26200,21.26552
20.26300,21.26652
20.26400,21.26752
20.26500,21.26852
20.26600,21.26952
20.26700,21.27052
20.26800,21.27152
20.26900,21.27252
20.27000,21.27352
20.27100,21.27452
20.27200,21.27552
20.27300,21.27652
20.27400,21.27752
20.27500,21.27852
20.27600,21.27952
20.27700,21.28052
20.27800,21.28152
20.27900,21.28252
20.28000,21.28352
20.28100,21.28452
20.28200,21.28552
20.28300,21.28652
20.28400,21.28752
20.28500,21.28852
20.28600,21.28952
20.28700,21.29052
20.28800,21.29152
20.28900,21.29252
20.29000,21.29352
20.29100,21.29452
20.29200,21.29552
20.29300,21.29652
20.29400,21.29752
20.29500,21.29852
20.29600,21.29952
20.29700,21.30052
20.29800,21.30152
20.29900,21.30252
20.30000,21.30352
20.30100,21.30452
20.30200,21.30552
20.30300,21.30652
20.30400,21.30752
20.30500,21.30852
20.30600,21.30952
20.30700,21.31052
20.30800,21.31152
20.30900,21.31252
20.31000,21.31352
20.31100,21.31452
20.31200,21.31552
20.31300,21.31652
20.31400,21.31752
20.31500,21.31852
20.31600,21.31952
20.31700,21.32052
20.31800,21.32152
20.31900,21.32252
20.32000,21.32352
20.32100,21.32452
20.32200,21.32552
20.32300,21.32652
20.32400,21.32752
20.32500,21.32852
20.32600,21.32952
20.32700,21.33052
20.32800,21.33152
20.32900,21.33252
20.33000,21.33352
20.33100,21.33452
20.33200,21.33552
20.33300,21.33652
20.33400,21.33752
20.33500,21.33852
20.33600,21.33952
20.33700,21.34052
20.33800,21.34152
20.33900,21.34252
20.34000,21.34352
20.34100,21.34452
20.34200,21.34552
20.34300,21.34652
20.34400,21.34752
20.34500,21.34852
20.34600,21.34952
20.34700,21.35052
20.34800,21.35152
20.34900,21.35252
20.35000,21.35352
20.35100,21.35452
20.35200,21.35552
20.35300,21.35652
20.35400,21.35752
20.35500,21.35852
20.35600,21.35952
20.35700,21.36052
20.35800,21.36152
20.35900,21.36252
20.36000,21.36352
20.36100,21.36452
20.36200,21.36552
20.36300,21.36652
20.36400,21.36752
20.36500,21.36852
20.36600,21.36952
20.36700,21.37052
20.36800,21.37152
20.36900,21.37252
20.37000,21.37352
20.37100,21.37452
20.37200,21.37552
20.37300,21.37652
20.37400,21.37752
20.37500,21.37852
20.37600,21.37952
20.37700,21.38052
20.37800,21.38152
20.37900,21.38252
20.38000,21.38352
20.38100,21.38452
20.38200,21.38552
20.38300,21.38652
20.38400,21.38752
20.38500,21.38852
20.38600,21.38952
20.38700,21.39052
20.38800,21.39152
20.38900,21.39252
20.39000,21.39352
20.39100,21.39452
20.39200,21.39552
20.39300,21.39652
20.39400,21.39752
20.39500,21.39852
20.39600,21.39952
20.39700,21.40052
20.39800,21.40152
20.39900,21.40252
20.40000,21.40352
20.40100,21.40452
20.40200,21.40552
20.40300,21.40652
20.40400,21.40752
20.40500,21.40852
20.40600,21.40952
20.40700,21.41052
20.40800,21.41152
20.40900,21.41252
20.41000,21.41352
20.41100,21.41452
20.41200,21.41552
20.41300,21.41652
20.41400,21.41752
20.41500,21.41852
20.41600,21.41952
20.41700,21.42052
20.41800,21.42152
20.41900,21.42252
20.42000,21.42352
20.42100,21.42452
20.42200,21.42552
20.42300,21.42652
20.42400,21.42752
20.42500,21.42852
20.42600,21.42952
20.42700,21.43052
20.42800,21.43152
20.42900,21.43252
20.43000,21.43352
20.43100,21.43452
20.43200,21.43552
20.43300,21.43652
20.43400,21.43752
20.43500,21.43852
20.43600,21.43952
20.43700,21.44052
20.43800,21.44152
20.43900,21.44252
20.44000,21.44352
20.44100,21.44452
20.44200,21.44552
20.44300,21.44652
20.44400,21.44752
20.44500,21.44852
20.44600,21.44952
20.44700,21.45052
20.44800,21.45152
20.44900,21.45252
20.45000,21.45352
20.45100,21.45452
20.45200,21.45552
20.45300,21.45652
20.45400,21.45752
20.45500,21.45852
20.45600,21.45952
20.45700,21.46052
20.45800,21.46152
20.45900,21.46252
20.46000,21.46352
20.46100,21.46452
20.46200,21.46552
20.46300,21.46652
20.46400,21.46752
20.46500,21.46852
20.46600,21.46952
20.46700,21.47052
20.46800,21.47152
20.46900,21.47252
20.47000,21.47352
20.47100,21.47452
20.47200,21.47552
20.47300,21.47652
20.47400,21.47752
20.47500,21.47852
20.47600,21.47952
20.47700,21.48052
20.47800,21.48152
20.47900,21.48252
20.48000,21.48352
20.48100,21.48452
20.48200,21.48552
20.48300,21.48652
20.48400,21.48752
20.48500,21.48852
20.48600,21.48952
20.48700,21.49052
20.48800,21.49152
20.48900,21.49252
20.49000,21.49352
20.49100,21.49452
20.49200,21.49552
20.49300,21.49652
20.49400,21.49752
20.49500,21.49852
20.49600,21.49952
20.49700,21.50052
20.49800,21.50152
20.49900,21.50252
20.50000,21.50352
20.50100,21.50452
20.50200,21.50552
20.50300,21.50652
20.50400,21.50752
20.50500,21.50852
20.50600,21.50952
20.50700,21.51052
20.50800,21.51152
20.50900,21.51252
20.51000,21.51352
20.51100,21.51452
20.51200,21.51552
20.51300,21.51652
20.51400,21.51752
20.51500,21.51852
20.51600,21.51952
20.51700,21.52052
20.51800,21.52152
20.51900,21.52252
20.52000,21.52352
20.52100,21.52452
20.52200,21.52552
20.52300,21.52652
20.52400,21.52752
20.52500,21.52852
20.52600,21.52952
20.52700,21.53052
20.52800,21.53152
20.52900,21.53252
20.53000,21.53352
20.53100,21.53452
20.53200,21.53552
20.53300,21.53652
20.53400,21.53752
20.53500,21.53852
20.53600,21.53952
20.53700,21.54052
20.53800,21.54152
20.53900,21.54252
20.54000,21.54352
20.54100,21.54452
20.54200,21.54552
20.54300,21.54652
20.54400,21.54752
20.54500,21.54852
20.54600,21.54952
20.54700,21.55052
20.54800,21.55152
20.54900,21.55252
20.55000,21.55352
20.55100,21.55452
20.55200,21.55552
20.55300,21.55652
20.55400,21.55752
20.55500,21.55852
20.55600,21.55952
20.55700,21.56052
20.55800,21.56152
20.55900,21.56252
20.56000,21.56352
20.56100,21.56452
20.56200,21.56552
20.56300,21.56652
20.56400,21.56752
20.56500,21.56852
20.56600,21.57252
20.56700,21.57352
20.56800,21.57452
20.56900,21.59152
20.57000,21.59252
20.57100,21.59352
20.57200,21.59452
20.57300,21.59552
20.57400,21.62352
20.57500,21.62452
20.57600,21.62552
20.57700,21.62652
20.57800,21.62752
20.57900,21.62852
20.58000,21.62952
20.58100,21.63052
20.58200,21.63152
20.58300,21.63252
20.58400,21.63352
20.58500,21.63452
20.58600,21.63552
20.58700,21.63652
20.58800,21.63752
20.58900,21.63852
20.59000,21.63952
20.59100,21.64052
20.59200,21.64152
20.59300,21.64252
20.59400,21.64352
20.59500,21.64452
20.59600,21.64552
20.59700,21.64652
20.59800,21.64752
20.59900,21.64852
20.60000,21.64952
20.60100,21.65052
20.60200,21.65152
20.60300,21.65252
20.60400,21.65352
20.60500,21.65452
20.60600,21.65552
20.60700,21.65652
20.60800,21.65752
20.60900,21.65852
20.61000,21.65952
20.61100,21.66052
20.61200,21.66152
20.61300,21.66252
20.61400,21.66352
20.61500,21.66452
20.61600,21.66552
20.61700,21.66652
20.61800,21.66752
20.61900,21.66852
20.62000,21.66952
20.62100,21.67052
20.62200,21.67152
20.62300,21.67252
20.62400,21.67352
20.62500,21.67452
20.62600,21.67552
20.62700,21.67652
20.62800,21.67752
20.62900,21.67852
20.63000,21.67952
20.63100,21.68052
20.63200,21.68152
20.63300,21.68252
20.63400,21.68352
20.63500,21.68452
20.63600,21.68552
20.63700,21.68652
20.63800,21.68752
20.63900,21.68852
20.64000,21.68952
20.64100,21.69052
20.64200,21.69152
20.64300,21.69252
20.64400,21.69352
20.64500,21.69452
20.64600,21.69552
20.64700,21.69652
20.64800,21.69752
20.64900,21.69852
20.65000,21.69952
20.65100,21.70052
20.65200,21.70152
20.65300,21.70252
20.65400,21.70352
20.65500,21.70452
20.65600,21.70552
20.65700,21.70652
20.65800,21.70752
20.65900,21.70852
20.66000,21.70952
20.66100,21.71052
20.66200,21.71152
20.66300,21.71252
20.66400,21.71352
20.66500,21.71452
20.66600,21.71552
20.66700,21.71652
20.66800,21.71752
20.66900,21.71852
20.67000,21.71952
20.67100,21.72052
20.67200,21.72152
20.67300,21.72252
20.67400,21.72352
20.67500,21.72452
20.67600,21.72552
20.67700,21.72652
20.67800,21.72752
20.67900,21.72852
20.68000,21.72952
20.68100,21.73052
20.68200,21.73152
20.68300,21.73252
20.68400,21.73352
20.68500,21.73452
20.68600,21.73552
20.68700,21.73652
20.68800,21.73752
20.68900,21.73852
20.69000,21.73952
20.69100,21.74052
20.69200,21.74152
20.69300,21.74252
20.69400,21.74352
20.69500,21.74452
20.69600,21.74552
20.69700,21.74652
20.69800,21.74752
20.69900,21.74852
20.70000,21.74952
20.70100,21.75052
20.70200,21.75152
20.70300,21.75252
20.70400,21.75352
20.70500,21.75552
20.70600,21.75652
20.70700,21.75752
20.70800,21.75852
20.70900,21.75952
20.71000,21.76052
20.71100,21.76152
20.71200,21.76252
20.71300,21.76352
20.71400,21.76452
20.71500,21.76552
20.71600,21.76652
20.71700,21.76752
20.71800,21.76852
20.71900,21.76952
20.72000,21.77352
20.72100,21.77452
20.72200,21.77552
20.72300,21.77652
20.72400,21.77852
20.72500,21.78052
20.72600,21.78152
20.72700,21.78252
20.72800,21.78352
20.72900,21.78552
20.73000,21.78752
20.73100,21.78852
20.73200,21.78952
20.73300,21.79152
20.73400,21.79552
20.73500,21.79652
20.73600,21.79752
20.73700,21.79852
20.73800,21.79952
20.73900,21.80052
20.74000,21.80152
20.74100,21.80252
20.74200,21.80352
20.74300,21.80452
20.74400,21.80552
20.74500,21.80652
20.74600,21.80752
20.74700,21.80852
20.74800,21.80952
20.74900,21.81052
20.75000,21.81152
20.75100,21.81252
20.75200,21.81352
20.75300,21.81452
20.75400,21.81552
20.75500,21.81652
20.75600,21.81752
20.75700,21.81852
20.75800,21.81952
20.75900,21.82052
20.76000,21.82152
20.76100,21.82252
20.76200,21.82352
20.76300,21.82452
20.76400,21.82552
20.76500,21.82652
20.76600,21.82752
20.76700,21.82852
20.76800,21.82952
20.76900,21.83052
20.77000,21.83152
20.77100,21.83252
20.77200,21.83352
20.77300,21.83452
20.77400,21.83552
20.77500,21.83652
20.77600,21.83752
20.77700,21.83852
20.77800,21.83952
20.77900,21.84052
20.78000,21.84152
20.78100,21.84252
20.78200,21.84352
20.78300,21.84452
20.78400,21.84552
20.78500,21.84652
20.78600,21.84752
20.78700,21.84852
20.78800,21.84952
20.78900,21.85052
20.79000,21.85152
20.79100,21.85252
20.79200,21.85352
20.79300,21.85552
20.79400,21.85652
20.79500,21.85752
20.79600,21.85852
20.79700,21.85952
20.79800,21.86052
20.79900,21.86152
20.80000,21.86252
20.80100,21.86352
20.80200,21.86452
20.80300,21.86552
20.80400,21.86652
20.80500,21.86752
20.80600,21.86852
20.80700,21.86952
20.80800,21.87052
20.80900,21.87152
20.81000,21.87252
20.81100,21.87352
20.81200,21.87452
20.81300,21.87552
20.81400,21.87652
20.81500,21.87752
20.81600,21.87852
20.81700,21.87952
20.81800,21.88052
20.81900,21.88152
20.82000,21.88252
20.82100,21.88352
20.82200,21.88452
20.82300,21.88552
20.82400,21.88652
20.82500,21.88752
20.82600,21.88852
20.82700,21.88952
20.82800,21.89052
20.82900,21.89152
20.83000,21.89252
20.83100,21.89352
20.83200,21.89452
20.83300,21.89552
20.83400,21.89652
20.83500,21.89752
20.83600,21.89852
20.83700,21.89952
20.83800,21.90052
20.83900,21.90152
20.84000,21.90252
20.84100,21.90352
20.84200,21.90452
20.84300,21.90552
20.84400,21.90652
20.84500,21.90752
20.84600,21.90852
20.84700,21.90952
20.84800,21.91052
20.84900,21.91152
20.85000,21.91252
20.85100,21.91352
20.85200,21.91452
20.85300,21.91552
20.85400,21.91652
20.85500,21.91752
20.85600,21.91852
20.85700,21.91952
20.85800,21.92052
20.85900,21.92152
20.86000,21.92252
20.86100,21.92352
20.86200,21.92452
20.86300,21.92552
20.86400,21.92652
20.86500,21.92752
20.86600,21.92852
20.86700,21.92952
20.86800,21.93052
20.86900,21.93152
20.87000,21.93252
20.87100,21.93352
20.87200,21.93452
20.87300,21.93552
20.87400,21.93652
20.87500,21.93752
20.87600,21.93852
20.87700,21.93952
20.87800,21.94052
20.87900,21.94152
20.88000,21.94252
20.88100,21.94352
20.88200,21.94452
20.88300,21.94552
20.88400,21.94652
20.88500,21.94752
20.88600,21.94852
20.88700,21.94952
20.88800,21.95052
20.88900,21.95152
20.89000,21.95252
20.89100,21.95352
20.89200,21.95452
20.89300,21.95552
20.89400,21.95652
20.89500,21.95752
20.89600,21.95852
20.89700,21.95952
20.89800,21.96052
20.89900,21.96152
20.90000,21.96252
20.90100,21.96352
20.90200,21.96452
20.90300,21.96552
20.90400,21.96652
20.90500,21.96752
20.90600,21.96852
20.90700,21.96952
20.90800,21.97052
20.90900,21.97152
20.91000,21.97252
20.91100,21.97352
20.91200,21.97452
20.91300,21.97552
20.91400,21.97652
20.91500,21.97752
20.91600,21.97852
20.91700,21.97952
20.91800,21.98052
20.91900,21.98152
20.92000,21.98252
20.92100,21.98352
20.92200,21.98452
20.92300,21.98552
20.92400,21.98652
20.92500,21.98752
20.92600,21.98852
20.92700,21.98952
20.92800,21.99052
20.92900,21.99152
20.93000,21.99252
20.93100,21.99352
20.93200,21.99452
20.93300,21.99552
20.93400,21.99652
20.93500,21.99752
20.93600,21.99852
20.93700,21.99952
20.93800,22.00052
20.93900,22.00152
20.94000,22.00252
20.94100,22.00352
20.94200,22.00452
20.94300,22.00552
20.94400,22.00652
20.94500,22.00752
20.94600,22.00852
20.94700,22.00952
20.94800,22.01052
20.94900,22.01152
20.95000,22.01252
20.95100,22.01352
20.95200,22.01452
20.95300,22.01552
20.95400,22.01652
20.95500,22.01752
20.95600,22.01852
20.95700,22.01952
20.95800,22.02052
20.95900,22.02152
20.96000,22.02252
20.96100,22.02352
20.96200,22.02452
20.96300,22.02552
20.96400,22.02652
20.96500,22.02752
20.96600,22.02852
20.96700,22.02952
20.96800,22.03052
20.96900,22.03152
20.97000,22.03252
20.97100,22.03352
20.97200,22.03452
20.97300,22.03552
20.97400,22.03652
20.97500,22.03752
20.97600,22.03852
20.97700,22.03952
20.97800,22.04052
20.97900,22.04152
20.98000,22.04252
20.98100,22.04352
20.98200,22.04452
20.98300,22.04552
20.98400,22.04652
20.98500,22.04752
20.98600,22.04852
20.98700,22.04952
20.98800,22.05052
20.98900,22.05152
20.99000,22.05252
20.99100,22.05352
20.99200,22.05452
20.99300,22.05552
20.99400,22.05652
20.99500,22.05752
20.99600,22.05852
20.99700,22.05952
20.99800,22.06052
20.99900,22.06152
21.00000,22.06252
21.00100,22.06352
21.00200,22.06452
21.00300,22.06552
21.00400,22.06652
21.00500,22.06752
21.00600,22.06852
21.00700,22.06952
21.00800,22.07052
21.00900,22.07152
21.01000,22.07252
21.01100,22.07352
21.01200,22.07452
21.01300,22.07552
21.01400,22.07652
21.01500,22.07752
21.01600,22.07852
21.01700,22.07952
21.01800,22.08052
21.01900,22.08152
21.02000,22.08252
21.02100,22.08352
21.02200,22.08452
21.02300,22.08552
21.02400,22.08652
21.02500,22.08752
21.02600,22.08852
21.02700,22.08952
21.02800,22.09052
21.02900,22.09152
21.03000,22.09252
21.03100,22.09352
21.03200,22.09452
21.03300,22.09552
21.03400,22.09652
21.03500,22.09752
21.03600,22.09852
21.03700,22.09952
21.03800,22.12352
21.03900,22.12452
21.04000,22.12552
21.04100,22.12952
21.04200,22.13052
21.04300,22.13152
21.04400,22.13252
21.04500,22.13352
21.04600,22.13452
21.04700,22.13552
21.04800,22.13652
21.04900,22.15452
21.05000,22.15552
21.05100,22.15652
21.05200,22.15752
21.05300,22.15952
21.05400,22.16052
21.05500,22.16152
21.05600,22.16252
21.05700,22.16352
21.05800,22.16452
21.05900,22.16552
21.06000,22.16652
21.06100,22.16752
21.06200,22.16852
21.06300,22.16952
21.06400,22.17152
21.06500,22.17252
21.06600,22.17352
21.06700,22.17652
21.06800,22.17752
21.06900,22.17852
21.07000,22.17952
21.07100,22.18152
21.07200,22.18252
21.07300,22.18352
21.07400,22.18452
21.07500,22.18552
21.07600,22.18652
21.07700,22.18752
21.07800,22.18852
21.07900,22.18952
21.08000,22.19052
21.08100,22.19152
21.08200,22.19252
21.08300,22.19352
21.08400,22.19452
21.08500,22.19552
21.08600,22.19652
21.08700,22.19752
21.08800,22.19852
21.08900,22.19952
21.09000,22.20052
21.09100,22.20152
21.09200,22.20252
21.09300,22.20352
21.09400,22.20452
21.09500,22.20552
21.09600,22.20652
21.09700,22.20752
21.09800,22.20852
21.09900,22.20952
21.10000,22.21052
21.10100,22.21252
21.10200,22.21352
21.10300,22.21452
21.10400,22.21552
21.10500,22.21652
21.10600,22.21752
21.10700,22.21852
21.10800,22.21952
21.10900,22.22052
21.11000,22.22152
21.11100,22.22252
21.11200,22.22352
21.11300,22.22452
21.11400,22.22552
21.11500,22.22652
21.11600,22.22752
21.11700,22.22852
21.11800,22.22952
21.11900,22.23052
21.12000,22.23152
21.12100,22.23252
21.12200,22.23352
21.12300,22.23452
21.12400,22.23552
21.12500,22.23652
21.12600,22.23752
21.12700,22.23852
21.12800,22.23952
21.12900,22.24052
21.13000,22.24152
21.13100,22.24252
21.13200,22.24352
21.13300,22.24452
21.13400,22.24552
21.13500,22.24652
21.13600,22.24752
21.13700,22.24852
21.13800,22.24952
21.13900,22.25052
21.14000,22.25152
21.14100,22.25252
21.14200,22.25352
21.14300,22.25452
21.14400,22.25552
21.14500,22.25652
21.14600,22.25752
21.14700,22.25852
21.14800,22.25952
21.14900,22.26052
21.15000,22.26152
21.15100,22.26252
21.15200,22.26352
21.15300,22.26452
21.15400,22.26552
21.15500,22.26652
21.15600,22.26752
21.15700,22.26852
21.15800,22.26952
21.15900,22.27052
21.16000,22.27152
21.16100,22.27252
21.16200,22.27352
21.16300,22.27452
21.16400,22.27552
21.16500,22.27652
21.16600,22.27752
21.16700,22.27852
21.16800,22.27952
21.16900,22.28052
21.17000,22.28152
21.17100,22.28252
21.17200,22.28352
21.17300,22.28452
21.17400,22.28552
21.17500,22.28652
21.17600,22.28752
21.17700,22.28852
21.17800,22.28952
21.17900,22.29052
21.18000,22.29152
21.18100,22.29252
21.18200,22.29352
21.18300,22.29452
21.18400,22.29552
21.18500,22.29652
21.18600,22.29752
21.18700,22.29852
21.18800,22.29952
21.18900,22.30052
21.19000,22.30152
21.19100,22.30252
21.19200,22.30352
21.19300,22.30452
21.19400,22.30552
21.19500,22.30652
21.19600,22.30752
21.19700,22.30852
21.19800,22.30952
21.19900,22.31052
21.20000,22.31152
21.20100,22.31252
21.20200,22.31352
21.20300,22.31452
21.20400,22.31552
21.20500,22.31652
21.20600,22.31752
21.20700,22.31852
21.20800,22.31952
21.20900,22.32052
21.21000,22.32152
21.21100,22.32252
21.21200,22.32352
21.21300,22.32452
21.21400,22.32552
21.21500,22.32652
21.21600,22.32752
21.21700,22.32852
21.21800,22.32952
21.21900,22.33052
21.22000,22.33152
21.22100,22.33252
21.22200,22.33352
21.22300,22.33452
21.22400,22.33552
21.22500,22.33652
21.22600,22.33752
21.22700,22.33852
21.22800,22.33952
21.22900,22.34052
21.23000,22.34152
21.23100,22.34252
21.23200,22.34352
21.23300,22.34452
21.23400,22.34552
21.23500,22.34652
21.23600,22.34752
21.23700,22.34852
21.23800,22.34952
21.23900,22.35052
21.24000,22.35152
21.24100,22.35252
21.24200,22.35352
21.24300,22.35452
21.24400,22.35552
21.24500,22.35652
21.24600,22.35752
21.24700,22.35852
21.24800,22.35952
21.24900,22.36052
21.25000,22.36152
21.25100,22.36252
21.25200,22.36352
21.25300,22.36452
21.25400,22.36552
21.25500,22.36652
21.25600,22.36752
21.25700,22.36852
21.25800,22.36952
21.25900,22.37052
21.26000,22.37152
21.26100,22.37252
21.26200,22.37352
21.26300,22.37452
21.26400,22.37552
21.26500,22.37652
21.26600,22.37752
21.26700,22.37852
21.26800,22.37952
21.26900,22.38052
21.27000,22.38152
21.27100,22.38252
21.27200,22.38352
21.27300,22.38452
21.27400,22.38552
21.27500,22.38652
21.27600,22.38752
21.27700,22.38852
21.27800,22.38952
21.27900,22.39052
21.28000,22.39152
21.28100,22.39252
21.28200,22.39352
21.28300,22.39452
21.28400,22.39552
21.28500,22.39652
21.28600,22.39752
21.28700,22.39852
21.28800,22.39952
21.28900,22.40052
21.29000,22.40152
21.29100,22.40252
21.29200,22.40352
21.29300,22.40452
21.29400,22.40552
21.29500,22.40652
21.29600,22.40752
21.29700,22.40852
21.29800,22.40952
21.29900,22.41052
21.30000,22.41152
21.30100,22.41252
21.30200,22.41352
21.30300,22.41452
21.30400,22.41552
21.30500,22.41652
21.30600,22.41752
21.30700,22.41852
21.30800,22.41952
21.30900,22.42052
21.31000,22.42152
21.31100,22.42252
21.31200,22.42352
21.31300,22.42452
21.31400,22.42552
21.31500,22.42652
21.31600,22.42752
21.31700,22.42852
21.31800,22.42952
21.31900,22.43052
21.32000,22.43152
21.32100,22.43252
21.32200,22.43352
21.32300,22.43452
21.32400,22.43552
21.32500,22.43652
21.32600,22.43752
21.32700,22.43852
21.32800,22.43952
21.32900,22.44052
21.33000,22.44152
21.33100,22.44252
21.33200,22.44352
21.33300,22.44452
21.33400,22.44552
21.33500,22.44652
21.33600,22.44752
21.33700,22.44852
21.33800,22.44952
21.33900,22.45052
21.34000,22.45152
21.34100,22.45252
21.34200,22.45352
21.34300,22.45452
21.34400,22.46252
21.34500,22.46352
21.34600,22.46452
21.34700,22.46552
21.34800,22.46652
21.34900,22.46752
21.35000,22.46852
21.35100,22.46952
21.35200,22.47052
21.35300,22.47152
21.35400,22.47252
21.35500,22.47352
21.35600,22.47452
21.35700,22.47552
21.35800,22.47652
21.35900,22.47752
21.36000,22.47852
21.36100,22.47952
21.36200,22.48052
21.36300,22.48152
21.36400,22.48252
21.36500,22.48352
21.36600,22.48452
21.36700,22.48552
21.36800,22.48652
21.36900,22.48752
21.37000,22.48852
21.37100,22.48952
21.37200,22.49052
21.37300,22.49152
21.37400,22.49252
21.37500,22.49352
21.37600,22.49452
21.37700,22.49552
21.37800,22.49652
21.37900,22.49752
21.38000,22.49852
21.38100,22.49952
21.38200,22.50052
21.38300,22.50152
21.38400,22.50252
21.38500,22.50352
21.38600,22.50452
21.38700,22.50552
21.38800,22.50652
21.38900,22.50752
21.39000,22.50852
21.39100,22.50952
21.39200,22.51052
21.39300,22.51152
21.39400,22.51252
21.39500,22.51352
21.39600,22.51452
21.39700,22.51552
21.39800,22.51652
21.39900,22.51752
21.40000,22.51852
21.40100,22.51952
21.40200,22.52052
21.40300,22.52152
21.40400,22.52252
21.40500,22.52352
21.40600,22.52452
21.40700,22.52552
21.40800,22.52652
21.40900,22.52752
21.41000,22.52852
21.41100,22.52952
21.41200,22.53052
21.41300,22.53152
21.41400,22.53252
21.41500,22.53352
21.41600,22.53452
21.41700,22.53552
21.41800,22.53652
21.41900,22.53752
21.42000,22.53852
21.42100,22.53952
21.42200,22.54052
21.42300,22.54152
21.42400,22.54252
21.42500,22.54352
21.42600,22.54452
21.42700,22.54552
21.42800,22.54652
21.42900,22.54752
21.43000,22.54852
21.43100,22.54952
21.43200,22.55052
21.43300,22.55152
21.43400,22.55252
21.43500,22.55352
21.43600,22.55452
21.43700,22.55552
21.43800,22.55652
21.43900,22.55752
21.44000,22.55852
21.44100,22.55952
21.44200,22.56052
21.44300,22.56152
21.44400,22.56252
21.44500,22.56352
21.44600,22.56452
21.44700,22.56552
21.44800,22.56652
21.44900,22.56752
21.45000,22.56852
21.45100,22.56952
21.45200,22.57052
21.45300,22.57152
21.45400,22.57252
21.45500,22.57352
21.45600,22.57452
21.45700,22.57552
21.45800,22.57652
21.45900,22.57752
21.46000,22.57852
21.46100,22.57952
21.46200,22.58052
21.46300,22.58152
21.46400,22.58252
21.46500,22.58352
21.46600,22.58452
21.46700,22.58552
21.46800,22.58652
21.46900,22.58752
21.47000,22.58852
21.47100,22.58952
21.47200,22.59052
21.47300,22.59152
21.47400,22.59252
21.47500,22.59352
21.47600,22.59452
21.47700,22.59552
21.47800,22.59652
21.47900,22.59752
21.48000,22.59852
21.48100,22.59952
21.48200,22.60052
21.48300,22.60152
21.48400,22.60252
21.48500,22.60352
21.48600,22.60452
21.48700,22.60552
21.48800,22.60652
21.48900,22.60752
21.49000,22.60852
21.49100,22.60952
21.49200,22.61052
21.49300,22.61152
21.49400,22.61252
21.49500,22.61352
21.49600,22.61452
21.49700,22.61552
21.49800,22.61652
21.49900,22.61752
21.50000,22.61852
21.50100,22.61952
21.50200,22.62052
21.50300,22.62152
21.50400,22.62252
21.50500,22.62352
21.50600,22.62452
21.50700,22.62552
21.50800,22.62652
21.50900,22.62752
21.51000,22.62852
21.51100,22.62952
21.51200,22.63052
21.51300,22.63152
21.51400,22.63252
21.51500,22.63352
21.51600,22.63452
21.51700,22.63552
21.51800,22.63652
21.51900,22.63752
21.52000,22.63852
21.52100,22.63952
21.52200,22.64052
21.52300,22.64152
21.52400,22.64252
21.52500,22.64352
21.52600,22.64452
21.52700,22.64552
21.52800,22.64652
21.52900,22.64752
21.53000,22.64852
21.53100,22.64952
21.53200,22.65052
21.53300,22.65152
21.53400,22.65252
21.53500,22.65352
21.53600,22.65452
21.53700,22.65552
21.53800,22.65652
21.53900,22.65752
21.54000,22.65852
21.54100,22.65952
21.54200,22.66052
21.54300,22.66152
21.54400,22.66252
21.55200,22.66352
21.55300,22.66452
21.55400,22.66552
21.55500,22.66652
21.55600,22.66752
21.55700,22.66852
21.55800,22.66952
21.55900,22.67052
21.56000,22.67152
21.56100,22.67252
21.56200,22.67352
21.56300,22.67452
21.56400,22.67552
21.56500,22.67652
21.56600,22.67752
21.56700,22.67852
21.56800,22.67952
21.56900,22.68052
21.57000,22.68152
21.57100,22.68252
21.57200,22.68352
21.57300,22.68452
21.57400,22.68552
21.57500,22.68652
21.57600,22.68752
21.57700,22.68852
21.57800,22.68952
21.57900,22.69052
21.58000,22.69152
21.58100,22.69252
21.58200,22.69352
21.58300,22.69452
21.58400,22.69552
21.58500,22.69652
21.58600,22.69752
21.58800,22.69852
21.58900,22.69952
21.59000,22.70052
21.59100,22.70152
21.59200,22.70252
21.59300,22.70352
21.59400,22.70452
21.59500,22.70552
21.59600,22.70652
21.59700,22.70752
21.59800,22.70852
21.59900,22.70952
21.60000,22.71052
21.60100,22.71152
21.60200,22.71252
21.60300,22.71352
21.60400,22.71452
21.60500,22.71552
21.60600,22.71652
21.60700,22.71752
21.60800,22.71852
21.60900,22.71952
21.61000,22.72052
21.61100,22.72152
21.61200,22.72252
21.61300,22.72352
21.61400,22.72452
21.61500,22.72552
21.61600,22.72652
21.61700,22.72752
21.61800,22.72852
21.61900,22.72952
21.62000,22.73052
21.62100,22.73152
21.62200,22.73252
21.62300,22.73352
21.62400,22.73452
21.62500,22.73552
21.62600,22.73652
21.62700,22.73752
21.62800,22.73852
21.62900,22.73952
21.63000,22.74052
21.63100,22.74152
21.63200,22.74252
21.63300,22.74352
21.63400,22.74452
21.63500,22.74552
21.63600,22.74652
21.63700,22.74752
21.63800,22.74952
21.63900,22.75052
21.64000,22.75152
21.64100,22.75252
21.64200,22.75352
21.64300,22.75452
21.64400,22.75552
21.64500,22.75652
21.64600,22.75752
21.64700,22.75852
21.64800,22.76052
21.64900,22.76152
21.65000,22.77352
21.65100,22.78052
21.65200,22.78152
21.65300,22.78252
21.65400,22.78352
21.65500,22.78452
21.65600,22.78552
21.65700,22.78652
21.65800,22.78752
21.65900,22.78852
21.66000,22.78952
21.66100,22.79052
21.66200,22.79152
21.66300,22.79252
21.66400,22.79352
21.66500,22.79452
21.66600,22.79552
21.66700,22.79652
21.66800,22.79752
21.66900,22.79852
21.67000,22.79952
21.67100,22.80052
21.67200,22.80152
21.67300,22.80252
21.67400,22.80352
21.67500,22.80452
21.67600,22.80552
21.67700,22.80652
21.67800,22.80752
21.67900,22.80852
21.68000,22.80952
21.68100,22.81052
21.68200,22.81152
21.68300,22.81252
21.68400,22.81352
21.68500,22.81452
21.68600,22.81552
21.68700,22.81652
21.68800,22.81752
21.68900,22.81852
21.69000,22.81952
21.69100,22.82052
21.69200,22.82152
21.69300,22.82252
21.69400,22.82352
21.69500,22.82452
21.69600,22.82552
21.69700,22.82652
21.69800,22.82752
21.69900,22.82852
21.70000,22.82952
21.70100,22.83052
21.70200,22.83152
21.70300,22.83252
21.70400,22.83352
21.70500,22.83452
21.70600,22.83552
21.70700,22.83652
21.70800,22.83752
21.70900,22.83852
21.71000,22.83952
21.71100,22.84052
21.71200,22.84152
21.71300,22.84252
21.71400,22.84352
21.71500,22.84452
21.71600,22.84552
21.71700,22.84652
21.71800,22.84752
21.71900,22.84852
21.72000,22.84952
21.72100,22.85052
21.72200,22.85152
21.72300,22.85252
21.72400,22.85352
21.72500,22.85452
21.72600,22.85552
21.72700,22.85652
21.72800,22.85752
21.72900,22.85852
21.73000,22.85952
21.73100,22.86052
21.73200,22.86152
21.73300,22.86252
21.73400,22.86352
21.73500,22.86452
21.73600,22.86552
21.73700,22.86652
21.73800,22.86752
21.73900,22.86852
21.74000,22.86952
21.74100,22.87052
21.74200,22.87152
21.74300,22.87252
21.74400,22.87352
21.74500,22.87452
21.74600,22.87552
21.74700,22.87652
21.74800,22.87752
21.74900,22.87852
21.75000,22.87952
21.75100,22.88052
21.75200,22.88152
21.75300,22.88252
21.75500,22.88352
21.75600,22.88452
21.75700,22.88552
21.75800,22.88652
21.75900,22.88752
21.76000,22.88852
21.76100,22.88952
21.76200,22.89052
21.76300,22.89152
21.76400,22.89252
21.76500,22.89352
21.76600,22.89452
21.76700,22.89552
21.76800,22.89652
21.76900,22.89752
21.77000,22.89852
21.77100,22.89952
21.77200,22.90052
21.77300,22.90152
21.77400,22.90252
21.77500,22.90352
21.77600,22.90452
21.77700,22.90552
21.77800,22.90652
21.77900,22.90752
21.78000,22.90852
21.78100,22.90952
21.78200,22.91052
21.78300,22.91152
21.78400,22.91252
21.78500,22.91352
21.78600,22.91452
21.78700,22.91552
21.78800,22.91652
21.78900,22.91752
21.79000,22.91852
21.79100,22.91952
21.79200,22.92052
21.79300,22.92152
21.79400,22.92252
21.79500,22.92352
21.79600,22.92452
21.79700,22.92552
21.79800,22.92652
21.79900,22.92752
21.80000,22.92852
21.80100,22.92952
21.80200,22.93052
21.80300,22.93152
21.80400,22.93252
21.80500,22.93352
21.80800,22.93452
21.80900,22.93552
21.81000,22.93652
21.81100,22.93752
21.81200,22.93852
21.81300,22.93952
21.81400,22.94052
21.81500,22.94152
21.81600,22.94252
21.81700,22.94352
21.81800,22.94452
21.81900,22.94552
21.82000,22.94652
21.82100,22.94752
21.82200,22.94852
21.82300,22.94952
21.82400,22.95052
21.82500,22.95152
21.82600,22.95252
21.82700,22.95352
21.82800,22.95452
21.82900,22.95552
21.83000,22.95652
21.83100,22.95752
21.83200,22.95852
21.83300,22.95952
21.83400,22.96052
21.83500,22.96152
21.83600,22.96252
21.83700,22.96352
21.83800,22.96452
21.83900,22.96552
21.84000,22.96652
21.84100,22.96752
21.84200,22.96852
21.84300,22.96952
21.84400,22.97052
21.84500,22.97152
21.84600,22.97252
21.84700,22.97352
21.84800,22.97452
21.84900,22.97552
21.85000,22.97652
21.85100,22.97752
21.85200,22.97852
21.85300,22.97952
21.85400,22.98052
21.85500,22.98152
21.85600,22.98252
21.85700,22.98352
21.85800,22.98452
21.85900,22.98552
21.86000,22.98652
21.86100,22.98752
21.86200,22.98852
21.86300,22.98952
21.86400,22.99052
21.86500,22.99152
21.86600,22.99252
21.86700,22.99352
21.86800,22.99452
21.86900,22.99552
21.87000,22.99652
21.87100,22.99752
21.87200,22.99852
21.87300,22.99952
21.87400,23.00052
21.87500,23.00152
21.87600,23.00252
21.87700,23.00352
21.87800,23.00452
21.87900,23.00552
21.88000,23.00652
21.88100,23.00752
21.88200,23.00852
21.88300,23.00952
21.88400,23.01052
21.88500,23.01152
21.88600,23.01252
21.88700,23.01352
21.88800,23.01452
21.88900,23.01552
21.89000,23.01652
21.89100,23.01752
21.89200,23.01852
21.89300,23.01952
21.89400,23.02052
21.89500,23.02152
21.89600,23.02252
21.89700,23.02352
21.89800,23.02452
21.89900,23.02552
21.90000,23.02652
21.90100,23.02752
21.90200,23.02852
21.90300,23.02952
21.90400,23.03052
21.90500,23.03152
21.90600,23.03252
21.90700,23.03352
21.90800,23.03452
21.90900,23.03552
21.91000,23.03652
21.91100,23.03752
21.91200,23.03852
21.91300,23.03952
21.91400,23.04052
21.91500,23.04152
21.91600,23.04252
21.91700,23.04352
21.91800,23.04452
21.91900,23.04552
21.92000,23.04652
21.92100,23.04752
21.92200,23.04852
21.92300,23.04952
21.92400,23.05052
21.92500,23.05152
21.92600,23.05252
21.92700,23.05352
21.92800,23.05452
21.92900,23.05552
21.93000,23.05652
21.93100,23.05752
21.93200,23.05852
21.93300,23.05952
21.93400,23.06052
21.93500,23.06152
21.93600,23.06252
21.93700,23.06352
21.93800,23.06452
21.93900,23.06552
21.94000,23.06652
21.94100,23.06752
21.94200,23.06852
21.94300,23.06952
21.94400,23.07052
21.94500,23.07152
21.94600,23.07252
21.94700,23.07352
21.94800,23.07452
21.94900,23.07552
21.95000,23.07652
21.95100,23.07752
21.95200,23.07852
21.95300,23.07952
21.95400,23.08052
21.95500,23.08152
21.95600,23.08252
21.95700,23.08352
21.95800,23.08452
21.95900,23.08552
21.96000,23.08652
21.96100,23.08752
21.96200,23.08852
21.96300,23.08952
21.96400,23.09052
21.96500,23.09152
21.96600,23.09252
21.96700,23.09352
21.96800,23.09452
21.96900,23.09552
21.97000,23.09652
21.97100,23.09752
21.97200,23.09852
21.97300,23.09952
21.97400,23.10052
21.97500,23.10152
21.97600,23.10252
21.97700,23.10352
21.97800,23.10452
21.97900,23.10552
21.98000,23.10652
21.98100,23.10752
21.98200,23.10852
21.98300,23.10952
21.98400,23.11052
21.98500,23.11152
21.98600,23.11252
21.98700,23.11352
21.98800,23.11452
21.98900,23.11552
21.99000,23.11652
21.99100,23.11752
21.99200,23.11852
21.99300,23.11952
21.99400,23.12052
21.99500,23.12152
21.99600,23.12252
21.99700,23.12352
21.99900,23.12452
22.00000,23.12552
22.00100,23.12652
22.00200,23.12752
22.00300,23.12852
22.00400,23.12952
22.00500,23.13052
22.00600,23.13152
22.00700,23.13252
22.00800,23.13352
22.00900,23.13452
22.01000,23.13552
22.01100,23.13652
22.01200,23.13752
22.01300,23.13852
22.01400,23.13952
22.01500,23.14052
22.01600,23.14152
22.01700,23.14252
22.01800,23.14352
22.01900,23.14452
22.02000,23.14552
22.02100,23.14652
22.02200,23.14752
22.02300,23.14852
22.02400,23.14952
22.02500,23.15052
22.02600,23.15152
22.02700,23.15252
22.02800,23.15352
22.02900,23.15452
22.03000,23.15552
22.03100,23.15652
22.03200,23.15752
22.03300,23.15852
22.03400,23.15952
22.03500,23.16052
22.03600,23.16152
22.03700,23.16252
22.03800,23.16352
22.03900,23.16452
22.04000,23.16552
22.04100,23.16652
22.04200,23.16752
22.04300,23.16852
22.04400,23.16952
22.04500,23.17052
22.04600,23.17152
22.04700,23.17252
22.04800,23.17352
22.04900,23.17452
22.05000,23.17552
22.05100,23.17652
22.05200,23.17752
22.05300,23.17852
22.05400,23.17952
22.05500,23.18052
22.05600,23.18152
22.05700,23.18252
22.05800,23.18352
22.05900,23.18452
22.06000,23.18552
22.06100,23.18652
22.06200,23.18752
22.06300,23.18852
22.06400,23.18952
22.06500,23.19052
22.06600,23.19152
22.06700,23.19252
22.06800,23.19352
22.06900,23.19452
22.07000,23.19552
22.07100,23.19652
22.07200,23.19752
22.07300,23.19852
22.07400,23.19952
22.07500,23.20052
22.07600,23.20152
22.07700,23.20252
22.07800,23.20352
22.07900,23.20452
22.08000,23.20552
22.08100,23.20652
22.08200,23.20752
22.08300,23.20852
22.08400,23.20952
22.08500,23.21052
22.08600,23.21152
22.08700,23.21252
22.08800,23.21352
22.08900,23.21452
22.09400,23.21552
22.09900,23.21652
22.10000,23.21752
22.10300,23.21852
22.10400,23.21952
22.10500,23.22052
22.10600,23.22152
22.10700,23.22252
22.10800,23.22352
22.10900,23.22452
22.11000,23.22552
22.11100,23.22652
22.11200,23.22752
22.11300,23.22852
22.11400,23.22952
22.11500,23.23052
22.11600,23.23152
22.11700,23.23252
22.11800,23.23352
22.11900,23.23452
22.12000,23.23552
22.12100,23.23652
22.12200,23.23752
22.12300,23.23852
22.12400,23.23952
22.12500,23.24052
22.12600,23.24152
22.12700,23.24252
22.12800,23.24352
22.12900,23.24452
22.13000,23.24552
22.13100,23.24652
22.13200,23.24752
22.13300,23.24852
22.13400,23.24952
22.13500,23.25052
22.13600,23.25152
22.13700,23.25252
22.13800,23.25352
22.13900,23.25452
22.14000,23.25552
22.14100,23.25652
22.14200,23.25752
22.14300,23.25852
22.14400,23.25952
22.14500,23.26052
22.14600,23.26152
22.14700,23.26252
22.14800,23.26352
22.14900,23.26452
22.15000,23.26552
22.15100,23.26652
22.15200,23.26752
22.15300,23.26852
22.15400,23.26952
22.15500,23.27052
22.15600,23.27152
22.15700,23.27252
22.15800,23.27352
22.15900,23.27452
22.16000,23.27552
22.16100,23.27652
22.16200,23.27752
22.16300,23.27852
22.16400,23.27952
22.16500,23.28052
22.16600,23.28152
22.16700,23.28252
22.16800,23.28352
22.16900,23.28452
22.17000,23.28552
22.17100,23.28652
22.17200,23.28752
22.17300,23.28852
22.17400,23.28952
22.17500,23.29052
22.17600,23.29152
22.17700,23.29252
22.17800,23.29352
22.17900,23.29452
22.18000,23.29552
22.18100,23.29652
22.18200,23.29752
22.18300,23.29852
22.18400,23.29952
22.18500,23.30052
22.18600,23.30152
22.18700,23.30252
22.18800,23.30352
22.18900,23.30452
22.19000,23.30552
22.19100,23.30652
22.19200,23.30752
22.19300,23.30852
22.19400,23.30952
22.19500,23.31052
22.19600,23.31152
22.19700,23.31252
22.19800,23.31352
22.19900,23.31452
22.20000,23.31552
22.20100,23.31652
22.20200,23.31752
22.20300,23.31852
22.20400,23.31952
22.20500,23.32052
22.20600,23.32152
22.20700,23.32252
22.20800,23.32352
22.20900,23.32452
22.21000,23.32552
22.21100,23.32652
22.21200,23.32752
22.21300,23.32852
22.21400,23.32952
22.21500,23.33052
22.21600,23.33152
22.21700,23.33252
22.21800,23.33352
22.21900,23.33452
22.22000,23.33552
22.22100,23.33652
22.22200,23.33752
22.22300,23.33852
22.22400,23.33952
22.22500,23.34052
22.22600,23.34552
22.22700,23.34652
22.22800,23.34752
22.22900,23.34852
22.23000,23.34952
22.23100,23.35052
22.23200,23.35152
22.23300,23.35252
22.23400,23.35352
22.23500,23.35452
22.23600,23.35552
22.23700,23.35652
22.23800,23.35752
22.23900,23.35852
22.24000,23.35952
22.24100,23.36052
22.24200,23.36152
22.24300,23.36252
22.24400,23.36352
22.24500,23.36452
22.24600,23.36552
22.24700,23.36652
22.24800,23.36752
22.24900,23.36852
22.25000,23.36952
22.25100,23.37052
22.25200,23.37152
22.25300,23.37252
22.25400,23.37352
22.25500,23.37452
22.25600,23.37552
22.25700,23.37652
22.25800,23.37752
22.25900,23.37852
22.26000,23.37952
22.26100,23.38052
22.26200,23.38152
22.26300,23.38252
22.26400,23.38352
22.26500,23.38452
22.26600,23.38552
22.26700,23.38652
22.26800,23.38752
22.26900,23.38852
22.27000,23.38952
22.27100,23.39052
22.27200,23.39152
22.27300,23.39252
22.27400,23.39352
22.27500,23.39452
22.27600,23.39552
22.27700,23.39652
22.27800,23.39752
22.27900,23.39852
22.28000,23.39952
22.28100,23.40052
22.28200,23.40152
22.28300,23.40252
22.28400,23.40352
22.28500,23.40452
22.28600,23.40552
22.28700,23.40652
22.28800,23.40752
22.28900,23.40852
22.29000,23.40952
22.29100,23.41052
22.29200,23.41152
22.29300,23.41252
22.29400,23.41352
22.29500,23.41452
22.29600,23.41552
22.29700,23.41652
22.29800,23.41752
22.29900,23.41852
22.30000,23.41952
22.30100,23.42052
22.30200,23.42152
22.30300,23.42252
22.30400,23.42352
22.30500,23.42452
22.30600,23.42552
22.30700,23.42652
22.30800,23.42752
22.30900,23.42852
22.31000,23.42952
22.31100,23.43052
22.31200,23.43152
22.31300,23.43252
22.31400,23.43352
22.31500,23.43452
22.31600,23.43552
22.31700,23.43652
22.31800,23.43752
22.31900,23.43852
22.32000,23.43952
22.32100,23.44052
22.32200,23.44152
22.32300,23.44252
22.32400,23.44352
22.32500,23.44452
22.32600,23.44552
22.32700,23.44652
22.32800,23.44752
22.32900,23.44852
22.33000,23.44952
22.33100,23.45052
22.33200,23.45152
22.33300,23.45252
22.33400,23.45352
22.33500,23.45452
22.33600,23.45552
22.33700,23.45652
22.33800,23.45752
22.33900,23.45852
22.34000,23.45952
22.34100,23.46052
22.34200,23.46152
22.34300,23.46252
22.34400,23.46352
22.34500,23.46452
22.34600,23.46552
22.34700,23.46652
22.34800,23.46752
22.34900,23.46852
22.35000,23.46952
22.35200,23.47052
22.35300,23.47152
22.35700,23.47252
22.35800,23.47352
22.35900,23.47452
22.36000,23.47552
22.36100,23.47652
22.36200,23.47752
22.36300,23.47852
22.36400,23.47952
22.36500,23.48052
22.36600,23.48152
22.36700,23.48252
22.36800,23.48352
22.36900,23.48452
22.37000,23.48552
22.37100,23.48652
22.37200,23.48752
22.37300,23.48852
22.37400,23.48952
22.37500,23.49052
22.37600,23.49152
22.37700,23.49252
22.37800,23.49352
22.37900,23.49452
22.38000,23.49552
22.38100,23.49652
22.38200,23.49752
22.38300,23.49852
22.38400,23.49952
22.38500,23.50052
22.38600,23.50152
22.38700,23.50252
22.38800,23.50352
22.38900,23.50452
22.39000,23.50552
22.39100,23.50652
22.39200,23.50752
22.39300,23.50852
22.39400,23.50952
22.39500,23.51052
22.39600,23.51152
22.39700,23.51252
22.39800,23.51352
22.39900,23.51452
22.40000,23.51552
22.40100,23.51652
22.40200,23.51752
22.40300,23.51852
22.40400,23.51952
22.40500,23.52052
22.40600,23.52152
22.40700,23.52252
22.40800,23.52352
22.40900,23.52452
22.41000,23.52552
22.41100,23.52652
22.41200,23.52752
22.41300,23.52852
22.41400,23.52952
22.41500,23.53052
22.41600,23.53152
22.41700,23.53252
22.41800,23.53352
22.41900,23.53452
22.42000,23.53552
22.42100,23.53652
22.42200,23.53752
22.42300,23.53852
22.42400,23.53952
22.42500,23.54052
22.42600,23.54152
22.42700,23.54252
22.42800,23.54352
22.42900,23.54452
22.43000,23.54552
22.43100,23.54652
22.43200,23.54752
22.43300,23.54852
22.43400,23.54952
22.43500,23.55052
22.43600,23.55152
22.43700,23.55252
22.43800,23.55352
22.43900,23.55452
22.44000,23.55552
22.44100,23.55652
22.44200,23.55752
22.44300,23.55852
22.44400,23.55952
22.44500,23.56052
22.44600,23.56152
22.44700,23.56252
22.44800,23.56352
22.44900,23.56452
22.45000,23.56552
22.45100,23.56652
22.45200,23.56752
22.45300,23.56852
22.45400,23.56952
22.45500,23.57052
22.45600,23.57152
22.45700,23.57352
22.45800,23.57452
22.45900,23.57552
22.46000,23.57652
22.46100,23.57752
22.46200,23.57852
22.46300,23.57952
22.46400,23.58052
22.46500,23.58152
22.46600,23.58252
22.46700,23.58352
22.46800,23.58452
22.46900,23.58552
22.47000,23.58652
22.47100,23.58752
22.47200,23.58852
22.47300,23.58952
22.47400,23.59052
22.47500,23.59152
22.47600,23.59252
22.47700,23.59352
22.47800,23.59452
22.47900,23.59552
22.48000,23.59652
22.48100,23.59752
22.48200,23.59852
22.48300,23.59952
22.48400,23.60052
22.48500,23.60152
22.48600,23.60252
22.48700,23.60352
22.48800,23.60452
22.48900,23.60552
22.49000,23.60652
22.49100,23.60752
22.49200,23.60852
22.49300,23.62652
22.49400,23.62752
22.49500,23.62852
22.49600,23.62952
22.49700,23.63052
22.49800,23.63152
22.49900,23.63252
22.50000,23.63352
22.50100,23.63452
22.50200,23.63552
22.50300,23.63652
22.50400,23.64152
22.50500,23.64252
22.50600,23.64352
22.50700,23.64652
22.50800,23.64752
22.50900,23.64852
22.51000,23.64952
22.51100,23.65052
22.51200,23.65152
22.51300,23.65252
22.51400,23.65552
22.51500,23.65652
22.51600,23.65752
22.51700,23.65852
22.51800,23.65952
22.51900,23.66052
22.52000,23.66152
22.52100,23.66252
22.52200,23.66352
22.52300,23.66452
22.52400,23.66552
22.52500,23.66652
22.52600,23.66752
22.52700,23.66852
22.52800,23.66952
22.52900,23.67052
22.53000,23.67152
22.53100,23.67252
22.53200,23.67352
22.53300,23.67452
22.53400,23.67552
22.53500,23.67652
22.53600,23.67752
22.53700,23.67852
22.53800,23.67952
22.53900,23.68052
22.54000,23.68152
22.54100,23.68252
22.54200,23.68352
22.54300,23.68452
22.54400,23.68552
22.54500,23.69152
22.54600,23.69252
22.54700,23.69352
22.54800,23.69452
22.54900,23.69552
22.55000,23.69652
22.55100,23.69752
22.55200,23.69852
22.55300,23.69952
22.55400,23.70052
22.55500,23.70152
22.55600,23.70252
22.55700,23.70352
22.55800,23.70452
22.55900,23.70552
22.56000,23.70652
22.56100,23.70752
22.56200,23.70852
22.56300,23.70952
22.56400,23.71052
22.56500,23.71152
22.56600,23.71252
22.56700,23.71352
22.56800,23.71452
22.56900,23.71552
22.57000,23.71652
22.57100,23.71752
22.57200,23.71852
22.57300,23.71952
22.57400,23.72052
22.57500,23.72152
22.57600,23.72252
22.57700,23.72352
22.57800,23.72452
22.57900,23.72552
22.58000,23.72652
22.58100,23.72752
22.58200,23.72852
22.58300,23.72952
22.58400,23.73052
22.58500,23.73152
22.58600,23.73852
22.58700,23.73952
22.58800,23.74052
22.58900,23.74152
22.59000,23.74252
22.59100,23.74352
22.59200,23.74452
22.59300,23.74552
22.59400,23.74652
22.59500,23.74752
22.59600,23.74852
22.59700,23.74952
22.59800,23.75052
22.59900,23.75152
22.60000,23.75252
22.60100,23.75752
22.60200,23.75852
22.60300,23.76052
22.60400,23.76152
22.60500,23.76252
22.60600,23.76352
22.60700,23.76452
22.60800,23.76552
22.60900,23.76652
22.61000,23.76752
22.61100,23.76852
22.61200,23.76952
22.61300,23.77052
22.61400,23.77152
22.61500,23.77252
22.61600,23.77352
22.61700,23.77452
22.61800,23.77552
22.61900,23.77652
22.62000,23.77752
22.62100,23.77852
22.62200,23.77952
22.62300,23.78052
22.62400,23.78152
22.62500,23.78252
22.62600,23.78352
22.62700,23.78452
22.62800,23.78552
22.62900,23.78652
22.63000,23.78752
22.63100,23.78852
22.63200,23.78952
22.63300,23.79052
22.63400,23.79152
22.63500,23.79252
22.63600,23.79352
22.63700,23.79452
22.63800,23.79552
22.63900,23.79652
22.64000,23.79752
22.64100,23.79852
22.64200,23.79952
22.64300,23.80052
22.64400,23.80152
22.64500,23.80252
22.64600,23.80352
22.64700,23.80452
22.64800,23.80552
22.64900,23.80652
22.65000,23.80752
22.65100,23.80852
22.65200,23.80952
22.65300,23.81052
22.65400,23.81152
22.65500,23.81252
22.65600,23.81352
22.65700,23.81452
22.65800,23.81552
22.65900,23.81652
22.66100,23.81752
22.66200,23.81852
22.66300,23.81952
22.66400,23.82052
22.66500,23.82152
22.66600,23.82252
22.66700,23.82352
22.66800,23.82452
22.66900,23.82552
22.67000,23.82652
22.67100,23.82752
22.67200,23.82852
22.67300,23.82952
22.67400,23.83052
22.67500,23.83152
22.67600,23.83252
22.67700,23.83352
22.67800,23.83452
22.67900,23.83552
22.68000,23.83652
22.68100,23.83752
22.68200,23.83852
22.68300,23.83952
22.68400,23.84052
22.68500,23.84152
22.68600,23.84252
22.68700,23.84352
22.68800,23.84452
22.68900,23.84552
22.69000,23.84652
22.69100,23.84752
22.69200,23.84852
22.69300,23.84952
22.69400,23.85052
22.69500,23.85152
22.69600,23.85252
22.69700,23.85352
22.69800,23.85452
22.69900,23.85552
22.70000,23.85652
22.70100,23.85752
22.70200,23.85852
22.70300,23.85952
22.70400,23.86052
22.70500,23.86152
22.70600,23.86252
22.70700,23.86352
22.70800,23.86452
22.70900,23.86552
22.71000,23.86652
22.71100,23.86752
22.71200,23.86852
22.71300,23.87052
22.71400,23.87252
22.71500,23.87352
22.71600,23.87452
22.71700,23.87552
22.71800,23.87652
22.71900,23.87752
22.72000,23.87852
22.72100,23.87952
22.72200,23.88052
22.72300,23.88152
22.72400,23.88252
22.72500,23.88352
22.72600,23.88452
22.72700,23.88552
22.72800,23.88652
22.72900,23.88752
22.73000,23.88852
22.73100,23.88952
22.73200,23.89052
22.73300,23.89152
22.73400,23.89252
22.73500,23.89352
22.73600,23.89452
22.73700,23.89552
22.73800,23.89652
22.73900,23.89752
22.74000,23.89852
22.74100,23.89952
22.74200,23.90052
22.74300,23.90152
22.74400,23.90252
22.74500,23.90352
22.74600,23.90452
22.74700,23.90552
22.74800,23.90652
22.74900,23.90752
22.75000,23.90852
22.75100,23.91052
22.75200,23.91152
22.75300,23.91352
22.75400,23.91452
22.75500,23.91552
22.75600,23.91652
22.75700,23.91752
22.75800,23.91852
22.75900,23.91952
22.76000,23.92052
22.76100,23.92152
22.76200,23.92252
22.76300,23.92352
22.76400,23.92452
22.76500,23.92552
22.76600,23.92652
22.76700,23.92752
22.76800,23.92852
22.76900,23.92952
22.77000,23.93052
22.77100,23.93152
22.77200,23.93252
22.77300,23.93352
22.77400,23.93452
22.77500,23.93552
22.77600,23.93652
22.77700,23.93752
22.77800,23.93852
22.77900,23.93952
22.78000,23.94052
22.78100,23.94152
22.78200,23.94252
22.78300,23.94352
22.78400,23.94452
22.78500,23.94552
22.78600,23.94652
22.78700,23.94752
22.78800,23.94852
22.78900,23.94952
22.79000,23.95052
22.79100,23.95152
22.79200,23.95252
22.79300,23.95352
22.79400,23.95452
22.79500,23.95552
22.79600,23.95652
22.79700,23.95752
22.79800,23.95852
22.79900,23.95952
22.80000,23.96052
22.80100,23.96152
22.80200,23.96252
22.80300,23.96352
22.80400,23.96452
22.80500,23.96552
22.80600,23.96652
22.80700,23.96752
22.80800,23.96852
22.80900,23.96952
22.81000,23.97052
22.81100,23.97152
22.81200,23.97252
22.81300,23.97352
22.81400,23.97452
22.81500,23.97552
22.81600,23.97652
22.81700,23.97752
22.81800,23.97852
22.81900,23.97952
22.82000,23.98052
22.82100,23.98152
22.82200,23.98252
22.82300,23.98352
22.82400,23.98452
22.82500,23.98552
22.82600,23.98652
22.82700,23.98752
22.82800,23.98852
22.82900,23.98952
22.83000,23.99052
22.83100,23.99152
22.83200,23.99252
22.83300,23.99352
22.83400,23.99452
22.83500,23.99552
22.83600,23.99652
22.83700,23.99752
22.83800,23.99852
22.83900,23.99952
22.84000,24.00052
22.84100,24.00152
22.84200,24.00252
22.84300,24.00352
22.84400,24.00452
22.84500,24.00552
22.84600,24.00652
22.84700,24.00752
22.84800,24.00852
22.84900,24.00952
22.85000,24.01052
22.85100,24.01152
22.85200,24.01252
22.85300,24.01352
22.85400,24.01452
22.85500,24.01552
22.85600,24.01652
22.85700,24.01752
22.85800,24.01852
22.85900,24.01952
22.86000,24.02052
22.86100,24.02152
22.86200,24.02252
22.86300,24.02352
22.86400,24.02452
22.86500,24.02552
22.86600,24.02652
22.86700,24.02752
22.86800,24.02852
22.86900,24.02952
22.87000,24.03052
22.87100,24.03152
22.87200,24.03252
22.87300,24.03352
22.87400,24.03452
22.87500,24.03552
22.87600,24.03652
22.87700,24.03752
22.87800,24.03852
22.87900,24.03952
22.88000,24.04052
22.88100,24.04352
22.88200,24.04452
22.88300,24.04552
22.88400,24.04652
22.88500,24.04752
22.88600,24.04852
22.88700,24.04952
22.88800,24.05052
22.88900,24.05152
22.89000,24.05252
22.89100,24.05352
22.89200,24.05452
22.89300,24.05552
22.89400,24.05652
22.89500,24.05752
22.89600,24.05852
22.89700,24.05952
22.89800,24.06052
22.89900,24.06152
22.90000,24.06252
22.90100,24.06352
22.90200,24.06452
22.90300,24.06552
22.90400,24.06652
22.90500,24.06752
22.90600,24.06852
22.90700,24.06952
22.90800,24.07052
22.90900,24.07152
22.91000,24.07252
22.91100,24.07352
22.91200,24.07452
22.91300,24.07552
22.91400,24.07652
22.91500,24.07752
22.91600,24.07852
22.91700,24.07952
22.91800,24.08052
22.91900,24.08152
22.92000,24.08252
22.92100,24.08352
22.92200,24.08452
22.92300,24.08552
22.92400,24.08652
22.92500,24.08752
22.92600,24.08852
22.92700,24.08952
22.92800,24.09052
22.92900,24.09152
22.93000,24.09252
22.93100,24.09352
22.93200,24.09452
22.93300,24.09552
22.93400,24.09652
22.93500,24.09752
22.93600,24.09852
22.93700,24.09952
22.93800,24.10052
22.93900,24.10152
22.94000,24.10252
22.94100,24.10352
22.94200,24.10452
22.94300,24.10552
22.94400,24.10652
22.94500,24.10752
22.94600,24.10852
22.94700,24.10952
22.94800,24.11052
22.94900,24.11152
22.95000,24.11252
22.95100,24.11352
22.95200,24.11452
22.95300,24.11552
22.95400,24.11652
22.95500,24.11752
22.95600,24.11852
22.95700,24.11952
22.95800,24.12052
22.95900,24.12152
22.96000,24.12252
22.96100,24.12352
22.96200,24.12452
22.96300,24.12552
22.96400,24.12652
22.96500,24.12752
22.96600,24.12852
22.96700,24.12952
22.96800,24.13052
22.96900,24.13152
22.97000,24.13252
22.97100,24.13352
22.97200,24.13452
22.97300,24.13552
22.97400,24.13652
22.97500,24.13752
22.97600,24.13852
22.97700,24.13952
22.97800,24.14052
22.97900,24.14152
22.98000,24.14252
22.98100,24.14352
22.98200,24.14452
22.98300,24.14552
22.98400,24.14652
22.98500,24.14752
22.98600,24.14852
22.98700,24.14952
22.98800,24.15052
22.98900,24.15152
22.99000,24.15252
22.99100,24.15352
22.99200,24.15452
22.99300,24.15552
22.99400,24.15652
22.99500,24.15752
22.99600,24.15852
22.99700,24.15952
22.99800,24.16052
22.99900,24.16152
23.00000,24.16252
23.00100,24.16352
23.00200,24.17052
23.00300,24.17152
23.00400,24.17252
23.00500,24.17352
23.00600,24.17452
23.00700,24.17552
23.00800,24.17652
23.00900,24.17752
23.01000,24.17852
23.01100,24.17952
23.01200,24.18052
23.01300,24.18152
23.01400,24.18252
23.01500,24.18352
23.01600,24.18452
23.01700,24.18552
23.01800,24.18652
23.01900,24.18752
23.02000,24.18852
23.02100,24.18952
23.02200,24.19052
23.02300,24.19152
23.02400,24.19252
23.02500,24.19352
23.02600,24.19452
23.02700,24.19552
23.02800,24.19652
23.02900,24.19752
23.03000,24.19852
23.03100,24.19952
23.03200,24.20052
23.03300,24.20152
23.03400,24.20252
23.03500,24.20352
23.03600,24.20552
23.03700,24.20652
23.03800,24.20752
23.03900,24.20852
23.04000,24.20952
23.04100,24.21052
23.04200,24.21152
23.04300,24.21252
23.04400,24.21352
23.04500,24.21452
23.04600,24.21552
23.04700,24.21652
23.04800,24.21752
23.04900,24.21852
23.05000,24.21952
23.05100,24.22052
23.05200,24.22152
23.05300,24.22252
23.05400,24.22352
23.05500,24.22452
23.05600,24.22552
23.05700,24.22652
23.05800,24.22752
23.05900,24.22852
23.06000,24.22952
23.06100,24.23052
23.06200,24.23152
23.06300,24.23252
23.06400,24.23352
23.06500,24.23452
23.06600,24.23552
23.06700,24.23652
23.06800,24.23752
23.06900,24.23852
23.07000,24.23952
23.07100,24.24052
23.07200,24.24152
23.07300,24.24252
23.07400,24.24352
23.07500,24.24452
23.07600,24.24552
23.07700,24.24652
23.07800,24.24752
23.07900,24.24852
23.08000,24.24952
23.08100,24.25052
23.08200,24.25152
23.08300,24.25252
23.08400,24.25352
23.08500,24.25452
23.08600,24.25552
23.08700,24.25652
23.08800,24.25752
23.08900,24.25852
23.09000,24.25952
23.09100,24.26052
23.09200,24.26152
23.09300,24.26252
23.09400,24.26352
23.09500,24.26452
23.09600,24.26552
23.09700,24.26652
23.09800,24.26752
23.09900,24.26852
23.10000,24.26952
23.10100,24.27052
23.10200,24.27152
23.10300,24.27252
23.10400,24.27352
23.10500,24.27452
23.10600,24.27852
23.10700,24.27952
23.10800,24.28052
23.10900,24.28152
23.11000,24.28252
23.11100,24.28352
23.11200,24.28552
23.11300,24.29452
23.11400,24.29552
23.11500,24.29652
23.11600,24.29752
23.11700,24.29852
23.11800,24.29952
23.11900,24.30052
23.12000,24.30152
23.12100,24.30252
23.12200,24.30352
23.12300,24.30452
23.12400,24.30552
23.12500,24.30652
23.12600,24.30752
23.12700,24.30852
23.12800,24.30952
23.12900,24.31052
23.13000,24.31152
23.13100,24.31252
23.13200,24.31352
23.13300,24.31452
23.13400,24.31552
23.13500,24.31652
23.13600,24.31752
23.13700,24.31852
23.13800,24.31952
23.13900,24.32052
23.14000,24.32152
23.14100,24.32252
23.14200,24.32352
23.14300,24.32452
23.14400,24.32552
23.14500,24.32652
23.14600,24.32752
23.14700,24.32852
23.14800,24.32952
23.14900,24.33052
23.15000,24.33152
23.15100,24.33252
23.15200,24.33352
23.15300,24.33452
23.15400,24.33552
23.15500,24.33652
23.15600,24.33752
23.15700,24.33852
23.15800,24.33952
23.15900,24.34052
23.16000,24.34152
23.16100,24.34252
23.16200,24.34352
23.16300,24.34452
23.16400,24.34552
23.16500,24.34652
23.16600,24.34752
23.16700,24.34852
23.16800,24.34952
23.16900,24.35052
23.17000,24.35152
23.17100,24.35252
23.17200,24.35352
23.17300,24.35452
23.17400,24.35552
23.17500,24.35652
23.17600,24.35752
23.17700,24.35852
23.17800,24.35952
23.17900,24.36052
23.18000,24.36152
23.18100,24.36252
23.18200,24.36352
23.18300,24.36452
23.18400,24.36552
23.18500,24.36652
23.18600,24.36752
23.18700,24.36852
23.18800,24.36952
23.18900,24.37052
23.19000,24.37152
23.19100,24.37252
23.19200,24.37352
23.19300,24.37452
23.19400,24.37552
23.19500,24.37652
23.19600,24.37752
23.19700,24.37852
23.19800,24.37952
23.19900,24.38052
23.20000,24.38152
23.20100,24.38252
23.20200,24.38352
23.20300,24.38452
23.20400,24.38552
23.20500,24.38652
23.20600,24.38752
23.20700,24.38852
23.20800,24.38952
23.20900,24.39052
23.21000,24.39152
23.21100,24.39252
23.21200,24.39352
23.21300,24.39452
23.21400,24.39552
23.21500,24.39652
23.21600,24.39752
23.21700,24.39852
23.21800,24.39952
23.21900,24.40052
23.22000,24.40152
23.22100,24.40252
23.22200,24.40352
23.22300,24.40452
23.22400,24.40552
23.22500,24.40652
23.22600,24.40752
23.22700,24.40852
23.22800,24.40952
23.22900,24.41052
23.23000,24.41152
23.23100,24.41252
23.23200,24.41352
23.23300,24.41452
23.23400,24.41552
23.23500,24.41652
23.23600,24.41752
23.23700,24.41852
23.23800,24.41952
23.23900,24.42052
23.24000,24.42152
23.24100,24.42252
23.24200,24.42352
23.24300,24.42452
23.24400,24.42552
23.24500,24.42652
23.24600,24.42752
23.24700,24.42852
23.24800,24.42952
23.24900,24.43052
23.25000,24.43152
23.25100,24.43252
23.25200,24.43352
23.25300,24.43452
23.25400,24.43552
23.25500,24.43652
23.25600,24.43752
23.25700,24.43852
23.25800,24.43952
23.25900,24.44052
23.26000,24.44152
23.26100,24.44252
23.26200,24.44352
23.26300,24.44452
23.26400,24.44552
23.26500,24.44652
23.26600,24.44752
23.26700,24.44852
23.26800,24.44952
23.26900,24.45052
23.27000,24.45152
23.27100,24.45252
23.27200,24.45352
23.27300,24.45452
23.27400,24.45552
23.27500,24.45652
23.27600,24.45752
23.27700,24.46752
23.27800,24.46852
23.27900,24.46952
23.28000,24.47052
23.28100,24.47152
23.28200,24.47252
23.28300,24.47352
23.28400,24.47452
23.28500,24.47552
23.28600,24.47652
23.28700,24.47752
23.28800,24.47852
23.28900,24.47952
23.29000,24.48052
23.29100,24.48152
23.29200,24.48252
23.29300,24.48352
23.29400,24.48452
23.29500,24.48552
23.29600,24.48652
23.29700,24.48752
23.29800,24.48852
23.29900,24.48952
23.30000,24.49052
23.30100,24.49152
23.30200,24.49252
23.30300,24.49352
23.30400,24.49452
23.30500,24.49552
23.30600,24.49652
23.30700,24.49752
23.30800,24.49852
23.30900,24.49952
23.31000,24.50052
23.31100,24.50152
23.31200,24.50252
23.31300,24.50352
23.31400,24.50452
23.31500,24.50552
23.31600,24.50652
23.31700,24.50752
23.31800,24.50852
23.31900,24.50952
23.32000,24.51052
23.32100,24.51152
23.32200,24.51252
23.32300,24.51352
23.32400,24.51452
23.32500,24.51552
23.32600,24.51652
23.32700,24.51752
23.32800,24.51852
23.32900,24.51952
23.33000,24.52052
23.33100,24.52152
23.33200,24.52252
23.33300,24.52352
23.33400,24.52452
23.33500,24.52552
23.33600,24.52652
23.33700,24.52752
23.33800,24.52852
23.33900,24.52952
23.34000,24.53052
23.34100,24.53152
23.34200,24.53252
23.34300,24.53352
23.34400,24.53452
23.34500,24.53552
23.34600,24.53652
23.34700,24.53752
23.34800,24.53852
23.34900,24.53952
23.35000,24.54052
23.35100,24.54152
23.35200,24.54252
23.35300,24.54352
23.35400,24.54452
23.35500,24.54552
23.35600,24.54652
23.35700,24.54752
23.35800,24.54852
23.35900,24.54952
23.36000,24.55052
23.36100,24.55152
23.36200,24.55252
23.36300,24.55352
23.36400,24.55452
23.36500,24.55552
23.36600,24.55652
23.36700,24.55752
23.36800,24.55852
23.36900,24.55952
23.37000,24.56052
23.37100,24.56152
23.37200,24.56252
23.37300,24.56352
23.37400,24.56452
23.37500,24.56552
23.37600,24.56652
23.37700,24.56752
23.37800,24.56852
23.37900,24.56952
23.38000,24.57052
23.38100,24.57152
23.38200,24.57252
23.38300,24.57352
23.38400,24.57652
23.38500,24.57752
23.38600,24.57852
23.38700,24.57952
23.38800,24.58052
23.38900,24.58152
23.39000,24.58252
23.39100,24.58352
23.39200,24.58452
23.39300,24.58552
23.39400,24.59752
23.39500,24.59852
23.39600,24.59952
23.39700,24.60052
23.39800,24.60152
23.39900,24.60252
23.40000,24.60352
23.40100,24.60452
23.40200,24.60552
23.40300,24.60652
23.40400,24.60752
23.40500,24.60852
23.40600,24.60952
23.40700,24.61052
23.40800,24.61152
23.40900,24.61252
23.41000,24.61352
23.41100,24.61452
23.41200,24.61552
23.41300,24.61652
23.41400,24.61752
23.41500,24.61852
23.41600,24.61952
23.41700,24.62052
23.41800,24.62152
23.41900,24.62252
23.42000,24.62352
23.42100,24.62452
23.42200,24.62552
23.42300,24.62652
23.42400,24.62752
23.42500,24.62852
23.42600,24.62952
23.42700,24.63052
23.42800,24.63152
23.42900,24.63252
23.43000,24.63352
23.43100,24.63452
23.43200,24.63552
23.43300,24.63652
23.43400,24.63752
23.43500,24.63852
23.43600,24.63952
23.43700,24.64052
23.43800,24.64152
23.43900,24.64252
23.44000,24.64352
23.44100,24.64452
23.44200,24.64552
23.44300,24.64652
23.44400,24.64752
23.44500,24.64852
23.44600,24.64952
23.44700,24.65052
23.44800,24.65152
23.44900,24.65252
23.45000,24.65352
23.45100,24.65452
23.45200,24.65552
23.45300,24.65652
23.45400,24.65752
23.45500,24.65852
23.45600,24.65952
23.45700,24.66052
23.45800,24.66152
23.45900,24.66252
23.46000,24.66352
23.46100,24.66452
23.46200,24.66552
23.46300,24.66652
23.46400,24.66752
23.46500,24.66852
23.46600,24.66952
23.46700,24.67052
23.46800,24.67152
23.46900,24.67252
23.47000,24.67352
23.47100,24.67452
23.47200,24.67552
23.47300,24.67652
23.47400,24.67752
23.47500,24.67852
23.47600,24.67952
23.47700,24.68052
23.47800,24.68152
23.47900,24.68252
23.48000,24.68352
23.48100,24.68452
23.48200,24.68552
23.48300,24.68652
23.48400,24.68752
23.48500,24.68852
23.48600,24.68952
23.48700,24.69052
23.48800,24.69152
23.48900,24.69252
23.49000,24.69352
23.49100,24.69452
23.49200,24.69552
23.49300,24.69652
23.49400,24.69752
23.49500,24.69852
23.49600,24.69952
23.49700,24.70052
23.49800,24.70152
23.49900,24.70252
23.50000,24.70352
23.50100,24.70452
23.50200,24.70552
23.50300,24.70652
23.50400,24.70752
23.50600,24.70852
23.50700,24.70952
23.50800,24.71052
23.50900,24.71152
23.51000,24.71252
23.51100,24.71352
23.51200,24.71452
23.51300,24.71552
23.51400,24.71652
23.51500,24.71752
23.51600,24.71852
23.51700,24.71952
23.51800,24.72052
23.51900,24.72152
23.52000,24.72252
23.52100,24.72352
23.52200,24.72452
23.52400,24.72552
23.52500,24.72652
23.52800,24.72752
23.52900,24.72852
23.53000,24.72952
23.53100,24.73052
23.53200,24.73152
23.53400,24.73252
23.53500,24.73352
23.53600,24.73452
23.53700,24.73552
23.53800,24.73652
23.53900,24.73752
23.54000,24.73852
23.54100,24.73952
23.54200,24.74052
23.54300,24.74152
23.54400,24.74252
23.54500,24.74352
23.54600,24.74452
23.54700,24.74552
23.54800,24.74652
23.54900,24.74752
23.55000,24.74852
23.55100,24.74952
23.55200,24.75052
23.55300,24.75152
23.55400,24.75252
23.55500,24.75352
23.55600,24.75452
23.55700,24.75552
23.55800,24.75652
23.55900,24.75752
23.56000,24.75852
23.56100,24.75952
23.56200,24.76052
23.56300,24.76152
23.56900,24.76252
23.57000,24.76352
23.57100,24.76452
23.57200,24.76552
23.57300,24.76652
23.57400,24.76752
23.57500,24.76852
23.57600,24.76952
23.57700,24.77052
23.57800,24.77152
23.57900,24.77252
23.58000,24.77352
23.58100,24.77452
23.58200,24.77552
23.58300,24.77652
23.58400,24.77752
23.58500,24.77852
23.58600,24.77952
23.58700,24.78052
23.58800,24.78152
23.58900,24.78252
23.59000,24.78352
23.59100,24.78452
23.59200,24.78552
23.59300,24.78652
23.59400,24.78752
23.59500,24.78852
23.59600,24.78952
23.59700,24.79052
23.59800,24.79152
23.59900,24.79252
23.60000,24.79352
23.60100,24.79452
23.60200,24.79552
23.60300,24.79652
23.60400,24.79752
23.60500,24.79852
23.60600,24.79952
23.60700,24.80052
23.60800,24.80152
23.60900,24.80252
23.61000,24.80352
23.61100,24.80452
23.61200,24.80552
23.61300,24.80652
23.61400,24.80752
23.61500,24.80852
23.61600,24.80952
23.61700,24.81052
23.61800,24.81152
23.61900,24.81252
23.62100,24.81352
23.62200,24.81452
23.62300,24.81552
23.62400,24.81652
23.62500,24.81752
23.62600,24.81852
23.62700,24.81952
23.62800,24.82052
23.62900,24.82152
23.63000,24.82252
23.63100,24.82352
23.63200,24.82452
23.63300,24.82552
23.63400,24.82652
23.63500,24.82752
23.63600,24.82852
23.63700,24.82952
23.63800,24.83052
23.63900,24.83152
23.64000,24.83252
23.64100,24.83352
23.64200,24.83452
23.64300,24.83552
23.64400,24.83652
23.64500,24.83752
23.64600,24.83852
23.64700,24.83952
23.64800,24.84052
23.64900,24.84152
23.65000,24.84252
23.65100,24.84352
23.65200,24.84452
23.65300,24.84552
23.65400,24.84652
23.65500,24.84752
23.65600,24.84852
23.65700,24.84952
23.65800,24.85052
23.65900,24.85152
23.66000,24.85252
23.66100,24.85352
23.66200,24.85452
23.66300,24.85552
23.66400,24.85652
23.66500,24.85752
23.66600,24.85852
23.66700,24.85952
23.66800,24.86052
23.66900,24.86152
23.67000,24.86252
23.67100,24.86352
23.67200,24.86452
23.67300,24.86552
23.67400,24.86652
23.67500,24.86752
23.67600,24.86852
23.67700,24.86952
23.67800,24.87052
23.67900,24.87152
23.68000,24.87252
23.68100,24.87352
23.68200,24.87452
23.68300,24.87552
23.68400,24.87652
23.68500,24.87752
23.68600,24.87852
23.68700,24.87952
23.68800,24.88052
23.68900,24.88152
23.69000,24.88252
23.69100,24.88352
23.69200,24.88452
23.69300,24.88552
23.69400,24.88652
23.69500,24.88752
23.69600,24.88852
23.69700,24.88952
23.69800,24.89052
23.69900,24.89152
23.70000,24.89252
23.70100,24.89352
23.70200,24.89452
23.70300,24.89552
23.70400,24.89652
23.70500,24.89752
23.70600,24.89852
23.70700,24.89952
23.70800,24.90052
23.70900,24.90152
23.71000,24.90252
23.71100,24.90352
23.71200,24.90452
23.71300,24.90552
23.71400,24.90652
23.71500,24.90752
23.71600,24.90852
23.71700,24.90952
23.71800,24.91052
23.71900,24.91152
23.72000,24.91252
23.72100,24.91352
23.72200,24.91452
23.72300,24.91552
23.72400,24.91652
23.72500,24.91752
23.72600,24.91852
23.72700,24.91952
23.72800,24.92052
23.72900,24.92152
23.73000,24.92252
23.73100,24.92352
23.73200,24.92452
23.73300,24.92552
23.73400,24.92652
23.73500,24.92752
23.73600,24.92852
23.73700,24.92952
23.73800,24.93052
23.73900,24.93152
23.74000,24.93252
23.74100,24.93352
23.74200,24.93452
23.74300,24.93552
23.74400,24.94052
23.74500,24.94152
23.74600,24.94252
23.74700,24.94352
23.74800,24.94452
23.74900,24.94552
23.75000,24.94652
23.75100,24.94752
23.75200,24.94852
23.75300,24.94952
23.75400,24.95052
23.75500,24.95152
23.75600,24.95252
23.75700,24.95352
23.75800,24.95452
23.75900,24.95552
23.76000,24.95652
23.76100,24.95752
23.76200,24.95852
23.76300,24.95952
23.76400,24.96052
23.76500,24.96152
23.76600,24.96252
23.76700,24.96352
23.76800,24.96452
23.76900,24.96552
23.77000,24.96652
23.77100,24.96752
23.77200,24.96852
23.77300,24.96952
23.77400,24.97052
23.77500,24.97152
23.77600,24.97252
23.77700,24.97352
23.77800,24.97452
23.77900,24.97552
23.78000,24.97652
23.78100,24.97752
23.78200,24.97852
23.78300,24.97952
23.78400,24.98052
23.78500,24.98152
23.78600,24.98252
23.78700,24.98352
23.78800,24.98452
23.78900,24.98552
23.79000,24.98652
23.79100,24.98752
23.79200,24.98852
23.79300,24.98952
23.79400,24.99052
23.79500,24.99152
23.79600,24.99252
23.79700,24.99352
23.79800,24.99452
23.79900,24.99552
23.80000,24.99652
23.80100,24.99752
23.80200,24.99852
23.80300,24.99952
23.80400,25.00052
23.80500,25.00152
23.80600,25.00252
23.80700,25.00352
23.80800,25.00452
23.80900,25.00552
23.81000,25.00652
23.81100,25.00752
23.81200,25.00852
23.81300,25.00952
23.81400,25.01052
23.81500,25.01152
23.81600,25.01252
23.81700,25.01352
23.81800,25.01452
23.81900,25.01552
23.82000,25.01652
23.82100,25.01752
23.82200,25.01852
23.83800,25.01952
23.83900,25.02052
23.84000,25.02152
23.84300,25.02252
23.84500,25.02352
23.84600,25.02452
23.84700,25.02552
23.84800,25.02652
23.84900,25.02752
23.85000,25.02852
23.85100,25.02952
23.85200,25.03052
23.85300,25.03152
23.85400,25.03252
23.85500,25.03352
23.85600,25.03452
23.85700,25.03552
23.85800,25.03652
23.85900,25.03752
23.86000,25.03852
23.86100,25.03952
23.86200,25.04052
23.86300,25.04152
23.86400,25.04252
23.86500,25.04352
23.86600,25.04452
23.86700,25.04552
23.86800,25.04652
23.86900,25.04752
23.87000,25.04852
23.87100,25.04952
23.87200,25.05052
23.87300,25.05152
23.87400,25.05252
23.87500,25.05352
23.87600,25.05452
23.87700,25.05552
23.87800,25.05652
23.87900,25.05752
23.88000,25.05852
23.88100,25.05952
23.88200,25.06052
23.88300,25.06152
23.88400,25.06252
23.88500,25.06352
23.88600,25.06452
23.88700,25.06552
23.88800,25.06652
23.88900,25.06752
23.89000,25.06852
23.89100,25.06952
23.89200,25.07052
23.89300,25.07152
23.89400,25.07252
23.89500,25.07352
23.89600,25.07452
23.89700,25.07552
23.89800,25.07652
23.89900,25.07752
23.90000,25.07852
23.90100,25.07952
23.90200,25.08052
23.90300,25.08152
23.90400,25.08252
23.90500,25.08352
23.90600,25.08452
23.90700,25.08552
23.90800,25.08652
23.90900,25.08752
23.91000,25.08852
23.91100,25.08952
23.91200,25.09052
23.91300,25.09152
23.91400,25.09252
23.91500,25.09352
23.91600,25.09452
23.91700,25.09552
23.91800,25.09652
23.91900,25.09852
23.92000,25.09952
23.92100,25.10052
23.92200,25.10152
23.92300,25.10252
23.92400,25.10352
23.92500,25.10452
23.92600,25.10552
23.92700,25.10652
23.92800,25.10752
23.92900,25.10852
23.93000,25.10952
23.93100,25.11052
23.93200,25.11152
23.93300,25.11252
23.93400,25.11352
23.93500,25.11452
23.93600,25.11552
23.93700,25.11652
23.93800,25.11752
23.93900,25.11852
23.94000,25.11952
23.94100,25.12052
23.94200,25.12152
23.94300,25.12252
23.94400,25.12352
23.94500,25.12452
23.94600,25.12552
23.94700,25.12652
23.94800,25.12752
23.94900,25.12852
23.95000,25.12952
23.95100,25.13052
23.95200,25.13152
23.95300,25.13252
23.95400,25.13352
23.95500,25.13452
23.95600,25.13552
23.95700,25.13652
23.95800,25.13752
23.95900,25.13852
23.96000,25.13952
23.96100,25.14052
23.96200,25.14152
23.96300,25.14252
23.96400,25.14352
23.96500,25.14452
23.96600,25.14552
23.96700,25.14652
23.96800,25.14752
23.96900,25.14852
23.97000,25.14952
23.97100,25.15052
23.97200,25.15152
23.97300,25.15252
23.97400,25.15352
23.97500,25.15452
23.97600,25.15552
23.97700,25.15652
23.97800,25.15752
23.97900,25.15852
23.98000,25.15952
23.98100,25.16052
23.98200,25.16152
23.98300,25.16252
23.98400,25.16352
23.98500,25.16452
23.98600,25.16552
23.98700,25.16652
23.98800,25.16752
23.98900,25.16852
23.99000,25.16952
23.99100,25.17052
23.99200,25.17152
23.99300,25.17252
23.99400,25.17352
23.99500,25.17452
23.99600,25.17552
23.99700,25.17652
23.99800,25.17752
23.99900,25.17852
24.00000,25.17952
24.00100,25.18052
24.00200,25.18152
24.00300,25.18252
24.00400,25.18352
24.00500,25.18452
24.00600,25.18552
24.00700,25.18652
24.00800,25.18752
24.00900,25.18852
24.01000,25.18952
24.01100,25.19052
24.01200,25.19152
24.01300,25.19252
24.01400,25.19352
24.01500,25.19452
24.01600,25.19552
24.01700,25.19652
24.01800,25.19752
24.01900,25.19852
24.02000,25.19952
24.02100,25.20052
24.02200,25.20152
24.02300,25.20252
24.02400,25.20352
24.02500,25.20452
24.02600,25.20552
24.02700,25.20652
24.02800,25.20752
24.02900,25.20852
24.03000,25.20952
24.03100,25.21052
24.03200,25.21152
24.03300,25.21252
24.03400,25.21352
24.03500,25.21452
24.03600,25.21552
24.03700,25.21652
24.03800,25.21752
24.03900,25.21852
24.04000,25.21952
24.04100,25.22052
24.04200,25.22152
24.04300,25.22252
24.04400,25.22352
24.04500,25.22452
24.04600,25.22552
24.04700,25.22652
24.04800,25.22752
24.04900,25.22852
24.05000,25.22952
24.05100,25.23052
24.05200,25.23152
24.05300,25.23252
24.05400,25.23352
24.05500,25.23452
24.05600,25.23552
24.05700,25.23652
24.05800,25.23752
24.05900,25.23852
24.06000,25.23952
24.06100,25.24052
24.06200,25.24152
24.06300,25.24252
24.06400,25.24352
24.06500,25.24452
24.06600,25.24552
24.06700,25.24652
24.06800,25.24752
24.06900,25.24852
24.07000,25.24952
24.07100,25.25052
24.07200,25.25152
24.07300,25.25252
24.07400,25.25352
24.07500,25.25452
24.07600,25.25552
24.07700,25.25652
24.07800,25.25752
24.07900,25.25852
24.08000,25.25952
24.08100,25.26052
24.08200,25.26152
24.08300,25.26252
24.08400,25.26352
24.08500,25.26452
24.08600,25.26552
24.08700,25.26652
24.08800,25.26752
24.08900,25.26852
24.09000,25.26952
24.09100,25.27052
24.09200,25.27152
24.09300,25.27252
24.09400,25.27352
24.09500,25.27452
24.09600,25.27552
24.09700,25.27652
24.09800,25.27752
24.09900,25.27852
24.10000,25.27952
24.10100,25.28052
24.10200,25.28152
24.10300,25.28252
24.10400,25.28352
24.10500,25.28452
24.10600,25.28552
24.10700,25.28652
24.10800,25.28752
24.10900,25.28852
24.11000,25.28952
24.11100,25.29052
24.11200,25.29152
24.11300,25.29252
24.11400,25.29352
24.11500,25.29452
24.11600,25.29552
24.11700,25.29652
24.11800,25.29752
24.11900,25.29852
24.12000,25.29952
24.12100,25.30052
24.12200,25.30152
24.12300,25.30252
24.12400,25.30352
24.12500,25.30452
24.13600,25.30552
24.13700,25.30652
24.13800,25.30752
24.14100,25.30852
24.14400,25.30952
24.14500,25.31052
24.14600,25.31152
24.14700,25.31252
24.14800,25.31352
24.14900,25.31452
24.15000,25.31552
24.15100,25.31652
24.15200,25.31752
24.15300,25.31852
24.15400,25.31952
24.15500,25.32052
24.15600,25.32152
24.15700,25.32252
24.15800,25.32352
24.15900,25.32452
24.16000,25.32552
24.16100,25.32652
24.16200,25.32752
24.16300,25.32852
24.16400,25.32952
24.16500,25.33052
24.16600,25.33152
24.16700,25.33252
24.16800,25.33352
24.16900,25.33452
24.17000,25.33552
24.17100,25.33652
24.17200,25.33752
24.17300,25.33852
24.17400,25.33952
24.17500,25.34052
24.17600,25.34152
24.17700,25.34252
24.17800,25.34352
24.17900,25.34452
24.18000,25.34552
24.18100,25.34652
24.18200,25.34752
24.18300,25.34852
24.18400,25.34952
24.18500,25.35052
24.18600,25.35152
24.18700,25.35252
24.18800,25.35352
24.18900,25.35452
24.19000,25.35552
24.19100,25.35652
24.19200,25.35752
24.19300,25.35852
24.19400,25.35952
24.19500,25.36052
24.19600,25.36152
24.19700,25.36252
24.19800,25.36352
24.19900,25.36452
24.20000,25.36552
24.20100,25.36652
24.20200,25.36752
24.20300,25.36852
24.20400,25.36952
24.20500,25.37052
24.20600,25.37152
24.20700,25.37252
24.20800,25.37352
24.20900,25.37452
24.21000,25.37552
24.21100,25.37652
24.21200,25.37752
24.21300,25.37852
24.21400,25.37952
24.21500,25.38052
24.21600,25.38152
24.21700,25.38252
24.21800,25.38352
24.21900,25.38452
24.22000,25.38552
24.22100,25.38652
24.22200,25.38752
24.22300,25.38852
24.22400,25.38952
24.22500,25.39052
24.22600,25.39152
24.22700,25.39252
24.22800,25.39352
24.22900,25.39452
24.23000,25.39552
24.23100,25.39652
24.23200,25.39752
24.23300,25.39852
24.23400,25.39952
24.23500,25.40052
24.23600,25.40152
24.23700,25.40252
24.23800,25.40352
24.23900,25.40452
24.24000,25.40552
24.24100,25.40652
24.24200,25.40752
24.24300,25.40852
24.24400,25.40952
24.24500,25.41052
24.24600,25.41152
24.24700,25.41252
24.24800,25.41352
24.24900,25.41452
24.25000,25.41552
24.25100,25.41652
24.25200,25.41752
24.25300,25.41852
24.25400,25.41952
24.25500,25.42052
24.25600,25.42152
24.25700,25.42252
24.25800,25.42352
24.25900,25.42452
24.26000,25.42552
24.26100,25.42652
24.26200,25.42752
24.26300,25.42852
24.26400,25.42952
24.26500,25.43052
24.26600,25.43152
24.26700,25.43252
24.26800,25.43352
24.26900,25.43452
24.27000,25.43552
24.27100,25.43652
24.27200,25.43752
24.27300,25.43852
24.27400,25.43952
24.27500,25.44052
24.27600,25.44152
24.27700,25.44252
24.27800,25.44352
24.27900,25.44452
24.28000,25.44552
24.28100,25.44652
24.28200,25.44752
24.28300,25.44852
24.28400,25.44952
24.28500,25.45052
24.28600,25.45152
24.28700,25.45252
24.28800,25.45352
24.28900,25.45452
24.29000,25.45552
24.29100,25.45652
24.29200,25.45752
24.29300,25.45852
24.29400,25.45952
24.29500,25.46052
24.29600,25.46152
24.29700,25.46252
24.29800,25.46352
24.29900,25.46452
24.30000,25.46552
24.30100,25.46652
24.30200,25.46752
24.30300,25.46852
24.30400,25.46952
24.30500,25.47052
24.30600,25.47152
24.30700,25.47252
24.30800,25.47352
24.30900,25.47452
24.31000,25.47552
24.31100,25.47652
24.31200,25.47752
24.31300,25.47852
24.31400,25.47952
24.31500,25.48052
24.31600,25.48152
24.31700,25.48252
24.31800,25.48352
24.31900,25.48452
24.32000,25.48552
24.32100,25.48652
24.32200,25.48752
24.32300,25.48852
24.32400,25.48952
24.32500,25.49052
24.32600,25.49152
24.32700,25.49252
24.32800,25.49352
24.32900,25.49452
24.33000,25.49552
24.33100,25.49652
24.33200,25.49752
24.33300,25.49852
24.33400,25.49952
24.33500,25.50052
24.33600,25.50152
24.33900,25.50252
24.34000,25.50352
24.34100,25.50452
24.34200,25.50552
24.34300,25.50652
24.34400,25.50752
24.34500,25.50852
24.34600,25.50952
24.34700,25.51052
24.34800,25.51152
24.34900,25.51252
24.35000,25.51352
24.35100,25.51452
24.35200,25.51552
24.35300,25.51652
24.35400,25.51752
24.35500,25.51852
24.35600,25.51952
24.35700,25.52052
24.35800,25.52152
24.35900,25.52252
24.36000,25.52352
24.36100,25.52452
24.36200,25.52552
24.36300,25.52652
24.36400,25.52752
24.36500,25.52852
24.36600,25.52952
24.36700,25.53052
24.36800,25.53152
24.36900,25.53252
24.37000,25.53352
24.37100,25.53452
24.37200,25.53552
24.37300,25.53652
24.37400,25.53752
24.37500,25.53852
24.37600,25.53952
24.37700,25.54052
24.37800,25.54152
24.37900,25.54252
24.38000,25.54352
24.38100,25.54452
24.38200,25.54552
24.38300,25.54652
24.38400,25.54752
24.38500,25.54852
24.38600,25.54952
24.38700,25.55052
24.38800,25.55152
24.38900,25.55252
24.39000,25.55352
24.39400,25.55452
24.39500,25.55552
24.39600,25.55652
24.39700,25.55752
24.39800,25.55852
24.39900,25.55952
24.40000,25.56052
24.40100,25.56152
24.40200,25.56252
24.40300,25.56352
24.40400,25.56452
24.40500,25.56552
24.40600,25.56652
24.40700,25.56752
24.40800,25.56852
24.40900,25.56952
24.41000,25.57052
24.41100,25.57152
24.41200,25.57252
24.41300,25.57352
24.41400,25.57452
24.41500,25.57552
24.41600,25.57652
24.41700,25.57752
24.41800,25.57852
24.41900,25.57952
24.42000,25.58052
24.42100,25.58152
24.42200,25.58252
24.42300,25.58352
24.42400,25.58452
24.42500,25.58552
24.42600,25.58652
24.42700,25.58752
24.42800,25.58852
24.42900,25.58952
24.43000,25.59052
24.43100,25.59152
24.43200,25.59252
24.43300,25.59352
24.43400,25.59452
24.43500,25.59552
24.43600,25.59652
24.43700,25.59752
24.43800,25.59852
24.43900,25.59952
24.44000,25.60052
24.44100,25.60152
24.44200,25.60252
24.44300,25.60352
24.44400,25.60452
24.44500,25.60552
24.44600,25.60652
24.44700,25.60752
24.44800,25.60852
24.44900,25.60952
24.45000,25.61052
24.45100,25.61152
24.45200,25.61252
24.45300,25.61352
24.45400,25.61452
24.45500,25.61552
24.45600,25.61652
24.45700,25.61752
24.45800,25.61852
24.45900,25.61952
24.46000,25.62052
24.46100,25.62152
24.46200,25.62252
24.46300,25.62352
24.46400,25.62452
24.46500,25.62552
24.46600,25.62652
24.46700,25.62752
24.46800,25.62852
24.46900,25.62952
24.47000,25.63052
24.47100,25.63152
24.47200,25.63252
24.47300,25.63352
24.47400,25.63452
24.47500,25.63552
24.47600,25.63652
24.47700,25.63752
24.47800,25.63852
24.47900,25.63952
24.48000,25.64052
24.48100,25.64152
24.48200,25.64252
24.48300,25.64352
24.48400,25.64452
24.48500,25.64552
24.48600,25.64652
24.48700,25.64752
24.48800,25.64852
24.48900,25.64952
24.49000,25.65052
24.49100,25.65152
24.49200,25.65252
24.49300,25.65352
24.49400,25.65452
24.49500,25.65552
24.49600,25.65652
24.49700,25.65752
24.49800,25.65852
24.49900,25.65952
24.50000,25.66052
24.50100,25.66152
24.50200,25.66252
24.50300,25.66352
24.50400,25.66452
24.50500,25.66552
24.50600,25.66652
24.50700,25.66752
24.50800,25.66852
24.50900,25.67452
24.51000,25.67552
24.51100,25.67652
24.51200,25.67752
24.51300,25.67852
24.51400,25.67952
24.51500,25.68052
24.51600,25.68152
24.51700,25.68252
24.51800,25.68352
24.51900,25.68452
24.52000,25.68552
24.52100,25.68652
24.52200,25.68752
24.52300,25.68852
24.52400,25.68952
24.52500,25.69052
24.52600,25.69152
24.52700,25.69252
24.52800,25.69352
24.52900,25.69452
24.53000,25.69552
24.53100,25.69652
24.53200,25.69752
24.53300,25.69852
24.53400,25.69952
24.53500,25.70052
24.53600,25.70152
24.53700,25.70252
24.53800,25.70352
24.53900,25.70452
24.54000,25.70552
24.54100,25.70652
24.54200,25.70752
24.54300,25.70852
24.54400,25.70952
24.54500,25.71052
24.54600,25.71152
24.54700,25.71252
24.54800,25.71352
24.54900,25.71452
24.55000,25.71552
24.55100,25.71652
24.55200,25.71752
24.55300,25.71852
24.55400,25.71952
24.55500,25.72052
24.55600,25.72152
24.55700,25.72252
24.55800,25.72352
24.55900,25.72452
24.56000,25.72552
24.56100,25.72652
24.56200,25.72752
24.56300,25.72852
24.56400,25.72952
24.56500,25.73052
24.56600,25.73152
24.56700,25.73252
24.56800,25.73352
24.56900,25.73452
24.57000,25.73552
24.57100,25.73652
24.57200,25.73752
24.57300,25.73852
24.57400,25.73952
24.57500,25.74152
24.57600,25.74252
24.57700,25.74652
24.57800,25.74752
24.57900,25.74852
24.58000,25.74952
24.58100,25.75052
24.58200,25.75152
24.58300,25.75252
24.58400,25.75352
24.58500,25.75452
24.58600,25.75552
24.58700,25.75652
24.58800,25.75752
24.58900,25.75852
24.59000,25.75952
24.59100,25.76052
24.59200,25.76152
24.59300,25.76252
24.59400,25.76352
24.59500,25.76452
24.59600,25.76552
24.59700,25.76652
24.59800,25.76752
24.59900,25.76852
24.60000,25.76952
24.60100,25.77052
24.60200,25.77152
24.60300,25.77252
24.60400,25.77352
24.60500,25.77452
24.60600,25.77552
24.60700,25.77652
24.60800,25.77752
24.60900,25.77852
24.61000,25.77952
24.61100,25.78052
24.61200,25.78152
24.61300,25.78252
24.61400,25.78352
24.61500,25.78452
24.61600,25.78552
24.61700,25.78652
24.61800,25.78752
24.61900,25.78852
24.62000,25.78952
24.62100,25.79052
24.62200,25.79152
24.62300,25.79252
24.62400,25.79352
24.62500,25.79452
24.62600,25.79552
24.62700,25.79752
24.62800,25.79852
24.62900,25.79952
24.63000,25.80052
24.63100,25.80152
24.63200,25.80252
24.63300,25.80352
24.63400,25.80452
24.63500,25.80552
24.63600,25.80652
24.63700,25.80752
24.63800,25.80852
24.63900,25.80952
24.64000,25.81052
24.64100,25.83152
24.64200,25.83252
24.64300,25.83352
24.64400,25.83452
24.64500,25.83552
24.64600,25.83652
24.64700,25.83752
24.64800,25.83852
24.64900,25.83952
24.65000,25.84052
24.65100,25.84152
24.65200,25.84252
24.65300,25.84352
24.65400,25.84452
24.65500,25.84552
24.65600,25.84652
24.65700,25.84752
24.65800,25.84852
24.65900,25.84952
24.66000,25.85052
24.66100,25.85152
24.66200,25.85252
24.66300,25.85352
24.66400,25.85452
24.66500,25.85552
24.66600,25.85652
24.66700,25.85752
24.66800,25.85852
24.66900,25.85952
24.67000,25.86052
24.67100,25.86152
24.67200,25.86252
24.67300,25.86352
24.67400,25.86452
24.67500,25.86552
24.67600,25.86652
24.67700,25.86752
24.67800,25.86852
24.67900,25.86952
24.68000,25.87052
24.68100,25.87152
24.68200,25.87252
24.68300,25.87352
24.68400,25.87452
24.68500,25.87552
24.68600,25.87652
24.68700,25.87752
24.68800,25.87852
24.68900,25.87952
24.69000,25.88052
24.69100,25.88152
24.69200,25.88252
24.69300,25.88352
24.69400,25.88452
24.69500,25.88552
24.69600,25.88652
24.69700,25.88752
24.69800,25.88852
24.69900,25.88952
24.70000,25.89052
24.70100,25.89152
24.70200,25.89252
24.70300,25.89352
24.70400,25.89452
24.70500,25.89552
24.70600,25.89652
24.70700,25.89752
24.70800,25.89852
24.70900,25.89952
24.71000,25.90052
24.71100,25.90152
24.71200,25.90252
24.71300,25.90352
24.71400,25.90452
24.71500,25.90552
24.71600,25.90652
24.71700,25.90752
24.71800,25.90852
24.71900,25.90952
24.72000,25.91052
24.72100,25.91152
24.72200,25.91252
24.72300,25.91352
24.72400,25.91452
24.72500,25.91552
24.72600,25.91652
24.72700,25.91752
24.72800,25.91852
24.72900,25.91952
24.73000,25.92052
24.73100,25.92152
24.73200,25.92252
24.73300,25.92352
24.73400,25.92452
24.73700,25.92552
24.73800,25.92652
24.73900,25.92752
24.74000,25.92852
24.74100,25.92952
24.74200,25.93052
24.74300,25.93152
24.75500,25.93252
24.75600,25.93352
24.75700,25.93452
24.75800,25.93552
24.75900,25.93652
24.76100,25.93752
24.76200,25.93852
24.76300,25.93952
24.76400,25.94052
24.76500,25.94152
24.76600,25.94252
24.76700,25.94352
24.76800,25.94452
24.76900,25.94552
24.77000,25.94652
24.77100,25.94752
24.77200,25.94852
24.77300,25.94952
24.77400,25.95052
24.77500,25.95152
24.77600,25.95252
24.77700,25.95352
24.77800,25.95452
24.77900,25.95552
24.78000,25.95652
24.78100,25.95752
24.78200,25.95852
24.78300,25.95952
24.78400,25.96052
24.78500,25.96152
24.78700,25.96252
24.78800,25.96352
24.78900,25.96452
24.79000,25.96552
24.79100,25.96652
24.79200,25.96752
24.79300,25.96852
24.79400,25.96952
24.79500,25.97052
24.79600,25.97152
24.79700,25.97252
24.79800,25.97352
24.79900,25.97452
24.80000,25.97552
24.80100,25.97652
24.80200,25.97752
24.80300,25.97852
24.80400,25.97952
24.80500,25.98052
24.80600,25.98152
24.80700,25.98252
24.80800,25.98352
24.80900,25.98452
24.81300,25.98552
24.81400,25.98652
24.81500,25.98752
24.81600,25.98852
24.81700,25.98952
24.81800,25.99052
24.81900,25.99152
24.82000,25.99252
24.82100,25.99352
24.82200,25.99452
24.82300,25.99552
24.82400,25.99652
24.82500,25.99752
24.82600,25.99852
24.82700,25.99952
24.82800,26.00052
24.82900,26.00152
24.83000,26.00252
24.83100,26.00352
24.83200,26.00452
24.83300,26.00552
24.83400,26.00652
24.83500,26.00752
24.83600,26.00852
24.83700,26.00952
24.83800,26.01052
24.83900,26.01152
24.84000,26.01252
24.84100,26.01352
24.84300,26.01452
24.84400,26.01552
24.84500,26.01652
24.84600,26.01752
24.84700,26.01852
24.84800,26.01952
24.84900,26.02052
24.85000,26.02152
24.85100,26.02252
24.85200,26.02352
24.85300,26.02452
24.85400,26.02552
24.85500,26.02652
24.85600,26.02752
24.85700,26.02852
24.85800,26.02952
24.85900,26.03052
24.86000,26.03152
24.86100,26.03252
24.86200,26.03352
24.86300,26.03452
24.86400,26.03552
24.86500,26.03652
24.86600,26.03752
24.86700,26.03852
24.86800,26.03952
24.86900,26.04052
24.87000,26.04152
24.87100,26.04252
24.87200,26.04352
24.87300,26.04452
24.87400,26.04552
24.87500,26.04652
24.87600,26.04752
24.87700,26.04852
24.87800,26.04952
24.87900,26.05052
24.88000,26.05152
24.88100,26.05252
24.88200,26.05352
24.88300,26.05452
24.88400,26.05552
24.88500,26.05652
24.88600,26.05752
24.88700,26.05852
24.88800,26.05952
24.88900,26.06052
24.89000,26.06152
24.89100,26.06252
24.89200,26.06352
24.89300,26.06452
24.89400,26.06552
24.89500,26.06652
24.89600,26.06752
24.89700,26.06852
24.89800,26.06952
24.89900,26.07052
24.90000,26.07152
24.90100,26.07252
24.90200,26.07352
24.90300,26.07452
24.90400,26.07552
24.90500,26.07652
24.90600,26.07752
24.90700,26.07852
24.90800,26.07952
24.90900,26.08052
24.91000,26.08152
24.91100,26.08252
24.91200,26.08352
24.91300,26.08452
24.91400,26.08552
24.91500,26.08652
24.91600,26.08752
24.91700,26.08852
24.91800,26.08952
24.91900,26.09052
24.92000,26.09152
24.92100,26.09252
24.92200,26.09352
24.92300,26.09452
24.92400,26.09552
24.92500,26.09652
24.92600,26.09752
24.92700,26.09852
24.92800,26.09952
24.92900,26.10052
24.93000,26.10152
24.93100,26.10252
24.93200,26.10352
24.93300,26.10452
24.93400,26.10552
24.93500,26.10652
24.93600,26.10752
24.93700,26.10852
24.93800,26.11252
24.93900,26.11752
24.94000,26.11852
24.94100,26.11952
24.94200,26.12052
24.94300,26.12152
24.94400,26.12252
24.94500,26.12352
24.94600,26.12452
24.94700,26.12552
24.94800,26.12652
24.94900,26.12752
24.95000,26.12852
24.95100,26.12952
24.95200,26.13052
24.95300,26.13152
24.95400,26.13252
24.95500,26.13352
24.95600,26.13452
24.95700,26.13552
24.95800,26.13652
24.95900,26.13752
24.96000,26.13852
24.96100,26.13952
24.96200,26.14052
24.96300,26.14152
24.96400,26.14252
24.96500,26.14352
24.96600,26.14452
24.96700,26.14552
24.96800,26.14852
24.96900,26.14952
24.97000,26.15052
24.97100,26.15152
24.97200,26.15252
24.97300,26.15352
24.97400,26.15452
24.97500,26.15552
24.97600,26.15652
24.97700,26.15752
24.97800,26.15852
24.97900,26.15952
24.98000,26.16052
24.98100,26.16152
24.98200,26.16252
24.98300,26.16352
24.98400,26.16452
24.98500,26.16552
24.98600,26.16652
24.98700,26.17052
24.98800,26.17152
24.98900,26.17252
24.99000,26.17352
24.99100,26.17452
24.99200,26.17552
24.99300,26.17652
24.99400,26.17752
24.99500,26.17852
24.99600,26.17952
24.99700,26.18052
24.99800,26.18152
24.99900,26.18252
25.00000,26.18352
25.00100,26.18452
25.00200,26.18552
25.00300,26.18652
25.00400,26.18752
25.00500,26.18852
25.00600,26.18952
25.00700,26.19052
25.00800,26.19152
25.00900,26.19252
25.01000,26.19352
25.01100,26.19452
25.01200,26.19552
25.01300,26.19652
25.01400,26.19752
25.01500,26.19852
25.01600,26.19952
25.01700,26.20052
25.01800,26.20152
25.01900,26.20252
25.02000,26.20352
25.02100,26.20452
25.02200,26.20552
25.02300,26.20652
25.02400,26.20752
25.02500,26.20852
25.02600,26.20952
25.02700,26.21052
25.02800,26.21152
25.02900,26.21252
25.03000,26.21352
25.03100,26.21452
25.03200,26.21552
25.03300,26.21652
25.03400,26.21752
25.03500,26.21852
25.03600,26.21952
25.03700,26.22052
25.03800,26.22152
25.03900,26.22252
25.04000,26.22352
25.04100,26.22452
25.04200,26.22552
25.04300,26.22652
25.04400,26.22752
25.04500,26.22852
25.04600,26.22952
25.04700,26.23052
25.04800,26.23152
25.04900,26.23252
25.05000,26.23352
25.05100,26.23452
25.05200,26.23552
25.05300,26.23652
25.05400,26.23752
25.05500,26.23852
25.05600,26.23952
25.05700,26.24052
25.05800,26.24152
25.05900,26.24252
25.06000,26.24352
25.06100,26.24452
25.06200,26.24552
25.06300,26.24652
25.06400,26.24752
25.06500,26.24852
25.06600,26.24952
25.06700,26.25052
25.06800,26.25152
25.06900,26.25252
25.07000,26.25352
25.07100,26.25452
25.07200,26.25552
25.07300,26.25652
25.07400,26.25752
25.07500,26.25852
25.07600,26.25952
25.07700,26.26052
25.07800,26.26152
25.07900,26.26252
25.08000,26.26352
25.08100,26.26452
25.08200,26.26552
25.08300,26.26652
25.08400,26.26752
25.08500,26.26852
25.08600,26.26952
25.08700,26.27052
25.08800,26.27152
25.08900,26.27252
25.09000,26.27352
25.09100,26.27452
25.09200,26.27552
25.09300,26.27652
25.09400,26.27752
25.09500,26.27852
25.09900,26.27952
25.10000,26.28052
25.10100,26.28152
25.10200,26.28252
25.12400,26.28352
25.12500,26.28452
25.12600,26.28552
25.12700,26.28652
25.12800,26.28752
25.12900,26.28852
25.13000,26.28952
25.13100,26.29052
25.13200,26.29152
25.13300,26.29252
25.13400,26.29352
25.13500,26.29452
25.13600,26.29552
25.14300,26.29652
25.14600,26.29752
25.14700,26.29852
25.14800,26.29952
25.14900,26.30052
25.15000,26.30152
25.15100,26.30252
25.15200,26.30352
25.15300,26.30452
25.15400,26.30552
25.15500,26.30652
25.15600,26.30752
25.15700,26.30852
25.15800,26.30952
25.15900,26.31052
25.16000,26.31152
25.16100,26.31252
25.16200,26.31352
25.16300,26.31452
25.16400,26.31552
25.16500,26.31652
25.16600,26.31752
25.16700,26.31852
25.16800,26.31952
25.16900,26.32052
25.17000,26.32152
25.17100,26.32252
25.17200,26.32352
25.17300,26.32452
25.17400,26.32552
25.17500,26.32652
25.17600,26.32752
25.17700,26.32852
25.17800,26.32952
25.17900,26.33052
25.18000,26.33152
25.18100,26.33252
25.18200,26.33352
25.18300,26.33452
25.18400,26.33552
25.18500,26.33652
25.18600,26.33752
25.18700,26.33852
25.18800,26.33952
25.18900,26.34052
25.19000,26.34152
25.19100,26.34252
25.19200,26.34352
25.19300,26.34452
25.19400,26.34552
25.19500,26.34652
25.19600,26.34752
25.19700,26.34852
25.19800,26.34952
25.19900,26.35052
25.20000,26.35152
25.20100,26.35252
25.20200,26.35352
25.20300,26.35452
25.20400,26.35552
25.20500,26.35652
25.20600,26.35752
25.20700,26.35852
25.20800,26.35952
25.20900,26.36052
25.21000,26.36152
25.21100,26.36252
25.21200,26.36352
25.21300,26.36452
25.21400,26.36552
25.21500,26.36652
25.21600,26.36752
25.21700,26.36852
25.21800,26.36952
25.21900,26.37052
25.22000,26.37152
25.22100,26.37252
25.22200,26.37352
25.22300,26.37452
25.22400,26.37552
25.22500,26.37652
25.22600,26.37752
25.22700,26.37852
25.22800,26.37952
25.22900,26.38052
25.23000,26.38152
25.23100,26.38252
25.23200,26.38352
25.23300,26.38452
25.23400,26.38552
25.23500,26.38652
25.23600,26.38752
25.23700,26.38852
25.23800,26.38952
25.23900,26.39052
25.24000,26.39152
25.24100,26.39252
25.24200,26.39352
25.24300,26.39452
25.24500,26.39552
25.24600,26.39652
25.24700,26.39752
25.24800,26.39852
25.24900,26.39952
25.25000,26.40052
25.25200,26.40152
25.25300,26.40252
25.25400,26.40352
25.25500,26.40452
25.25600,26.40552
25.25700,26.40652
25.25800,26.40752
25.25900,26.40852
25.26000,26.40952
25.26100,26.41052
25.26200,26.41152
25.26300,26.41252
25.26400,26.41352
25.26500,26.41452
25.26600,26.41552
25.26700,26.41652
25.26800,26.41752
25.26900,26.41852
25.27000,26.41952
25.27100,26.42052
25.27200,26.42152
25.27300,26.42252
25.27400,26.42352
25.27500,26.42452
25.27600,26.42552
25.27700,26.42652
25.27800,26.42752
25.27900,26.42852
25.28000,26.42952
25.28100,26.43052
25.28200,26.43152
25.28300,26.43252
25.28400,26.43352
25.28500,26.43452
25.28600,26.43552
25.28700,26.43652
25.28800,26.43752
25.28900,26.43852
25.29000,26.43952
25.29100,26.44052
25.29200,26.44152
25.29300,26.44252
25.29400,26.44352
25.29500,26.44452
25.29600,26.44552
25.29700,26.44652
25.29800,26.44752
25.29900,26.44852
25.30000,26.44952
25.30100,26.45052
25.30200,26.45152
25.30300,26.45252
25.30400,26.45352
25.30500,26.45452
25.30600,26.45552
25.30700,26.45652
25.30800,26.45752
25.30900,26.45852
25.31000,26.45952
25.31100,26.46052
25.31200,26.46152
25.31300,26.46252
25.31400,26.46352
25.31500,26.46452
25.31600,26.46652
25.31700,26.46752
25.31800,26.46852
25.31900,26.46952
25.32000,26.47052
25.32100,26.47452
25.32200,26.47552
25.32300,26.47652
25.32400,26.47752
25.32500,26.47852
25.32600,26.47952
25.32700,26.48052
25.32800,26.48152
25.32900,26.48252
25.33000,26.48352
25.33100,26.48452
25.33200,26.48552
25.33300,26.48652
25.33400,26.48752
25.33500,26.48852
25.33600,26.48952
25.33700,26.49052
25.33800,26.49152
25.33900,26.49252
25.34000,26.49352
25.34100,26.49452
25.34200,26.49552
25.34300,26.49652
25.34400,26.49752
25.34500,26.49852
25.34600,26.49952
25.34700,26.50052
25.34800,26.50152
25.34900,26.50252
25.35000,26.50352
25.35100,26.50452
25.35200,26.50552
25.35300,26.50652
25.35400,26.50752
25.35500,26.50852
25.35600,26.50952
25.35700,26.51052
25.35800,26.51152
25.35900,26.51252
25.36000,26.51352
25.36100,26.51452
25.36200,26.51552
25.36300,26.51652
25.36400,26.51752
25.36500,26.51852
25.36600,26.51952
25.36700,26.52052
25.36800,26.52152
25.36900,26.52252
25.37000,26.52352
25.37100,26.52452
25.37200,26.52552
25.37300,26.52652
25.37400,26.52752
25.37500,26.52852
25.37600,26.52952
25.37700,26.53052
25.37800,26.53152
25.37900,26.53252
25.38000,26.53352
25.38100,26.53452
25.38200,26.53552
25.38300,26.53652
25.38400,26.53752
25.38500,26.53852
25.38600,26.53952
25.38700,26.54052
25.38800,26.54152
25.38900,26.54252
25.39000,26.54352
25.39100,26.54452
25.39200,26.54652
25.39300,26.54752
25.39400,26.54852
25.39500,26.54952
25.39600,26.55052
25.39700,26.55152
25.39800,26.55252
25.39900,26.55352
25.40000,26.55452
25.40100,26.55552
25.40200,26.55652
25.40300,26.55752
25.40400,26.55852
25.40500,26.55952
25.40600,26.56052
25.40700,26.56152
25.40800,26.56252
25.40900,26.56352
25.41000,26.56452
25.41100,26.56552
25.41200,26.56652
25.41300,26.56752
25.41400,26.56852
25.41500,26.56952
25.41600,26.57052
25.41700,26.57152
25.41800,26.57252
25.41900,26.57352
25.42000,26.57452
25.42100,26.57552
25.42200,26.57652
25.42300,26.57752
25.42400,26.57852
25.42500,26.57952
25.42600,26.58052
25.42700,26.58152
25.42800,26.58252
25.42900,26.58352
25.43000,26.58452
25.43100,26.58552
25.43200,26.58652
25.43300,26.58752
25.43400,26.58852
25.43500,26.58952
25.43600,26.59052
25.43700,26.59152
25.43800,26.59252
25.43900,26.59352
25.44000,26.59452
25.44100,26.59552
25.44200,26.59652
25.44300,26.59752
25.44400,26.59852
25.44500,26.59952
25.44600,26.60052
25.44700,26.60152
25.44800,26.60252
25.44900,26.60352
25.45000,26.60452
25.45100,26.60552
25.45200,26.60652
25.45300,26.60752
25.45400,26.60852
25.45500,26.60952
25.45600,26.61052
25.45700,26.61152
25.45800,26.61252
25.45900,26.61352
25.46000,26.61452
25.46100,26.61552
25.46200,26.61652
25.46300,26.61752
25.46400,26.61852
25.46500,26.61952
25.46600,26.62052
25.46700,26.62152
25.46800,26.62252
25.46900,26.62352
25.47000,26.62452
25.47100,26.62552
25.47200,26.62652
25.47300,26.62752
25.47400,26.62852
25.47500,26.62952
25.47600,26.63952
25.47700,26.64052
25.47800,26.64152
25.47900,26.64252
25.48000,26.64352
25.48100,26.64452
25.48200,26.64552
25.48300,26.64652
25.48400,26.64752
25.48500,26.64852
25.48600,26.64952
25.48700,26.65052
25.48800,26.65152
25.48900,26.65252
25.49000,26.65352
25.49100,26.65452
25.49200,26.65552
25.49300,26.65652
25.49400,26.65752
25.49500,26.65852
25.49600,26.65952
25.49700,26.66052
25.49800,26.66152
25.49900,26.66252
25.50000,26.66352
25.50100,26.66452
25.50200,26.66552
25.50300,26.66652
25.50400,26.66752
25.50500,26.66852
25.50600,26.66952
25.50700,26.67052
25.50800,26.67152
25.50900,26.67252
25.51000,26.67352
25.51100,26.67452
25.51200,26.67552
25.51300,26.67652
25.51400,26.67752
25.51500,26.67852
25.51600,26.67952
25.51700,26.68052
25.51800,26.68152
25.51900,26.68252
25.52000,26.68352
25.52100,26.68452
25.52200,26.68552
25.52300,26.68652
25.52400,26.68752
25.52500,26.68852
25.52600,26.68952
25.52700,26.69052
25.52800,26.69152
25.52900,26.69252
25.53000,26.69352
25.53100,26.69452
25.53200,26.69552
25.53300,26.69652
25.53400,26.69752
25.53500,26.69852
25.53600,26.69952
25.53700,26.70052
25.53800,26.70152
25.53900,26.70252
25.54000,26.70352
25.54100,26.70452
25.54200,26.70552
25.54300,26.70652
25.54400,26.70752
25.54500,26.70852
25.54600,26.70952
25.55700,26.71052
25.55800,26.71152
25.55900,26.71252
25.56000,26.71352
25.56100,26.71452
25.56200,26.71552
25.56300,26.71652
25.56400,26.71752
25.56500,26.71852
25.56600,26.71952
25.56700,26.72052
25.56800,26.72152
25.56900,26.72252
25.57000,26.72352
25.57100,26.72452
25.57200,26.72552
25.57300,26.72652
25.57400,26.72752
25.57500,26.72852
25.57600,26.72952
25.57700,26.73052
25.57800,26.73152
25.57900,26.73252
25.58000,26.73352
25.58100,26.73452
25.58200,26.73552
25.58300,26.73652
25.58400,26.73752
25.58500,26.73852
25.58600,26.73952
25.58700,26.74052
25.58800,26.74152
25.58900,26.74252
25.59000,26.74352
25.59100,26.74452
25.59200,26.74552
25.59300,26.74652
25.59400,26.74752
25.59500,26.74852
25.59600,26.74952
25.59700,26.75052
25.59800,26.75152
25.59900,26.75252
25.60000,26.75352
25.60100,26.75452
25.60200,26.75552
25.60300,26.75652
25.60400,26.75752
25.60500,26.75852
25.60600,26.75952
25.60700,26.76052
25.60800,26.76152
25.60900,26.76252
25.61000,26.76352
25.61100,26.76452
25.61200,26.76552
25.61300,26.76652
25.61400,26.76752
25.61500,26.76852
25.61600,26.76952
25.61700,26.77052
25.61800,26.77152
25.61900,26.77252
25.62000,26.77352
25.62200,26.77452
25.62300,26.77552
25.62400,26.77652
25.62500,26.77752
25.62600,26.77852
25.62700,26.77952
25.62800,26.78052
25.62900,26.78152
25.63000,26.78252
25.63100,26.78352
25.63200,26.78452
25.63300,26.78552
25.63400,26.78652
25.63500,26.78752
25.63600,26.78852
25.63700,26.78952
25.63800,26.79052
25.63900,26.79152
25.64000,26.79252
25.64100,26.79352
25.64200,26.79452
25.64300,26.79552
25.64400,26.79652
25.64500,26.79752
25.64600,26.79852
25.64700,26.79952
25.64800,26.80052
25.64900,26.80152
25.65000,26.80252
25.65100,26.80352
25.65200,26.80452
25.65300,26.80552
25.65400,26.80652
25.65500,26.80752
25.65600,26.80852
25.65700,26.80952
25.65800,26.81052
25.65900,26.81152
25.66000,26.81252
25.66100,26.81352
25.66200,26.81452
25.66300,26.81552
25.66400,26.81652
25.66500,26.81752
25.66600,26.81852
25.66700,26.81952
25.66800,26.82052
25.66900,26.82152
25.67000,26.82252
25.67100,26.82352
25.67200,26.82452
25.67300,26.82552
25.67400,26.82652
25.67500,26.82752
25.67600,26.82852
25.67700,26.82952
25.67800,26.83052
25.67900,26.83152
25.68000,26.83252
25.68100,26.83352
25.68200,26.83452
25.68300,26.83552
25.68400,26.83652
25.68500,26.83752
25.68600,26.83852
25.68700,26.83952
25.68800,26.84052
25.68900,26.84152
25.69000,26.84252
25.69100,26.84352
25.69200,26.84452
25.69300,26.84552
25.69400,26.84652
25.69500,26.84752
25.69600,26.84852
25.69700,26.84952
25.69800,26.85052
25.69900,26.85152
25.70000,26.85252
25.70100,26.85352
25.70200,26.85452
25.70300,26.85552
25.70400,26.85652
25.70500,26.85752
25.70600,26.85852
25.70700,26.85952
25.70800,26.86052
25.72100,26.86152
25.72200,26.86252
25.72300,26.86352
25.72400,26.86452
25.72500,26.86552
25.72600,26.86652
25.73000,26.86752
25.73100,26.86852
25.73200,26.86952
25.73300,26.87052
25.73600,26.87152
25.73700,26.87252
25.73800,26.87352
25.73900,26.87452
25.74000,26.87552
25.74100,26.87652
25.74200,26.87752
25.74300,26.87852
25.74400,26.87952
25.74500,26.88052
25.74600,26.88152
25.74700,26.88252
25.74800,26.88352
25.74900,26.88452
25.75000,26.88552
25.75100,26.88652
25.75200,26.88752
25.75300,26.88852
25.75400,26.88952
25.75500,26.89052
25.75600,26.89152
25.75700,26.89252
25.75800,26.89352
25.75900,26.89452
25.76000,26.89552
25.76100,26.89652
25.76200,26.89752
25.76300,26.89852
25.76400,26.89952
25.76500,26.90052
25.76600,26.90152
25.76700,26.90252
25.76800,26.90352
25.76900,26.90452
25.77000,26.90552
25.77100,26.90652
25.77200,26.90752
25.77300,26.90852
25.77400,26.90952
25.77500,26.91052
25.77600,26.91152
25.77700,26.91252
25.77800,26.91352
25.77900,26.91452
25.78000,26.91552
25.78100,26.91652
25.78200,26.91752
25.78300,26.91852
25.78400,26.91952
25.78500,26.92052
25.78600,26.92152
25.78700,26.92252
25.78800,26.92352
25.78900,26.92452
25.79000,26.92552
25.79100,26.92652
25.79200,26.92752
25.79300,26.92852
25.79400,26.92952
25.79500,26.93052
25.79600,26.93152
25.79700,26.93252
25.79800,26.93352
25.79900,26.93452
25.80000,26.93552
25.80100,26.93652
25.80200,26.93752
25.80300,26.93852
25.80400,26.93952
25.80500,26.94052
25.80600,26.94152
25.80700,26.94252
25.80800,26.94352
25.80900,26.94452
25.81000,26.94552
25.81100,26.94652
25.81200,26.94752
25.81300,26.94852
25.81400,26.94952
25.81500,26.95052
25.81600,26.95152
25.81700,26.95252
25.81800,26.95352
25.81900,26.95452
25.82000,26.95552
25.82100,26.95652
25.82200,26.95752
25.82300,26.95852
25.82400,26.95952
25.82500,26.96052
25.82600,26.96152
25.82700,26.96252
25.82800,26.96352
25.82900,26.96452
25.83000,26.96552
25.83100,26.96652
25.83200,26.96752
25.83300,26.96852
25.83400,26.96952
25.83500,26.97052
25.83600,26.97152
25.83700,26.97252
25.83800,26.97352
25.83900,26.97452
25.84000,26.97552
25.84100,26.97652
25.84200,26.97752
25.84300,26.97852
25.84400,26.97952
25.84500,26.98052
25.84600,26.98152
25.84700,26.98252
25.84800,26.98352
25.84900,26.98452
25.85000,26.98552
25.85100,26.98652
25.85200,26.98752
25.85300,26.98852
25.85400,26.98952
25.85500,26.99052
25.85600,26.99152
25.85700,26.99252
25.85800,26.99352
25.85900,26.99452
25.86000,26.99552
25.86100,26.99652
25.86200,26.99752
25.86300,26.99852
25.86400,26.99952
25.86500,27.00052
25.86600,27.00152
25.86700,27.00252
25.86800,27.00352
25.86900,27.00452
25.87000,27.00552
25.87100,27.00652
25.87200,27.00752
25.87300,27.00852
25.87400,27.00952
25.87500,27.01052
25.87600,27.01152
25.87700,27.01252
25.87800,27.01352
25.87900,27.01652
25.88000,27.01752
25.88100,27.01852
25.88200,27.01952
25.88300,27.02052
25.88400,27.02152
25.88500,27.02252
25.88600,27.02352
25.88700,27.02452
25.88800,27.02552
25.88900,27.02652
25.89000,27.02752
25.89100,27.02852
25.89200,27.02952
25.89300,27.03052
25.89400,27.03152
25.89500,27.03252
25.89600,27.03352
25.89700,27.03452
25.89800,27.03552
25.89900,27.03652
25.90000,27.03752
25.90100,27.03852
25.90200,27.03952
25.90300,27.04052
25.90400,27.04152
25.90500,27.04252
25.90600,27.04352
25.90700,27.04452
25.90800,27.04552
25.90900,27.04652
25.91000,27.04752
25.91100,27.04852
25.91200,27.04952
25.91300,27.05052
25.91400,27.05152
25.91500,27.05252
25.91600,27.05352
25.91700,27.05452
25.91800,27.05552
25.91900,27.05652
25.92000,27.05752
25.92100,27.05852
25.92200,27.05952
25.92300,27.06052
25.92400,27.06152
25.92500,27.06252
25.92600,27.06352
25.92700,27.06452
25.92800,27.06552
25.92900,27.06652
25.93000,27.06752
25.93100,27.06852
25.93200,27.06952
25.93300,27.07052
25.93400,27.07152
25.93500,27.07252
25.93600,27.07352
25.93700,27.07452
25.93800,27.07552
25.93900,27.07652
25.94000,27.07752
25.94100,27.07852
25.94200,27.07952
25.94300,27.08052
25.94400,27.08152
25.94500,27.08252
25.94600,27.08352
25.94700,27.08452
25.94800,27.08552
25.94900,27.08652
25.95000,27.08752
25.95100,27.08852
25.95200,27.08952
25.95300,27.09052
25.95400,27.09152
25.95500,27.09252
25.95600,27.09352
25.95700,27.09452
25.95800,27.09552
25.95900,27.09652
25.96000,27.09752
25.96100,27.09852
25.96200,27.09952
25.96300,27.10052
25.96400,27.10152
25.96500,27.10252
25.96600,27.10352
25.96700,27.10452
25.96800,27.10552
25.96900,27.10652
25.97000,27.10752
25.97100,27.10852
25.97200,27.10952
25.97300,27.11052
25.97400,27.11152
25.97500,27.11252
25.97600,27.11352
25.97700,27.11452
25.97800,27.11552
25.97900,27.11652
25.98000,27.11752
25.98100,27.11852
25.98200,27.11952
25.98300,27.12052
25.98400,27.12152
25.98500,27.12252
25.98600,27.12352
25.98700,27.12452
25.98800,27.12552
25.98900,27.12652
25.99000,27.12752
25.99100,27.12852
25.99200,27.12952
25.99300,27.13052
25.99400,27.13152
25.99500,27.13252
25.99600,27.13352
25.99700,27.13452
25.99800,27.13552
25.99900,27.13652
26.00000,27.13752
26.00100,27.13852
26.00200,27.13952
26.00300,27.14052
26.00400,27.14152
26.00500,27.14252
26.00600,27.14352
26.00700,27.14452
26.00800,27.14552
26.00900,27.14652
26.01000,27.14852
26.01100,27.14952
26.01200,27.15052
26.01300,27.15152
26.01400,27.15252
26.01500,27.15352
26.01600,27.15452
26.01700,27.15552
26.01800,27.15652
26.01900,27.15752
26.02000,27.15852
26.02100,27.15952
26.02200,27.16052
26.02300,27.16152
26.02400,27.16252
26.02500,27.16352
26.02600,27.16452
26.02700,27.16552
26.02800,27.16652
26.02900,27.16752
26.03000,27.16852
26.03100,27.16952
26.03200,27.17052
26.03300,27.17152
26.03400,27.17252
26.03500,27.17352
26.03600,27.17452
26.03700,27.17552
26.03800,27.17652
26.03900,27.17752
26.04000,27.17852
26.04100,27.17952
26.04200,27.18052
26.04300,27.18152
26.04400,27.18252
26.04500,27.18352
26.04600,27.18452
26.04700,27.18552
26.04800,27.18652
26.04900,27.18752
26.05000,27.18852
26.05100,27.18952
26.05200,27.19052
26.05300,27.19152
26.05400,27.19252
26.05500,27.19352
26.05600,27.19452
26.05700,27.19552
26.05800,27.19652
26.05900,27.19752
26.06000,27.19852
26.06100,27.19952
26.06200,27.20052
26.06300,27.20152
26.06400,27.20252
26.06500,27.20352
26.06600,27.20452
26.06700,27.20552
26.06800,27.20652
26.06900,27.20752
26.07000,27.20852
26.07100,27.20952
26.07200,27.21052
26.07300,27.21152
26.07400,27.21252
26.07500,27.21352
26.07600,27.21452
26.07700,27.21552
26.07800,27.21652
26.07900,27.21752
26.08000,27.21852
26.08100,27.21952
26.08200,27.22052
26.08300,27.22152
26.08400,27.22252
26.08500,27.22352
26.08600,27.22452
26.08700,27.22552
26.08800,27.22652
26.08900,27.22752
26.09000,27.22852
26.09100,27.22952
26.09200,27.23052
26.09300,27.23152
26.09400,27.23252
26.09500,27.23352
26.09600,27.23452
26.09700,27.23552
26.09800,27.23652
26.09900,27.23752
26.10000,27.23852
26.10100,27.23952
26.10200,27.24052
26.10300,27.24152
26.10400,27.24252
26.10500,27.24352
26.10600,27.24452
26.10700,27.24552
26.10800,27.24652
26.10900,27.24752
26.11000,27.24852
26.11100,27.24952
26.11200,27.25052
26.11300,27.25152
26.11400,27.25252
26.11500,27.25352
26.11600,27.25452
26.11700,27.25552
26.11800,27.25652
26.11900,27.25752
26.12000,27.25852
26.12100,27.25952
26.12200,27.26052
26.12300,27.26152
26.12400,27.26252
26.12500,27.26352
26.12600,27.26452
26.12700,27.26552
26.12800,27.26652
26.12900,27.26752
26.13000,27.26852
26.13100,27.26952
26.13200,27.27052
26.13300,27.27152
26.13400,27.27252
26.13500,27.27352
26.13600,27.27452
26.13700,27.27552
26.13800,27.27652
26.13900,27.27752
26.14000,27.27852
26.14100,27.27952
26.14200,27.28052
26.14300,27.28152
26.14400,27.28252
26.14500,27.28352
26.14600,27.28452
26.14700,27.28552
26.14800,27.28652
26.14900,27.28752
26.15000,27.28852
26.15100,27.28952
26.15200,27.29052
26.15300,27.29152
26.15400,27.29252
26.15500,27.29352
26.15600,27.29452
26.15700,27.29552
26.15800,27.29652
26.15900,27.29752
26.16000,27.29852
26.16100,27.29952
26.16200,27.30052
26.16300,27.30152
26.16400,27.30252
26.16500,27.30352
26.16600,27.30452
26.16700,27.30552
26.16800,27.30652
26.16900,27.30752
26.17000,27.30852
26.17100,27.30952
26.17200,27.31052
26.17300,27.31152
26.17400,27.31252
26.17500,27.31352
26.17600,27.31452
26.17700,27.31552
26.17800,27.31652
26.17900,27.31752
26.18000,27.31852
26.18100,27.31952
26.18200,27.32052
26.18300,27.32152
26.18400,27.32252
26.18500,27.32352
26.18600,27.32452
26.18700,27.32552
26.18800,27.32652
26.18900,27.32752
26.19000,27.32852
26.19100,27.32952
26.19200,27.33052
26.19300,27.33152
26.19400,27.33252
26.19500,27.33352
26.19600,27.33452
26.19700,27.33552
26.19800,27.33652
26.19900,27.33752
26.20000,27.33852
26.20100,27.33952
26.20200,27.34052
26.20300,27.34152
26.20400,27.34252
26.20500,27.34352
26.20600,27.34452
26.20700,27.34552
26.20800,27.34652
26.20900,27.34752
26.21000,27.34852
26.21100,27.34952
26.21200,27.35052
26.21300,27.35152
26.21400,27.35252
26.21500,27.35352
26.21600,27.35452
26.21700,27.35552
26.21800,27.35652
26.21900,27.35752
26.22000,27.35852
26.22100,27.35952
26.22200,27.36052
26.22300,27.36152
26.22400,27.36252
26.22500,27.36352
26.22600,27.36452
26.22700,27.36552
26.22800,27.36652
26.22900,27.36752
26.23000,27.37052
26.23100,27.37152
26.23200,27.37252
26.23300,27.37352
26.23400,27.37452
26.23500,27.37552
26.23600,27.37652
26.23700,27.37752
26.23800,27.37852
26.23900,27.37952
26.24000,27.38052
26.24100,27.38152
26.24200,27.38252
26.24300,27.38352
26.24400,27.38452
26.24500,27.38552
26.24600,27.38652
26.24700,27.38752
26.24800,27.38852
26.24900,27.38952
26.25000,27.39052
26.25100,27.39152
26.25200,27.39252
26.25300,27.39352
26.25400,27.39452
26.25500,27.39552
26.25600,27.39652
26.25700,27.39752
26.25800,27.39852
26.25900,27.39952
26.26000,27.40052
26.26100,27.40152
26.26200,27.40252
26.26300,27.40352
26.26400,27.40452
26.26500,27.40552
26.26600,27.40652
26.26700,27.40752
26.26800,27.40852
26.26900,27.40952
26.27000,27.41052
26.27100,27.41152
26.27200,27.41252
26.27300,27.41352
26.27400,27.41452
26.27500,27.41552
26.27600,27.41652
26.27700,27.41752
26.27800,27.41852
26.27900,27.41952
26.28000,27.42052
26.28100,27.42152
26.28200,27.42252
26.28300,27.42352
26.28400,27.42452
26.28500,27.42552
26.28600,27.42652
26.28700,27.42752
26.28800,27.42852
26.28900,27.42952
26.29000,27.43052
26.29100,27.43152
26.29200,27.43252
26.29300,27.43352
26.29400,27.43452
26.29500,27.43552
26.29600,27.43652
26.29700,27.43752
26.29800,27.43852
26.29900,27.43952
26.30000,27.44052
26.30100,27.44152
26.30200,27.44252
26.30300,27.44352
26.30400,27.44452
26.30500,27.44552
26.30600,27.44652
26.30700,27.44752
26.30800,27.44852
26.30900,27.44952
26.31000,27.45052
26.31100,27.45152
26.31200,27.45252
26.31300,27.45352
26.31400,27.45452
26.31500,27.45552
26.31600,27.45652
26.31700,27.45752
26.31800,27.45852
26.31900,27.45952
26.32000,27.46052
26.32100,27.46152
26.32200,27.46252
26.32300,27.46352
26.32400,27.46452
26.32500,27.46552
26.32600,27.46652
26.32700,27.46752
26.32800,27.46852
26.32900,27.46952
26.33000,27.47052
26.33100,27.47152
26.33200,27.47252
26.33300,27.47352
26.33400,27.47452
26.33500,27.47552
26.33600,27.47652
26.33700,27.47752
26.33800,27.47852
26.33900,27.47952
26.34000,27.48052
26.34100,27.48152
26.34200,27.48252
26.34300,27.48352
26.34400,27.48452
26.34500,27.48552
26.34600,27.48652
26.34700,27.48752
26.34800,27.48852
26.34900,27.48952
26.35000,27.49052
26.35100,27.49152
26.35200,27.49252
26.35300,27.49352
26.35400,27.49452
26.35500,27.49552
26.35600,27.49652
26.35700,27.49752
26.35800,27.49852
26.35900,27.49952
26.36000,27.50052
26.36100,27.50152
26.36200,27.50252
26.36300,27.50352
26.36400,27.50452
26.36500,27.50552
26.36600,27.50652
26.36700,27.50752
26.36800,27.50852
26.36900,27.50952
26.37000,27.51052
26.37100,27.51152
26.37200,27.51252
26.37300,27.51352
26.37400,27.51452
26.37500,27.51552
26.37700,27.51652
26.37800,27.51752
26.37900,27.51852
26.38000,27.51952
26.38100,27.52052
26.38200,27.52152
26.38300,27.52252
26.38400,27.52352
26.38500,27.52452
26.38600,27.52552
26.38700,27.52652
26.38800,27.52752
26.38900,27.52852
26.39000,27.52952
26.39100,27.53052
26.39200,27.53152
26.39300,27.53252
26.39400,27.53352
26.39500,27.53452
26.39600,27.53552
26.39700,27.53652
26.39800,27.53752
26.39900,27.53852
26.40000,27.53952
26.40100,27.54052
26.40200,27.54152
26.40300,27.54252
26.40400,27.54352
26.40500,27.54452
26.40600,27.54552
26.40700,27.54652
26.40800,27.54752
26.40900,27.54852
26.41000,27.54952
26.41100,27.55052
26.41200,27.55152
26.41300,27.55252
26.41400,27.55352
26.41500,27.55452
26.41600,27.55552
26.41700,27.55652
26.41800,27.55752
26.41900,27.55852
26.42000,27.55952
26.42100,27.56052
26.42200,27.56152
26.42300,27.56252
26.42400,27.56352
26.42500,27.56452
26.42600,27.56552
26.42700,27.56652
26.42800,27.56752
26.42900,27.56852
26.43000,27.56952
26.43100,27.57052
26.43200,27.57152
26.43300,27.57252
26.43400,27.57352
26.43500,27.57452
26.43600,27.57552
26.43700,27.57652
26.43800,27.57752
26.43900,27.57852
26.44000,27.57952
26.44100,27.58052
26.44200,27.58152
26.44300,27.58252
26.44400,27.58352
26.44500,27.58452
26.44600,27.58552
26.45300,27.58652
26.45400,27.58752
26.45500,27.58852
26.45600,27.58952
26.45700,27.59052
26.45800,27.59152
26.45900,27.59252
26.46000,27.59352
26.46100,27.59452
26.46200,27.59552
26.46300,27.59652
26.46400,27.59752
26.46500,27.59852
26.46600,27.59952
26.46700,27.60052
26.46800,27.60152
26.46900,27.60252
26.47000,27.60352
26.47100,27.60452
26.47200,27.60552
26.47300,27.60652
26.47400,27.60752
26.47500,27.60852
26.47600,27.60952
26.47700,27.61052
26.47800,27.61152
26.47900,27.61252
26.48000,27.61352
26.48100,27.61452
26.48200,27.61552
26.48300,27.61652
26.48400,27.61752
26.48500,27.61852
26.48600,27.61952
26.48700,27.62052
26.48800,27.62152
26.48900,27.62252
26.49000,27.62352
26.49100,27.62452
26.49200,27.62552
26.49300,27.62652
26.49400,27.62752
26.49500,27.62852
26.49600,27.62952
26.49700,27.63052
26.49800,27.63152
26.49900,27.63252
26.50000,27.63352
26.50100,27.63452
26.50200,27.63552
26.50300,27.63652
26.50400,27.63752
26.50500,27.63852
26.50600,27.63952
26.50700,27.64052
26.50800,27.64152
26.50900,27.64252
26.51000,27.64352
26.51100,27.64452
26.51200,27.64552
26.51300,27.64652
26.51400,27.64752
26.51500,27.64852
26.51600,27.64952
26.51700,27.65052
26.51800,27.65152
26.51900,27.65252
26.52000,27.65352
26.52100,27.65452
26.52200,27.65552
26.52300,27.65652
26.52400,27.65752
26.52500,27.65852
26.52600,27.65952
26.52700,27.66052
26.52800,27.66152
26.52900,27.66252
26.53000,27.66352
26.53100,27.66452
26.53200,27.66552
26.53300,27.66652
26.53400,27.66752
26.53500,27.66852
26.53600,27.66952
26.53700,27.67052
26.53800,27.67152
26.53900,27.67252
26.54000,27.67352
26.54100,27.67852
26.54200,27.67952
26.54300,27.68052
26.54400,27.68152
26.54500,27.68252
26.54600,27.68352
26.54700,27.68452
26.54800,27.68552
26.54900,27.68652
26.55000,27.68752
26.55100,27.68852
26.55200,27.68952
26.55300,27.69052
26.55400,27.69152
26.55500,27.69252
26.55600,27.69352
26.55700,27.69452
26.55800,27.69552
26.55900,27.69652
26.56000,27.69752
26.56100,27.69852
26.56200,27.69952
26.56300,27.70052
26.56400,27.70152
26.56500,27.70252
26.56600,27.70352
26.56700,27.70452
26.56800,27.70552
26.56900,27.70652
26.57000,27.70752
26.57100,27.70852
26.57200,27.70952
26.57300,27.71052
26.57400,27.71152
26.57500,27.71252
26.57600,27.71352
26.57700,27.71452
26.57800,27.71552
26.57900,27.71652
26.58000,27.71752
26.58100,27.71852
26.58200,27.71952
26.58300,27.72052
26.58400,27.72152
26.58500,27.72252
26.58600,27.72352
26.58700,27.72452
26.58800,27.72552
26.58900,27.72652
26.59000,27.72752
26.59100,27.72852
26.59200,27.72952
26.59300,27.73052
26.59400,27.73152
26.59500,27.73252
26.59600,27.73352
26.59700,27.73452
26.59800,27.73552
26.59900,27.73652
26.60000,27.73752
26.60100,27.73852
26.60200,27.73952
26.60300,27.74052
26.60400,27.74152
26.60500,27.74252
26.60600,27.74352
26.60700,27.74452
26.60800,27.74552
26.60900,27.74652
26.61000,27.74752
26.61100,27.74852
26.61200,27.74952
26.61300,27.75052
26.61400,27.75152
26.61500,27.75252
26.61600,27.75352
26.61700,27.75452
26.61800,27.75552
26.61900,27.75652
26.62000,27.75752
26.62100,27.75852
26.62200,27.75952
26.62300,27.76052
26.62400,27.76152
26.62500,27.76252
26.62600,27.76352
26.62700,27.76452
26.62800,27.76552
26.62900,27.76652
26.63000,27.76752
26.63100,27.76852
26.63200,27.76952
26.63300,27.77052
26.63400,27.77152
26.63500,27.77252
26.63600,27.77352
26.63700,27.77452
26.63800,27.77552
26.63900,27.77652
26.64000,27.77752
26.64100,27.77852
26.64200,27.77952
26.64300,27.78052
26.64400,27.78152
26.64500,27.78252
26.64600,27.78352
26.64700,27.78452
26.64800,27.78552
26.64900,27.78652
26.65000,27.78752
26.65100,27.78852
26.65200,27.78952
26.65300,27.79052
26.65400,27.79152
26.65500,27.79252
26.65600,27.79352
26.65700,27.79452
26.65800,27.79552
26.65900,27.79652
26.66000,27.79752
26.66100,27.79852
26.66200,27.79952
26.66300,27.80052
26.66400,27.80152
26.66500,27.80252
26.66600,27.80352
26.66700,27.80452
26.66800,27.80552
26.66900,27.80652
26.67000,27.80752
26.67100,27.80852
26.67200,27.80952
26.67300,27.81052
26.67400,27.81152
26.67500,27.81252
26.67600,27.81352
26.67700,27.81452
26.67800,27.81552
26.67900,27.81652
26.68000,27.81752
26.68100,27.81852
26.68200,27.81952
26.68300,27.82052
26.68400,27.82152
26.68500,27.82252
26.68600,27.82352
26.68700,27.82452
26.68800,27.82552
26.68900,27.82652
26.69000,27.82752
26.69100,27.82852
26.69200,27.82952
26.69300,27.83052
26.69400,27.83152
26.69500,27.83252
26.69600,27.83352
26.69700,27.83452
26.69800,27.83552
26.69900,27.83652
26.70000,27.83752
26.70100,27.83852
26.70200,27.83952
26.70300,27.84052
26.70400,27.84152
26.70500,27.84252
26.70600,27.84352
26.70700,27.84452
26.70800,27.84552
26.70900,27.84652
26.71000,27.84752
26.71100,27.84852
26.71200,27.84952
26.71300,27.85052
26.71400,27.85152
26.71500,27.85252
26.71600,27.85352
26.71700,27.85452
26.71800,27.85552
26.71900,27.85652
26.72000,27.85752
26.72100,27.85852
26.72200,27.85952
26.72300,27.86052
26.72400,27.86152
26.72500,27.86252
26.72600,27.86352
26.72700,27.86452
26.72800,27.86552
26.72900,27.86652
26.73000,27.86752
26.73100,27.86852
26.73200,27.86952
26.73300,27.87052
26.73400,27.87152
26.73500,27.87252
26.73600,27.87352
26.73700,27.87452
26.73800,27.87552
26.73900,27.87652
26.74000,27.87752
26.74100,27.87852
26.74200,27.87952
26.74300,27.88052
26.74400,27.88152
26.74500,27.88252
26.74600,27.88352
26.74700,27.88452
26.74800,27.88552
26.75100,27.88652
26.75200,27.88752
26.75300,27.88852
26.76300,27.88952
26.76400,27.89052
26.76500,27.89152
26.76600,27.89252
26.76700,27.89352
26.76800,27.89452
26.76900,27.89552
26.77000,27.89652
26.77100,27.89752
26.77200,27.89852
26.77300,27.89952
26.77400,27.90052
26.77500,27.90152
26.77600,27.90252
26.77700,27.90352
26.77800,27.90452
26.77900,27.90552
26.78000,27.90652
26.78100,27.90752
26.78200,27.90852
26.78300,27.90952
26.78400,27.91052
26.78500,27.91152
26.78600,27.91252
26.78700,27.91352
26.78800,27.91452
26.78900,27.91552
26.79000,27.91652
26.79100,27.91752
26.79200,27.91852
26.79300,27.91952
26.79400,27.92052
26.79500,27.92152
26.79600,27.92252
26.79700,27.92352
26.79800,27.92452
26.79900,27.92552
26.80000,27.92652
26.80100,27.92752
26.80200,27.92852
26.80300,27.92952
26.80400,27.93052
26.80500,27.93152
26.80600,27.93252
26.80700,27.93352
26.80800,27.93452
26.80900,27.93552
26.81000,27.93652
26.81100,27.93752
26.81200,27.93852
26.81300,27.93952
26.81400,27.94052
26.81500,27.94152
26.81600,27.94252
26.81700,27.94352
26.81800,27.94452
26.81900,27.94552
26.82000,27.94652
26.82100,27.94752
26.82200,27.94852
26.82300,27.94952
26.82400,27.95052
26.82500,27.95152
26.82600,27.95252
26.82700,27.95352
26.82800,27.95452
26.82900,27.95552
26.83000,27.95652
26.83100,27.95752
26.83200,27.95852
26.83300,27.95952
26.83400,27.96052
26.83500,27.96152
26.83600,27.96252
26.83700,27.96352
26.83800,27.96452
26.83900,27.96552
26.84000,27.96652
26.84100,27.96752
26.84200,27.96852
26.84300,27.96952
26.84400,27.97052
26.84500,27.97152
26.84600,27.97252
26.84700,27.97352
26.84800,27.97452
26.84900,27.97552
26.85000,27.97652
26.85100,27.97752
26.85200,27.97852
26.85300,27.97952
26.85400,27.98052
26.85500,27.98152
26.85600,27.98252
26.85700,27.98352
26.85800,27.98452
26.85900,27.98552
26.86000,27.98652
26.86100,27.98752
26.86200,27.98852
26.86300,27.98952
26.86400,27.99052
26.86500,27.99152
26.86600,27.99252
26.86700,27.99352
26.86800,27.99452
26.86900,27.99552
26.87000,27.99652
26.87100,27.99752
26.87200,27.99852
26.87300,27.99952
26.87400,28.00052
26.87500,28.00152
26.87600,28.00252
26.87700,28.00352
26.87800,28.00452
26.87900,28.00552
26.88000,28.00652
26.88200,28.00752
26.88400,28.00852
26.88500,28.00952
26.88600,28.01052
26.88700,28.01152
26.88800,28.01252
26.88900,28.01352
26.89000,28.01452
26.89100,28.01552
26.89200,28.01652
26.89300,28.01752
26.89400,28.01852
26.89500,28.01952
26.89600,28.02052
26.89700,28.02152
26.89800,28.02252
26.89900,28.02352
26.90000,28.02452
26.90100,28.02552
26.90200,28.02652
26.90300,28.02752
26.90400,28.02852
26.90500,28.02952
26.90600,28.03052
26.90700,28.03152
26.90800,28.03252
26.90900,28.03352
26.91000,28.03452
26.91100,28.03552
26.91200,28.03652
26.91300,28.03752
26.91400,28.03852
26.91500,28.03952
26.91600,28.04052
26.91700,28.04152
26.91800,28.04252
26.91900,28.04352
26.92000,28.04452
26.92100,28.04552
26.92200,28.04652
26.92300,28.04752
26.92400,28.04852
26.92500,28.04952
26.92600,28.05052
26.92700,28.05152
26.92800,28.05252
26.92900,28.05352
26.93000,28.05452
26.93100,28.05552
26.93200,28.05652
26.93300,28.05752
26.93400,28.05852
26.93500,28.05952
26.93600,28.06052
26.93700,28.06152
26.93800,28.06252
26.93900,28.06352
26.94000,28.06452
26.94100,28.06552
26.94200,28.06652
26.94300,28.06752
26.94400,28.06852
26.94500,28.06952
26.94600,28.07052
26.94700,28.07152
26.94800,28.07252
26.94900,28.07352
26.95000,28.07452
26.95100,28.07552
26.95200,28.07652
26.95300,28.07752
26.95400,28.07852
26.95500,28.07952
26.95600,28.08052
26.95700,28.08152
26.95800,28.08252
26.95900,28.08352
26.96000,28.08452
26.96100,28.08552
26.96200,28.08652
26.96300,28.08752
26.96400,28.08852
26.96500,28.08952
26.96600,28.09052
26.96700,28.09152
26.96800,28.09252
26.96900,28.09352
26.97000,28.09452
26.97100,28.09552
26.97200,28.09652
26.97300,28.09752
26.97400,28.09852
26.97500,28.09952
26.97600,28.10052
26.97700,28.10152
26.97800,28.10252
26.97900,28.10352
26.98000,28.10452
26.98100,28.10552
26.98200,28.10652
26.98300,28.10752
26.98400,28.10852
26.98500,28.10952
26.98600,28.11052
26.98700,28.11152
26.98800,28.11252
26.98900,28.11352
26.99000,28.11452
26.99100,28.11552
26.99200,28.11652
26.99300,28.11752
26.99400,28.11852
26.99500,28.11952
26.99600,28.12052
26.99700,28.12152
26.99800,28.12252
27.00900,28.12352
27.01000,28.12452
27.01100,28.12552
27.01200,28.12652
27.01300,28.12752
27.01400,28.12852
27.01500,28.12952
27.01600,28.13052
27.01700,28.13152
27.01800,28.13252
27.01900,28.13352
27.02000,28.13452
27.02100,28.13552
27.03000,28.13652
27.03100,28.13752
27.03200,28.13852
27.03300,28.13952
27.03400,28.14052
27.03500,28.14152
27.03600,28.14252
27.03700,28.14352
27.03800,28.14452
27.03900,28.14552
27.04000,28.14652
27.04100,28.14752
27.04200,28.14852
27.04300,28.14952
27.04400,28.15052
27.04500,28.15152
27.04600,28.15252
27.04700,28.15352
27.04800,28.15452
27.04900,28.15552
27.05000,28.15652
27.05100,28.15752
27.05200,28.15852
27.05300,28.15952
27.05400,28.16052
27.05500,28.16152
27.05600,28.16252
27.05700,28.16352
27.05800,28.16452
27.05900,28.16552
27.06000,28.16652
27.06100,28.16752
27.06200,28.16852
27.06300,28.16952
27.06400,28.17052
27.06500,28.17152
27.06600,28.17252
27.06700,28.17352
27.06800,28.17452
27.06900,28.17552
27.07000,28.17652
27.07200,28.17752
27.07300,28.17852
27.07400,28.17952
27.07500,28.18052
27.07600,28.18152
27.07700,28.18252
27.07800,28.18352
27.07900,28.18452
27.08000,28.18552
27.08100,28.18652
27.08200,28.18752
27.08300,28.18852
27.08400,28.18952
27.08500,28.19052
27.08600,28.19152
27.08700,28.19252
27.08800,28.19352
27.08900,28.19452
27.09000,28.19552
27.09100,28.19652
27.09200,28.19752
27.09300,28.19852
27.09400,28.19952
27.09500,28.20052
27.09600,28.20152
27.09700,28.20252
27.09800,28.20352
27.09900,28.20452
27.10000,28.20552
27.10100,28.20652
27.10200,28.20752
27.10300,28.20852
27.10400,28.20952
27.10500,28.21052
27.10600,28.21152
27.10700,28.21252
27.10800,28.21352
27.10900,28.21452
27.12000,28.21552
27.12100,28.21652
27.12200,28.21752
27.12300,28.21852
27.12400,28.21952
27.12500,28.22052
27.12600,28.22152
27.12700,28.22252
27.12800,28.22352
27.12900,28.22452
27.13000,28.22552
27.13100,28.22652
27.13200,28.22752
27.13300,28.22852
27.13400,28.22952
27.13500,28.23052
27.13600,28.23152
27.13700,28.23252
27.13800,28.23352
27.13900,28.23452
27.14000,28.23552
27.14100,28.23652
27.14200,28.23752
27.14300,28.23852
27.14400,28.23952
27.14500,28.24052
27.14600,28.24152
27.14700,28.24252
27.14800,28.24352
27.14900,28.24452
27.15000,28.24552
27.15100,28.24652
27.15200,28.24752
27.15300,28.24852
27.15400,28.24952
27.15500,28.25052
27.15600,28.25152
27.15700,28.25252
27.15800,28.25352
27.15900,28.25452
27.16000,28.25552
27.16100,28.25652
27.16200,28.25752
27.16300,28.25852
27.16400,28.25952
27.16500,28.26052
27.16600,28.26152
27.16700,28.26252
27.16800,28.26352
27.16900,28.26452
27.17000,28.26552
27.17100,28.26652
27.17200,28.26752
27.17300,28.26852
27.17400,28.26952
27.17500,28.27052
27.17600,28.27152
27.17700,28.27252
27.17800,28.27352
27.17900,28.27452
27.18000,28.27552
27.18100,28.27652
27.18200,28.27752
27.18300,28.27852
27.18400,28.27952
27.18500,28.28052
27.18600,28.28152
27.18700,28.28252
27.18800,28.28352
27.18900,28.28452
27.19000,28.28552
27.19100,28.28652
27.19200,28.28752
27.19300,28.28852
27.19400,28.28952
27.19500,28.29052
27.19600,28.29152
27.19700,28.29252
27.19800,28.29352
27.19900,28.29452
27.20000,28.29552
27.20100,28.29652
27.20200,28.29752
27.20300,28.29852
27.20400,28.29952
27.20500,28.30052
27.20600,28.30152
27.20700,28.30252
27.20800,28.30352
27.20900,28.30452
27.21000,28.30552
27.21100,28.30652
27.21200,28.30752
27.21300,28.30852
27.21400,28.30952
27.21500,28.31052
27.21600,28.31152
27.21700,28.31252
27.21800,28.31352
27.21900,28.31452
27.22000,28.31552
27.22100,28.31652
27.22200,28.31752
27.22300,28.31852
27.22400,28.31952
27.22500,28.32152
27.22600,28.32252
27.22700,28.32852
27.22800,28.32952
27.22900,28.33052
27.23000,28.33152
27.23100,28.33252
27.23200,28.33352
27.23300,28.33452
27.23400,28.33552
27.23500,28.33652
27.23600,28.33752
27.23700,28.33852
27.23800,28.33952
27.23900,28.34052
27.24000,28.34152
27.24100,28.34252
27.24200,28.34352
27.24300,28.34452
27.24400,28.34552
27.24500,28.34652
27.24600,28.34752
27.24700,28.34852
27.24800,28.34952
27.24900,28.35052
27.25000,28.35152
27.25100,28.35252
27.25200,28.35352
27.25300,28.35452
27.25400,28.35552
27.25500,28.35652
27.25600,28.35752
27.25700,28.35852
27.25800,28.35952
27.25900,28.36052
27.26000,28.36152
27.26100,28.36252
27.26200,28.36352
27.26300,28.36452
27.26400,28.36552
27.26500,28.36652
27.26600,28.38052
27.26700,28.39752
27.26800,28.39852
27.26900,28.39952
27.27000,28.40652
27.27100,28.40752
27.27200,28.40852
27.27300,28.40952
27.27400,28.41052
27.27500,28.41152
27.27600,28.41252
27.27700,28.41352
27.27800,28.41452
27.27900,28.41552
27.28000,28.41652
27.28100,28.41752
27.28200,28.42052
27.28300,28.42152
27.28400,28.42252
27.28500,28.42452
27.28600,28.42552
27.28700,28.42652
27.28800,28.42752
27.28900,28.42852
27.29000,28.42952
27.29100,28.43052
27.29200,28.43152
27.29300,28.43252
27.29400,28.43352
27.29500,28.43452
27.29600,28.43552
27.29700,28.43652
27.29800,28.43752
27.29900,28.43852
27.30000,28.43952
27.30100,28.44052
27.30200,28.44152
27.30300,28.44252
27.30400,28.44352
27.30500,28.44452
27.30600,28.44552
27.30700,28.44652
27.30800,28.44752
27.30900,28.44852
27.31000,28.44952
27.31100,28.45052
27.31200,28.45152
27.31300,28.45252
27.31400,28.45352
27.31500,28.45452
27.31600,28.45552
27.31700,28.45652
27.31800,28.45752
27.31900,28.45852
27.32000,28.45952
27.32100,28.46052
27.32200,28.46152
27.32300,28.46252
27.32400,28.46352
27.32500,28.46452
27.32600,28.46552
27.32700,28.46652
27.32800,28.46752
27.32900,28.46852
27.33000,28.46952
27.33100,28.47052
27.33200,28.47152
27.33300,28.47252
27.33400,28.47352
27.33500,28.47452
27.33600,28.47552
27.33700,28.47652
27.33800,28.47752
27.33900,28.47852
27.34000,28.47952
27.34100,28.48052
27.34200,28.48152
27.34300,28.48252
27.34400,28.48352
27.34500,28.48452
27.34600,28.48552
27.34700,28.48652
27.34800,28.48752
27.34900,28.48852
27.35000,28.48952
27.35100,28.49052
27.35200,28.49152
27.35300,28.49252
27.35400,28.49352
27.35500,28.49452
27.35600,28.49552
27.35700,28.49652
27.35800,28.49752
27.35900,28.49852
27.36000,28.49952
27.36100,28.50052
27.36200,28.50152
27.36300,28.50252
27.36400,28.50352
27.36500,28.50452
27.36600,28.50552
27.36700,28.50652
27.36800,28.50752
27.36900,28.50852
27.37000,28.50952
27.37100,28.51052
27.37200,28.51152
27.37300,28.51252
27.37400,28.51352
27.37500,28.51452
27.37600,28.51552
27.37700,28.51652
27.37800,28.51752
27.37900,28.51852
27.38000,28.51952
27.38100,28.52052
27.38200,28.52152
27.38300,28.52252
27.38400,28.52352
27.38500,28.52452
27.38600,28.52552
27.38700,28.52652
27.38800,28.52752
27.38900,28.52852
27.39000,28.52952
27.39100,28.53052
27.39200,28.53152
27.39300,28.53252
27.39400,28.53352
27.39500,28.53452
27.39600,28.53552
27.39700,28.53652
27.39800,28.53752
27.39900,28.53852
27.40000,28.53952
27.40100,28.54052
27.40200,28.54152
27.40300,28.54252
27.40400,28.54352
27.40500,28.54452
27.40600,28.54552
27.40700,28.54652
27.40800,28.54752
27.40900,28.54852
27.41000,28.54952
27.41100,28.55052
27.41200,28.55152
27.41300,28.55252
27.41400,28.55352
27.41500,28.55452
27.41600,28.55552
27.41700,28.55652
27.41800,28.55752
27.41900,28.55852
27.42000,28.55952
27.42100,28.56052
27.42200,28.56152
27.42300,28.56252
27.42400,28.56352
27.42500,28.56452
27.42600,28.56552
27.42700,28.56652
27.42800,28.56752
27.42900,28.56852
27.43000,28.56952
27.43100,28.57052
27.43200,28.57152
27.43300,28.57252
27.43400,28.57352
27.43500,28.57452
27.43600,28.57552
27.43700,28.57652
27.43800,28.57752
27.43900,28.57852
27.44000,28.57952
27.44100,28.58052
27.44200,28.58152
27.44300,28.58252
27.44400,28.58352
27.44500,28.58452
27.44600,28.58552
27.44700,28.58652
27.44800,28.58752
27.44900,28.58852
27.45000,28.58952
27.45100,28.59052
27.45200,28.59152
27.45300,28.59252
27.45400,28.59352
27.45500,28.59452
27.45600,28.59552
27.45700,28.59652
27.45800,28.59752
27.45900,28.59852
27.46000,28.59952
27.46100,28.60052
27.46200,28.60152
27.46300,28.60252
27.46400,28.60352
27.46500,28.60452
27.46600,28.60552
27.46700,28.60652
27.46800,28.60752
27.47000,28.60852
27.47100,28.60952
27.47200,28.61052
27.47300,28.61152
27.47400,28.61252
27.47500,28.61352
27.48000,28.61452
27.48100,28.61552
27.48200,28.61652
27.48300,28.61752
27.48400,28.61852
27.48500,28.61952
27.48800,28.62052
27.48900,28.62152
27.49000,28.62252
27.49100,28.62352
27.49200,28.62452
27.49300,28.62552
27.49400,28.62652
27.49500,28.62752
27.49600,28.62852
27.49700,28.62952
27.49800,28.63052
27.49900,28.63152
27.50000,28.63252
27.50100,28.63352
27.50200,28.63452
27.50300,28.63552
27.50400,28.63652
27.50500,28.63752
27.50600,28.63852
27.50700,28.63952
27.50800,28.64052
27.50900,28.64152
27.51000,28.64252
27.51100,28.64352
27.51200,28.64452
27.51300,28.64552
27.51400,28.64652
27.51500,28.64752
27.51600,28.64852
27.51700,28.64952
27.51800,28.65052
27.51900,28.65152
27.52000,28.65252
27.52100,28.65352
27.52200,28.65452
27.52300,28.65552
27.52400,28.65652
27.52500,28.65752
27.52600,28.65852
27.52700,28.65952
27.52800,28.66052
27.52900,28.66152
27.53000,28.66252
27.53100,28.66352
27.53200,28.66452
27.53300,28.66552
27.53400,28.66652
27.53500,28.66752
27.53600,28.66852
27.53700,28.66952
27.53800,28.67052
27.53900,28.67152
27.54000,28.67252
27.54100,28.67352
27.54200,28.67452
27.54300,28.67552
27.54400,28.67652
27.54500,28.67752
27.54600,28.67852
27.54700,28.67952
27.54800,28.68052
27.54900,28.68152
27.55000,28.68252
27.55100,28.68352
27.55200,28.68452
27.55300,28.68552
27.55400,28.68652
27.55500,28.68752
27.55600,28.68852
27.55700,28.68952
27.55800,28.69052
27.55900,28.69152
27.56000,28.69252
27.56100,28.69352
27.56200,28.69452
27.56300,28.69552
27.56400,28.69652
27.56500,28.69752
27.56600,28.69852
27.56700,28.69952
27.56800,28.70052
27.56900,28.70152
27.57000,28.70252
27.57100,28.70352
27.57200,28.70452
27.57300,28.70552
27.57400,28.70652
27.57500,28.70752
27.57600,28.70852
27.57700,28.70952
27.57800,28.71052
27.57900,28.71152
27.58000,28.71252
27.58100,28.71352
27.58200,28.71452
27.58300,28.71552
27.58400,28.71652
27.58500,28.71752
27.58600,28.71852
27.58700,28.71952
27.58900,28.72052
27.59000,28.72152
27.59100,28.72252
27.59200,28.72352
27.59300,28.72452
27.59400,28.72552
27.59500,28.72652
27.59600,28.72752
27.59700,28.72852
27.59800,28.72952
27.59900,28.73052
27.60000,28.73152
27.60100,28.73252
27.60200,28.73352
27.60300,28.73452
27.60400,28.73552
27.60500,28.73652
27.60600,28.73752
27.60700,28.73852
27.60800,28.73952
27.60900,28.74052
27.61600,28.74152
27.61700,28.74252
27.61800,28.74352
27.61900,28.74452
27.62000,28.74552
27.62100,28.74652
27.62200,28.74752
27.62300,28.74852
27.62400,28.74952
27.62500,28.75052
27.62600,28.75152
27.62700,28.75252
27.62800,28.75352
27.62900,28.75452
27.63000,28.75552
27.63100,28.75652
27.63200,28.75752
27.63300,28.75852
27.63400,28.75952
27.63500,28.76052
27.63600,28.76152
27.63700,28.76252
27.63800,28.76352
27.63900,28.76452
27.64000,28.76552
27.64100,28.76652
27.64200,28.76752
27.64300,28.76852
27.64400,28.76952
27.64500,28.77052
27.64600,28.77152
27.64700,28.77252
27.64800,28.77352
27.64900,28.77452
27.65000,28.77552
27.65100,28.77652
27.65200,28.77752
27.65300,28.77852
27.65400,28.77952
27.65500,28.78052
27.65600,28.78152
27.65700,28.78252
27.65800,28.78352
27.65900,28.78452
27.66000,28.78552
27.66100,28.78652
27.66200,28.78752
27.66300,28.78852
27.66400,28.78952
27.66500,28.79052
27.66600,28.79152
27.66700,28.79252
27.66800,28.79352
27.66900,28.79452
27.67000,28.79552
27.67100,28.79652
27.67200,28.79752
27.67300,28.79852
27.67400,28.79952
27.67500,28.80052
27.67600,28.80152
27.67700,28.80252
27.67800,28.80352
27.67900,28.80452
27.68000,28.80552
27.68100,28.80652
27.68200,28.80752
27.68300,28.80852
27.68400,28.80952
27.68500,28.81052
27.68600,28.81152
27.68700,28.81252
27.68800,28.81352
27.68900,28.81452
27.69000,28.81552
27.69100,28.81652
27.69200,28.81752
27.69300,28.81852
27.69400,28.81952
27.69500,28.82052
27.69600,28.82152
27.69700,28.82252
27.69800,28.82352
27.69900,28.82452
27.70000,28.82552
27.70100,28.82652
27.70200,28.82752
27.70300,28.82852
27.70400,28.82952
27.70500,28.83052
27.70600,28.83152
27.70700,28.83252
27.70800,28.83352
27.70900,28.83452
27.71000,28.83552
27.71100,28.83652
27.71200,28.83752
27.71300,28.83852
27.71400,28.83952
27.71500,28.84052
27.71600,28.84152
27.71700,28.84252
27.71800,28.84352
27.71900,28.84452
27.72000,28.84552
27.72100,28.84652
27.72200,28.84752
27.72300,28.84852
27.72400,28.84952
27.72500,28.85052
27.72600,28.85152
27.72700,28.85252
27.72800,28.85352
27.72900,28.85452
27.73000,28.85552
27.73100,28.85652
27.73200,28.85752
27.73300,28.85852
27.73400,28.85952
27.73500,28.86052
27.73600,28.86152
27.73700,28.86252
27.73800,28.86352
27.73900,28.86452
27.74000,28.86552
27.74100,28.86652
27.74200,28.86752
27.74300,28.86852
27.74400,28.86952
27.74500,28.87052
27.74600,28.87152
27.74700,28.87252
27.74800,28.87352
27.74900,28.87452
27.75000,28.87552
27.75100,28.87652
27.75200,28.87752
27.75300,28.87852
27.75400,28.87952
27.75500,28.88052
27.75600,28.88152
27.75700,28.88252
27.75800,28.88352
27.75900,28.88452
27.76000,28.88552
27.76100,28.88652
27.76200,28.88752
27.76300,28.88852
27.76400,28.89352
27.76500,28.89452
27.76600,28.89552
27.76700,28.89652
27.76800,28.89752
27.76900,28.89852
27.77000,28.89952
27.77100,28.90052
27.77200,28.90152
27.77300,28.90252
27.77400,28.90352
27.77500,28.90452
27.77600,28.90552
27.77700,28.90652
27.77800,28.90752
27.77900,28.90852
27.78000,28.90952
27.78100,28.91052
27.78200,28.91152
27.78300,28.91252
27.78400,28.91352
27.78500,28.91452
27.78600,28.91552
27.78700,28.91652
27.78800,28.91752
27.78900,28.91852
27.79000,28.91952
27.79100,28.92052
27.79200,28.92152
27.79300,28.92252
27.79400,28.92352
27.79500,28.92452
27.79600,28.92552
27.79700,28.92652
27.79800,28.92752
27.79900,28.93252
27.80000,28.93352
27.80100,28.93452
27.80200,28.93552
27.80300,28.93652
27.80400,28.93752
27.80500,28.93852
27.80600,28.93952
27.80700,28.94052
27.80800,28.94152
27.80900,28.94252
27.81000,28.94352
27.81100,28.94452
27.81200,28.94552
27.81300,28.94652
27.81400,28.94752
27.81500,28.94852
27.81600,28.94952
27.81700,28.95152
27.81800,28.95252
27.81900,28.95352
27.82000,28.95452
27.82100,28.95652
27.82200,28.95752
27.82300,28.95852
27.82400,28.95952
27.82500,28.96052
27.82600,28.96152
27.82700,28.96252
27.82800,28.96352
27.82900,28.96452
27.83000,28.96552
27.83100,28.96652
27.83200,28.96752
27.83300,28.96852
27.83400,28.96952
27.83500,28.97052
27.83600,28.97152
27.83700,28.97252
27.83800,28.97352
27.83900,28.97452
27.84000,28.97552
27.84100,28.97652
27.84200,28.97752
27.84300,28.97852
27.84400,28.97952
27.84500,28.98052
27.84600,28.98152
27.84700,28.98252
27.84800,28.98352
27.84900,28.98452
27.85000,28.98552
27.85100,28.98652
27.85200,28.98752
27.85300,28.98852
27.85400,28.98952
27.85500,28.99052
27.85600,28.99152
27.85700,28.99252
27.85800,28.99352
27.85900,28.99452
27.86000,28.99552
27.86100,28.99652
27.86200,28.99752
27.86300,28.99852
27.86400,28.99952
27.86500,29.00052
27.86600,29.00152
27.86700,29.00252
27.86800,29.00352
27.86900,29.00452
27.87000,29.00552
27.87100,29.00652
27.87200,29.00752
27.87300,29.00852
27.87400,29.00952
27.87500,29.01052
27.87600,29.01152
27.87700,29.01252
27.87800,29.01352
27.87900,29.01452
27.88000,29.01552
27.88100,29.01652
27.88200,29.01752
27.88300,29.01852
27.88400,29.01952
27.88500,29.02252
27.88600,29.02352
27.88700,29.02452
27.88800,29.02552
27.88900,29.02652
27.89000,29.02752
27.89100,29.02852
27.89200,29.03152
27.89300,29.03252
27.89400,29.03352
27.89500,29.03452
27.89600,29.03552
27.89700,29.03652
27.89800,29.03952
27.89900,29.04052
27.90000,29.04152
27.90100,29.04252
27.90200,29.04352
27.90300,29.04452
27.90400,29.04552
27.90500,29.04652
27.90600,29.04752
27.90700,29.04852
27.90800,29.04952
27.90900,29.05052
27.91000,29.05152
27.91100,29.05252
27.91200,29.05352
27.91300,29.05452
27.91400,29.05552
27.91500,29.05652
27.91600,29.05752
27.91700,29.05852
27.91800,29.05952
27.91900,29.06052
27.92000,29.06152
27.92100,29.06252
27.92200,29.06352
27.92300,29.06452
27.92400,29.06552
27.92500,29.06652
27.92600,29.06752
27.92700,29.06852
27.92800,29.06952
27.92900,29.07052
27.93000,29.07152
27.93100,29.07252
27.93200,29.07352
27.93300,29.07452
27.93400,29.07552
27.93500,29.07652
27.93600,29.07752
27.93700,29.07852
27.93800,29.07952
27.93900,29.08052
27.94000,29.08152
27.94100,29.08252
27.94200,29.08352
27.94300,29.08452
27.94400,29.08552
27.94500,29.08652
27.94600,29.08752
27.94700,29.08952
27.94800,29.09052
27.94900,29.09152
27.95000,29.09252
27.95100,29.09352
27.95200,29.09452
27.95300,29.09552
27.95400,29.10952
27.95500,29.11752
27.95600,29.12452
27.95700,29.12852
27.95800,29.12952
27.95900,29.13052
27.96000,29.13152
27.96100,29.13252
27.96200,29.13352
27.96300,29.14152
27.96400,29.14252
27.96500,29.14352
27.96600,29.14452
27.96700,29.14552
27.96800,29.14652
27.96900,29.14752
27.97000,29.15052
27.97100,29.15152
27.97200,29.15252
27.97300,29.15352
27.97400,29.15452
27.97500,29.15552
27.97600,29.15652
27.97700,29.15752
27.97800,29.15852
27.97900,29.15952
27.98000,29.16052
27.98100,29.16152
27.98200,29.16252
27.98300,29.16452
27.98400,29.16552
27.98500,29.16652
27.98600,29.16752
27.98700,29.16852
27.98800,29.16952
27.98900,29.17052
27.99000,29.17152
27.99100,29.17252
27.99200,29.17352
27.99300,29.17452
27.99400,29.17552
27.99500,29.17652
27.99600,29.17752
27.99700,29.17852
27.99800,29.17952
27.99900,29.18052
28.00000,29.18152
28.00100,29.18252
28.00200,29.18352
28.00300,29.18452
28.00400,29.18552
28.00500,29.18652
28.00600,29.18752
28.00700,29.18852
28.00800,29.18952
28.00900,29.19052
28.01000,29.19152
28.01100,29.19252
28.01200,29.19552
28.01300,29.19652
28.01400,29.19752
28.01500,29.19852
28.01600,29.19952
28.01700,29.20052
28.01800,29.20152
28.01900,29.20252
28.02000,29.20352
28.02100,29.20452
28.02200,29.20552
28.02300,29.20652
28.02400,29.20752
28.02500,29.20852
28.02600,29.20952
28.02700,29.21052
28.02800,29.21152
28.02900,29.21252
28.03000,29.21352
28.03100,29.21452
28.03200,29.21552
28.03300,29.21652
28.03400,29.21752
28.03500,29.21852
28.03600,29.21952
28.03700,29.22052
28.03800,29.22152
28.03900,29.22252
28.04000,29.22352
28.04100,29.22452
28.04200,29.22552
28.04300,29.22652
28.04400,29.22752
28.04500,29.22852
28.04600,29.22952
28.04700,29.23052
28.04800,29.23152
28.04900,29.23252
28.05000,29.23352
28.05100,29.23452
28.05200,29.23552
28.05300,29.23652
28.05400,29.23752
28.05500,29.23852
28.05600,29.23952
28.05700,29.24052
28.05800,29.24152
28.05900,29.24252
28.06000,29.24352
28.06100,29.24452
28.06200,29.24552
28.06300,29.24652
28.06400,29.24752
28.06500,29.24852
28.06600,29.24952
28.06700,29.25052
28.06800,29.25152
28.06900,29.25252
28.07000,29.25352
28.07100,29.25452
28.07200,29.25552
28.07300,29.25652
28.07400,29.25752
28.07500,29.25852
28.07600,29.25952
28.07700,29.26052
28.07800,29.26152
28.07900,29.26252
28.08000,29.26352
28.08100,29.26452
28.08200,29.26552
28.08300,29.26652
28.08400,29.26752
28.08500,29.26852
28.08600,29.26952
28.08700,29.27052
28.08800,29.27152
28.08900,29.27252
28.09000,29.27352
28.09100,29.27452
28.09200,29.27552
28.09300,29.27652
28.09400,29.27752
28.09500,29.27852
28.09600,29.27952
28.09700,29.28052
28.09800,29.28152
28.09900,29.28252
28.10000,29.28352
28.10100,29.28452
28.10200,29.28552
28.10300,29.28652
28.10400,29.28752
28.10500,29.28852
28.10600,29.28952
28.10700,29.29052
28.10800,29.29152
28.10900,29.29252
28.11000,29.29352
28.11100,29.29452
28.11200,29.29552
28.11300,29.29652
28.11400,29.29752
28.11500,29.29852
28.11600,29.29952
28.11700,29.30052
28.11800,29.30152
28.11900,29.30252
28.12000,29.30352
28.12100,29.30452
28.12200,29.30552
28.12300,29.30652
28.12400,29.30752
28.12500,29.30852
28.12600,29.30952
28.12700,29.31052
28.12800,29.31152
28.12900,29.31252
28.13000,29.31352
28.13100,29.31452
28.13200,29.31552
28.13300,29.31652
28.13400,29.31752
28.13500,29.31852
28.13600,29.31952
28.13700,29.32052
28.13800,29.32152
28.13900,29.32252
28.14000,29.32352
28.14100,29.32452
28.14200,29.32552
28.14300,29.32652
28.14400,29.32752
28.14500,29.32852
28.14600,29.32952
28.14700,29.33052
28.14800,29.33152
28.14900,29.33252
28.15000,29.33352
28.15100,29.33452
28.15200,29.33552
28.15300,29.33652
28.15400,29.33752
28.15500,29.34352
28.15600,29.34452
28.15700,29.34552
28.15800,29.34652
28.15900,29.34752
28.16000,29.34852
28.16100,29.34952
28.16200,29.35052
28.16300,29.35152
28.16400,29.35252
28.16500,29.35352
28.16600,29.35452
28.16700,29.35552
28.16800,29.35652
28.16900,29.35752
28.17000,29.35852
28.17100,29.35952
28.17200,29.36052
28.17300,29.36152
28.17400,29.36252
28.17500,29.36352
28.17600,29.36452
28.17700,29.36552
28.17800,29.36652
28.17900,29.36752
28.18000,29.36852
28.18100,29.36952
28.18200,29.37052
28.18300,29.37152
28.18400,29.37252
28.18500,29.37352
28.18600,29.38252
28.18700,29.38352
28.18800,29.38452
28.18900,29.38552
28.19000,29.38652
28.19100,29.38752
28.19200,29.38852
28.19300,29.38952
28.19400,29.39052
28.19500,29.39152
28.19600,29.39252
28.19700,29.39352
28.19800,29.39452
28.19900,29.39552
28.20000,29.39652
28.20100,29.39752
28.20200,29.39852
28.20300,29.39952
28.20400,29.40052
28.20500,29.40152
28.20600,29.40252
28.20700,29.40352
28.20800,29.40452
28.20900,29.40552
28.21000,29.40652
28.21100,29.40752
28.21200,29.40852
28.21300,29.40952
28.21400,29.41052
28.21500,29.41152
28.21600,29.41252
28.21700,29.41352
28.21800,29.41452
28.21900,29.41552
28.22000,29.41652
28.22100,29.41752
28.22200,29.41852
28.22300,29.41952
28.22400,29.42052
28.22500,29.42152
28.22600,29.42252
28.22700,29.42352
28.22800,29.42452
28.22900,29.42552
28.23000,29.42652
28.23100,29.42752
28.23200,29.42852
28.23300,29.42952
28.23400,29.43052
28.23500,29.43152
28.23600,29.43252
28.23700,29.43352
28.23800,29.43452
28.23900,29.43552
28.24000,29.43652
28.24100,29.43752
28.24200,29.43852
28.24300,29.43952
28.24400,29.44052
28.24500,29.44152
28.24600,29.44252
28.24700,29.44352
28.24800,29.44452
28.24900,29.44552
28.25000,29.44652
28.25100,29.44752
28.25200,29.44852
28.25300,29.44952
28.25400,29.45052
28.25500,29.45152
28.25600,29.45252
28.25700,29.45352
28.25800,29.45452
28.25900,29.45552
28.26000,29.45652
28.26100,29.45752
28.26200,29.45852
28.26300,29.45952
28.26400,29.46052
28.26500,29.46152
28.26600,29.46252
28.26700,29.46352
28.26900,29.46452
28.27000,29.46552
28.27100,29.46652
28.27200,29.46752
28.27700,29.46852
28.27800,29.46952
28.28500,29.47052
28.28600,29.47152
28.28700,29.47252
28.28800,29.47352
28.28900,29.47452
28.29000,29.47552
28.29100,29.47652
28.29200,29.47752
28.29300,29.47852
28.29400,29.47952
28.29500,29.48052
28.29600,29.48152
28.29700,29.48252
28.29800,29.48352
28.29900,29.48452
28.30000,29.48552
28.30100,29.48652
28.30200,29.48752
28.30300,29.48852
28.30400,29.48952
28.30500,29.49052
28.30600,29.49152
28.30700,29.49252
28.30800,29.49352
28.30900,29.49452
28.31000,29.49552
28.31100,29.49652
28.31200,29.49752
28.31300,29.49852
28.31400,29.49952
28.31500,29.50052
28.31600,29.50152
28.31700,29.50252
28.31800,29.50352
28.31900,29.50452
28.32000,29.50552
28.32100,29.50652
28.32200,29.50752
28.32300,29.50852
28.32400,29.50952
28.32500,29.51052
28.32600,29.51152
28.32700,29.51252
28.32800,29.51352
28.32900,29.51452
28.33000,29.51552
28.33100,29.51652
28.33200,29.51752
28.33300,29.51852
28.33400,29.51952
28.33500,29.52052
28.33600,29.52152
28.33700,29.52252
28.33800,29.52352
28.33900,29.52452
28.34000,29.52552
28.34100,29.52652
28.34200,29.52752
28.34300,29.52852
28.34400,29.52952
28.34500,29.53052
28.34600,29.53152
28.34700,29.53252
28.34800,29.53352
28.34900,29.53452
28.35000,29.53552
28.35100,29.53652
28.35200,29.53752
28.35300,29.53852
28.35400,29.53952
28.35500,29.54052
28.35600,29.54152
28.35700,29.54252
28.35800,29.54352
28.35900,29.54452
28.36000,29.54552
28.36100,29.54652
28.36200,29.54752
28.36300,29.54852
28.36400,29.54952
28.36500,29.55052
28.36600,29.55152
28.36700,29.55252
28.36800,29.55352
28.36900,29.55452
28.37000,29.55552
28.37100,29.55652
28.37200,29.55752
28.37300,29.55852
28.37400,29.55952
28.37500,29.56052
28.37600,29.56152
28.37700,29.56252
28.37800,29.56352
28.37900,29.56452
28.38000,29.56552
28.38100,29.56652
28.38200,29.56752
28.38300,29.56852
28.38400,29.56952
28.38500,29.57052
28.38600,29.57152
28.38700,29.57252
28.38800,29.57352
28.38900,29.57452
28.39000,29.57552
28.39100,29.57652
28.39200,29.57752
28.39300,29.57852
28.39400,29.57952
28.39500,29.58052
28.39600,29.58152
28.39700,29.58252
28.39800,29.58352
28.39900,29.58452
28.40000,29.58552
28.40100,29.58652
28.40200,29.58752
28.40300,29.58852
28.40400,29.58952
28.40500,29.59052
28.40600,29.59152
28.40700,29.59252
28.40800,29.59352
28.40900,29.59452
28.41000,29.59552
28.41100,29.59652
28.41200,29.59752
28.41300,29.59852
28.41400,29.59952
28.41500,29.60052
28.41600,29.60152
28.41700,29.60252
28.41800,29.60352
28.41900,29.60452
28.42000,29.60552
28.42100,29.60652
28.42200,29.60752
28.42300,29.60852
28.42400,29.60952
28.42500,29.61052
28.42600,29.61152
28.42700,29.61252
28.42800,29.61352
28.42900,29.61452
28.43000,29.61552
28.43100,29.61652
28.43200,29.61752
28.43300,29.61852
28.43400,29.61952
28.43500,29.62052
28.43600,29.62152
28.43700,29.62252
28.43800,29.62352
28.43900,29.62452
28.44000,29.62552
28.44100,29.62652
28.44200,29.62752
28.44300,29.62852
28.44400,29.62952
28.44500,29.63052
28.44600,29.63152
28.44700,29.63252
28.44800,29.63352
28.44900,29.63452
28.45000,29.63552
28.45100,29.63652
28.45200,29.63752
28.45300,29.63852
28.45400,29.63952
28.45500,29.64052
28.45600,29.64152
28.45700,29.64252
28.45800,29.64352
28.45900,29.64452
28.46000,29.64552
28.46100,29.64652
28.46200,29.64752
28.46300,29.64852
28.46400,29.64952
28.46500,29.65052
28.46600,29.65152
28.46700,29.65252
28.46800,29.65352
28.46900,29.65452
28.47100,29.65552
28.47200,29.65652
28.47300,29.65752
28.47400,29.65852
28.47500,29.65952
28.48600,29.66052
28.49000,29.66152
28.49100,29.66252
28.49200,29.66352
28.49300,29.66452
28.49400,29.66552
28.49500,29.66652
28.49600,29.66752
28.49700,29.66852
28.49800,29.66952
28.49900,29.67052
28.50000,29.67152
28.50100,29.67252
28.50200,29.67352
28.50300,29.67452
28.50400,29.67552
28.50500,29.67652
28.50600,29.67752
28.50700,29.67852
28.50800,29.67952
28.50900,29.68052
28.51000,29.68152
28.51100,29.68252
28.51200,29.68352
28.51300,29.68452
28.51400,29.68552
28.51500,29.68652
28.51600,29.68752
28.51700,29.68852
28.51800,29.68952
28.51900,29.69052
28.52000,29.69152
28.52100,29.69252
28.52200,29.69352
28.52300,29.69452
28.52400,29.69552
28.52500,29.69652
28.52600,29.69752
28.52700,29.69852
28.52800,29.69952
28.52900,29.70052
28.53000,29.70152
28.53100,29.70252
28.53200,29.70352
28.53300,29.70452
28.53400,29.70552
28.53500,29.70652
28.53600,29.70752
28.53700,29.70852
28.53800,29.70952
28.53900,29.71052
28.54000,29.71152
28.54100,29.71252
28.54200,29.71352
28.54300,29.71452
28.54400,29.71552
28.54500,29.71652
28.54600,29.71752
28.54700,29.71852
28.54800,29.71952
28.54900,29.72052
28.55000,29.72152
28.55100,29.72252
28.55200,29.72352
28.55300,29.72452
28.55400,29.72552
28.55500,29.72652
28.55600,29.72752
28.55700,29.72852
28.55800,29.72952
28.55900,29.73052
28.56000,29.73152
28.56100,29.73252
28.56200,29.73352
28.56300,29.73452
28.56400,29.73552
28.56500,29.73652
28.56600,29.73752
28.56700,29.73852
28.56800,29.73952
28.56900,29.74052
28.57000,29.74152
28.57100,29.74252
28.57200,29.74352
28.57300,29.74452
28.57400,29.74552
28.57500,29.74652
28.57600,29.74752
28.57700,29.74852
28.57800,29.74952
28.57900,29.75052
28.58000,29.75152
28.58100,29.75252
28.58200,29.75352
28.58300,29.75452
28.58400,29.75552
28.58500,29.75652
28.58600,29.75752
28.58700,29.75852
28.58800,29.75952
28.58900,29.76052
28.59000,29.76152
28.59100,29.76252
28.59200,29.76352
28.59300,29.76452
28.59400,29.76552
28.59500,29.76652
28.59600,29.76752
28.59700,29.76852
28.59800,29.76952
28.59900,29.77052
28.60000,29.77152
28.60100,29.77252
28.60200,29.77352
28.60300,29.77452
28.60400,29.78352
28.60500,29.78452
28.60600,29.78552
28.60700,29.78652
28.60800,29.78752
28.60900,29.78852
28.61000,29.78952
28.61100,29.79052
28.61200,29.79152
28.61300,29.79252
28.61400,29.79352
28.61500,29.79452
28.61600,29.79652
28.61700,29.79752
28.61800,29.79852
28.61900,29.79952
28.62000,29.80052
28.62100,29.80152
28.62200,29.80252
28.62300,29.80352
28.62400,29.80452
28.62500,29.80552
28.62600,29.80652
28.63000,29.80752
28.63100,29.80852
28.63200,29.80952
28.63400,29.81052
28.63500,29.81152
28.63600,29.81252
28.63700,29.81352
28.63800,29.81452
28.63900,29.81552
28.64000,29.81652
28.64100,29.81752
28.64200,29.81852
28.64300,29.81952
28.64400,29.82052
28.64500,29.82152
28.64600,29.82252
28.64700,29.82352
28.64800,29.82452
28.64900,29.82552
28.65000,29.82652
28.65100,29.82752
28.65200,29.82852
28.65300,29.82952
28.65400,29.83052
28.65500,29.83152
28.65600,29.83252
28.65700,29.83352
28.65800,29.83452
28.65900,29.83552
28.66000,29.83652
28.66100,29.83752
28.66200,29.83852
28.66300,29.83952
28.66400,29.84052
28.66500,29.84152
28.66600,29.84252
28.66700,29.84352
28.66800,29.84452
28.66900,29.84552
28.67000,29.84652
28.67100,29.84752
28.67200,29.84852
28.67300,29.84952
28.67400,29.85052
28.67500,29.85152
28.67600,29.85252
28.67700,29.85352
28.67800,29.85452
28.67900,29.85552
28.68000,29.85652
28.68100,29.85752
28.68200,29.85852
28.68300,29.85952
28.68400,29.86052
28.68500,29.86152
28.68600,29.86252
28.68700,29.86352
28.68800,29.86452
28.68900,29.86552
28.69000,29.86652
28.69100,29.86752
28.69200,29.86852
28.69300,29.86952
28.69400,29.87052
28.69500,29.87152
28.69600,29.87252
28.69700,29.87352
28.69800,29.87452
28.69900,29.87552
28.70000,29.87652
28.70100,29.87752
28.70200,29.87852
28.70300,29.87952
28.70400,29.88052
28.70500,29.88152
28.70600,29.88252
28.70700,29.88352
28.70800,29.88452
28.70900,29.88552
28.71000,29.88652
28.71100,29.88752
28.71200,29.88852
28.71300,29.88952
28.71400,29.89052
28.71500,29.89152
28.71600,29.89252
28.71700,29.89352
28.71800,29.89452
28.71900,29.89552
28.72000,29.89652
28.72100,29.89752
28.72200,29.89852
28.72300,29.89952
28.72400,29.90052
28.72500,29.90152
28.72600,29.90252
28.72700,29.90352
28.72800,29.90452
28.72900,29.90552
28.73000,29.90652
28.73100,29.90752
28.73200,29.90852
28.73300,29.90952
28.73400,29.91052
28.73500,29.91152
28.73600,29.91252
28.73700,29.91352
28.73800,29.91452
28.73900,29.91552
28.74000,29.91652
28.74100,29.91752
28.74200,29.91852
28.74300,29.91952
28.74400,29.92052
28.74500,29.92152
28.74600,29.92252
28.74700,29.92352
28.74800,29.92452
28.74900,29.92552
28.75000,29.92652
28.75100,29.92752
28.75200,29.92852
28.75300,29.92952
28.75400,29.93052
28.75500,29.93152
28.75600,29.93252
28.75700,29.93352
28.75800,29.93452
28.75900,29.93552
28.76000,29.93652
28.76200,29.93752
28.76300,29.93852
28.76400,29.93952
28.76500,29.94052
28.76600,29.94152
28.76700,29.94252
28.76800,29.94352
28.76900,29.94452
28.77000,29.94552
28.77100,29.94652
28.77200,29.94752
28.77300,29.94852
28.77400,29.94952
28.77500,29.95052
28.77600,29.95152
28.77700,29.95252
28.77800,29.95352
28.77900,29.95452
28.78000,29.95552
28.78100,29.95652
28.78200,29.95752
28.78300,29.95852
28.78400,29.95952
28.78500,29.96052
28.78600,29.96152
28.78700,29.96252
28.78800,29.96352
28.78900,29.96452
28.79000,29.96552
28.79100,29.96652
28.79200,29.96752
28.79300,29.96852
28.79400,29.96952
28.79500,29.97052
28.79600,29.97152
28.79700,29.97252
28.79800,29.97352
28.79900,29.97452
28.80000,29.97552
28.80100,29.97652
28.80200,29.97752
28.80300,29.97852
28.80400,29.97952
28.80500,29.98052
28.80600,29.98152
28.80700,29.98252
28.80800,29.98352
28.80900,29.98452
28.81000,29.98552
28.81100,29.98652
28.81200,29.98752
28.81300,29.98852
28.81400,29.98952
28.81500,29.99052
28.81900,29.99152
28.82000,29.99252
28.82100,29.99352
28.82200,29.99452
28.82300,29.99552
28.82400,29.99652
28.82500,29.99752
28.82600,29.99852
28.82700,29.99952
28.82800,30.00052
28.82900,30.00152
28.83000,30.00252
28.83100,30.00352
28.83200,30.00452
28.83300,30.00552
28.83400,30.00652
28.83500,30.00752
28.83600,30.00852
28.83700,30.00952
28.83800,30.01052
28.83900,30.01152
28.84000,30.01252
28.84100,30.01352
28.84200,30.01452
28.84300,30.01552
28.84400,30.01652
28.84500,30.01752
28.84600,30.01852
28.84700,30.01952
28.84800,30.02052
28.84900,30.02152
28.85000,30.02252
28.85100,30.02352
28.85200,30.02452
28.85300,30.02552
28.85400,30.02652
28.85500,30.02752
28.85600,30.02852
28.85700,30.02952
28.85800,30.03052
28.85900,30.03152
28.86000,30.03252
28.86100,30.03352
28.86200,30.03452
28.86300,30.03552
28.86400,30.03652
28.86500,30.03752
28.86600,30.03852
28.86700,30.03952
28.86800,30.04052
28.86900,30.04152
28.87000,30.04252
28.87100,30.04352
28.87200,30.04452
28.87300,30.04552
28.87400,30.04652
28.87500,30.04752
28.87600,30.04852
28.87700,30.04952
28.87800,30.05052
28.87900,30.05152
28.88000,30.05252
28.88100,30.05352
28.88200,30.05452
28.88300,30.05552
28.88400,30.05652
28.88500,30.05752
28.88600,30.05852
28.88700,30.05952
28.88800,30.06052
28.88900,30.06152
28.89000,30.06252
28.89100,30.06352
28.89200,30.06452
28.89300,30.06552
28.89400,30.06652
28.89500,30.06752
28.89600,30.06852
28.89700,30.06952
28.89800,30.07052
28.89900,30.07152
28.90000,30.07252
28.90100,30.07352
28.90200,30.07452
28.90300,30.07552
28.90400,30.07652
28.90500,30.07752
28.90600,30.07852
28.90700,30.07952
28.90800,30.08052
28.90900,30.08152
28.91000,30.08252
28.91100,30.08352
28.91200,30.08452
28.91300,30.08552
28.91400,30.08652
28.91500,30.08752
28.91600,30.08852
28.91700,30.08952
28.91800,30.09052
28.91900,30.09152
28.92000,30.09252
28.92100,30.09352
28.92200,30.09452
28.92300,30.09552
28.92400,30.09652
28.92500,30.09752
28.92600,30.09852
28.92700,30.09952
28.92800,30.10052
28.92900,30.10152
28.93000,30.10252
28.93100,30.10352
28.93200,30.10452
28.93300,30.10552
28.93400,30.10652
28.93500,30.10752
28.93600,30.10852
28.93700,30.10952
28.93800,30.11052
28.93900,30.11152
28.94000,30.11252
28.94100,30.11352
28.94200,30.11452
28.94300,30.11552
28.94400,30.11652
28.94500,30.11752
28.94700,30.11852
28.94800,30.11952
28.94900,30.12052
28.95000,30.12152
28.95100,30.12252
28.95200,30.12352
28.95300,30.12452
28.95400,30.12552
28.95500,30.12652
28.95600,30.12752
28.95700,30.12852
28.95800,30.12952
28.95900,30.13052
28.96000,30.13152
28.96100,30.13252
28.96200,30.13352
28.96300,30.13452
28.96400,30.13552
28.96500,30.13652
28.96600,30.13752
28.96700,30.13852
28.96800,30.13952
28.96900,30.14052
28.97000,30.14152
28.97100,30.14252
28.97200,30.14352
28.97300,30.14452
28.97400,30.14552
28.97500,30.14652
28.97600,30.14752
28.97700,30.14852
28.97800,30.14952
28.97900,30.15052
28.98000,30.15152
28.98100,30.15252
28.98200,30.15352
28.98300,30.15452
28.98400,30.15552
28.98500,30.15652
28.98600,30.15752
28.98700,30.15852
28.98800,30.15952
28.98900,30.16052
28.99000,30.16152
28.99100,30.16252
28.99200,30.16352
28.99300,30.16452
28.99400,30.16552
28.99500,30.16652
28.99600,30.16752
28.99700,30.16852
28.99800,30.16952
28.99900,30.17052
29.00000,30.17152
29.00100,30.17252
29.00200,30.17352
29.00300,30.17452
29.00400,30.17552
29.00500,30.17652
29.00600,30.17752
29.00700,30.17852
29.00800,30.17952
29.00900,30.18052
29.01000,30.18152
29.01100,30.18252
29.01200,30.18352
29.01300,30.18452
29.01400,30.18552
29.01500,30.18652
29.01600,30.18752
29.01700,30.18852
29.01800,30.18952
29.01900,30.19052
29.02000,30.19152
29.02100,30.19252
29.02200,30.19352
29.02300,30.19452
29.02400,30.19552
29.02500,30.19652
29.02600,30.19752
29.02700,30.19852
29.02800,30.19952
29.02900,30.20052
29.03000,30.20152
29.03100,30.20252
29.03200,30.20352
29.03300,30.20452
29.03400,30.20552
29.03500,30.20652
29.03600,30.20752
29.03700,30.20852
29.03800,30.20952
29.03900,30.21052
29.04000,30.21152
29.04100,30.21252
29.04200,30.21352
29.04300,30.21452
29.04400,30.21552
29.04500,30.21652
29.04600,30.21752
29.04700,30.21852
29.04800,30.21952
29.04900,30.22052
29.05000,30.22152
29.05100,30.22252
29.05200,30.22352
29.05300,30.22452
29.05400,30.22552
29.05500,30.22652
29.05600,30.22752
29.05700,30.22852
29.05800,30.22952
29.05900,30.23052
29.06000,30.23152
29.06100,30.23252
29.06200,30.23352
29.06300,30.23452
29.06400,30.23552
29.06500,30.23652
29.06600,30.23752
29.06700,30.23852
29.06800,30.23952
29.06900,30.24052
29.07000,30.24152
29.07100,30.24252
29.07200,30.24352
29.07300,30.24452
29.07400,30.24552
29.07500,30.24652
29.07600,30.24752
29.07700,30.24852
29.07800,30.24952
29.07900,30.25052
29.08000,30.25152
29.08100,30.25252
29.08200,30.25352
29.08300,30.25452
29.08400,30.25552
29.08500,30.25652
29.08600,30.25752
29.08700,30.25852
29.08800,30.25952
29.08900,30.26052
29.09000,30.26152
29.09100,30.26252
29.09200,30.26352
29.09300,30.26452
29.09400,30.26552
29.09500,30.26652
29.09600,30.26752
29.09700,30.26852
29.09800,30.26952
29.09900,30.27052
29.10000,30.27152
29.10100,30.27252
29.10200,30.27452
29.10300,30.27552
29.10400,30.27652
29.10500,30.27752
29.10600,30.27852
29.10700,30.27952
29.10800,30.28052
29.10900,30.28152
29.11000,30.28252
29.11100,30.28352
29.11200,30.28452
29.11300,30.28552
29.11400,30.28652
29.11500,30.28752
29.11600,30.28952
29.11700,30.29052
29.11800,30.29152
29.11900,30.29252
29.12000,30.29352
29.12100,30.29452
29.12200,30.29552
29.12300,30.29652
29.12400,30.29752
29.12500,30.29852
29.12600,30.29952
29.12700,30.30052
29.12800,30.30152
29.12900,30.30252
29.13000,30.30352
29.13100,30.30452
29.13200,30.30552
29.13300,30.30652
29.13400,30.30752
29.13500,30.30852
29.13600,30.30952
29.13700,30.31052
29.13800,30.31152
29.13900,30.31252
29.14000,30.31352
29.14100,30.31452
29.14200,30.31552
29.14300,30.31652
29.14400,30.31752
29.14500,30.31852
29.14600,30.31952
29.14700,30.32052
29.14800,30.32152
29.14900,30.32252
29.15000,30.32352
29.15100,30.32452
29.15200,30.32552
29.15300,30.32652
29.15400,30.32752
29.15500,30.32852
29.15600,30.32952
29.15700,30.33052
29.15800,30.33152
29.15900,30.33252
29.16000,30.33352
29.16100,30.33452
29.16200,30.33552
29.16300,30.33652
29.16400,30.33752
29.16500,30.33852
29.16600,30.33952
29.16800,30.34052
29.16900,30.34152
29.17000,30.34252
29.17100,30.34352
29.17200,30.34452
29.17300,30.34552
29.17400,30.34652
29.17500,30.34752
29.17600,30.34852
29.17700,30.34952
29.17800,30.35052
29.17900,30.35152
29.18000,30.35252
29.18100,30.35352
29.18200,30.35452
29.18300,30.35552
29.18400,30.35652
29.18500,30.35752
29.18600,30.35852
29.18700,30.35952
29.18800,30.36052
29.18900,30.36152
29.19000,30.36252
29.19100,30.36352
29.19200,30.36452
29.19300,30.36552
29.19400,30.36652
29.19500,30.36752
29.19600,30.36852
29.19700,30.36952
29.19800,30.37052
29.19900,30.37152
29.20000,30.37252
29.20100,30.37352
29.20200,30.37452
29.20300,30.37552
29.20400,30.37652
29.20500,30.37752
29.20600,30.37852
29.20700,30.37952
29.20800,30.38052
29.20900,30.38152
29.21000,30.38252
29.21100,30.38352
29.21200,30.38452
29.21300,30.38552
29.21400,30.38652
29.21500,30.38752
29.21600,30.38852
29.21700,30.38952
29.21800,30.39052
29.21900,30.39152
29.22000,30.39252
29.22100,30.39352
29.22200,30.39452
29.22300,30.39552
29.22400,30.39652
29.22500,30.39752
29.22600,30.39852
29.22700,30.39952
29.22800,30.40052
29.22900,30.40152
29.23000,30.40252
29.23100,30.40352
29.23200,30.40452
29.23300,30.40552
29.23400,30.40652
29.23500,30.40752
29.23600,30.40852
29.23700,30.40952
29.23800,30.41052
29.23900,30.41152
29.24000,30.41252
29.24100,30.41352
29.24200,30.41452
29.24300,30.41552
29.24400,30.41652
29.24500,30.41752
29.24600,30.41852
29.24700,30.41952
29.24800,30.42052
29.24900,30.42152
29.25000,30.42252
29.25100,30.42352
29.25200,30.42452
29.25300,30.42552
29.25400,30.42652
29.25500,30.42752
29.25600,30.42852
29.25700,30.42952
29.25800,30.43052
29.25900,30.43152
29.26000,30.43252
29.26100,30.43352
29.26200,30.43452
29.26300,30.43552
29.26400,30.43652
29.26500,30.43752
29.26600,30.43852
29.26700,30.43952
29.26800,30.44052
29.26900,30.44152
29.27000,30.44252
29.27100,30.44352
29.27200,30.44452
29.27300,30.44552
29.27400,30.44652
29.27500,30.44752
29.27600,30.44852
29.27700,30.44952
29.27800,30.45052
29.27900,30.45152
29.28000,30.45252
29.28100,30.45352
29.28200,30.45452
29.28300,30.45552
29.28400,30.45652
29.28500,30.45752
29.28600,30.45852
29.28700,30.45952
29.28800,30.46052
29.28900,30.46152
29.29000,30.46252
29.29100,30.46352
29.29200,30.46452
29.29300,30.46552
29.29400,30.46652
29.29500,30.46752
29.29600,30.46852
29.29700,30.46952
29.29800,30.47052
29.29900,30.47152
29.30000,30.47252
29.30100,30.47352
29.30200,30.47452
29.30300,30.47552
29.30400,30.47652
29.30500,30.47752
29.30600,30.47852
29.30700,30.47952
29.30800,30.48052
29.30900,30.48152
29.31000,30.48452
29.31100,30.48552
29.31200,30.48652
29.31300,30.48752
29.31400,30.48852
29.31500,30.48952
29.31600,30.49052
29.31700,30.49152
29.31800,30.49252
29.31900,30.49352
29.32000,30.49452
29.32100,30.49552
29.32200,30.49652
29.32300,30.49752
29.32400,30.49852
29.32500,30.49952
29.32600,30.50052
29.32700,30.50152
29.32800,30.50252
29.32900,30.50352
29.33000,30.50452
29.33100,30.50552
29.33200,30.50652
29.33300,30.50752
29.33400,30.50852
29.33500,30.50952
29.33600,30.51052
29.33700,30.51152
29.33800,30.51252
29.33900,30.51352
29.34000,30.51452
29.34100,30.51552
29.34200,30.51652
29.34300,30.51852
29.34400,30.51952
29.34500,30.52052
29.34600,30.52152
29.34700,30.52252
29.34800,30.52352
29.34900,30.52452
29.35000,30.52552
29.35100,30.52652
29.35200,30.52752
29.35300,30.52852
29.35400,30.52952
29.35500,30.53052
29.35600,30.53152
29.35700,30.53252
29.35800,30.53352
29.35900,30.53452
29.36000,30.53552
29.36100,30.53652
29.36200,30.53752
29.36300,30.53952
29.36400,30.54052
29.36500,30.54152
29.36600,30.54252
29.36700,30.54352
29.36800,30.54452
29.36900,30.54552
29.37000,30.54652
29.37100,30.54752
29.37200,30.54852
29.37300,30.54952
29.37400,30.55052
29.37500,30.55152
29.37600,30.55252
29.37700,30.55352
29.37800,30.55452
29.37900,30.56152
29.38000,30.56252
29.38100,30.56552
29.38200,30.56652
29.38300,30.57052
29.38400,30.57152
29.38500,30.57252
29.38600,30.57352
29.38700,30.57452
29.38800,30.57552
29.38900,30.57652
29.39000,30.57752
29.39100,30.57852
29.39200,30.57952
29.39300,30.58052
29.39400,30.58152
29.39500,30.58252
29.39600,30.58352
29.39700,30.58452
29.39800,30.58552
29.39900,30.58652
29.40000,30.58752
29.40100,30.58852
29.40200,30.58952
29.40300,30.59052
29.40400,30.59152
29.40500,30.59252
29.40600,30.59352
29.40700,30.59452
29.40800,30.59552
29.40900,30.59652
29.41000,30.59752
29.41100,30.59852
29.41200,30.59952
29.41300,30.60052
29.41400,30.60152
29.41500,30.60252
29.41600,30.60352
29.41700,30.60452
29.41800,30.60552
29.41900,30.60652
29.42000,30.60752
29.42100,30.60852
29.42200,30.60952
29.42300,30.61052
29.42400,30.61152
29.42500,30.61252
29.42600,30.61352
29.42700,30.61452
29.42800,30.61552
29.42900,30.61652
29.43000,30.61752
29.43100,30.61852
29.43200,30.61952
29.43300,30.62052
29.43400,30.62152
29.43500,30.62252
29.43600,30.62352
29.43700,30.62452
29.43800,30.62552
29.43900,30.62652
29.44000,30.62752
29.44100,30.62852
29.44200,30.62952
29.44300,30.63052
29.44400,30.63152
29.44500,30.63252
29.44600,30.63352
29.44700,30.63452
29.44800,30.63552
29.44900,30.63652
29.45000,30.63752
29.45100,30.63852
29.45200,30.63952
29.45300,30.64052
29.45400,30.64152
29.45500,30.64252
29.45600,30.64352
29.45700,30.64452
29.45800,30.64552
29.45900,30.64652
29.46000,30.64752
29.46100,30.64852
29.46200,30.64952
29.46300,30.65052
29.46400,30.65152
29.46500,30.65252
29.46600,30.65352
29.46700,30.65452
29.46800,30.65552
29.46900,30.65652
29.47000,30.65752
29.47100,30.65852
29.47200,30.65952
29.47300,30.66052
29.47400,30.66152
29.47500,30.66252
29.47600,30.66352
29.47700,30.66452
29.47800,30.66552
29.47900,30.66652
29.48000,30.66752
29.48100,30.66852
29.48200,30.66952
29.48300,30.67052
29.48400,30.67152
29.48500,30.67252
29.48600,30.67352
29.48700,30.67452
29.48800,30.67552
29.48900,30.67652
29.49000,30.67752
29.49100,30.67852
29.49200,30.67952
29.49300,30.68052
29.49400,30.68152
29.49500,30.68252
29.49600,30.68352
29.49700,30.68452
29.49800,30.68552
29.49900,30.68652
29.50000,30.68752
29.50100,30.68852
29.50200,30.68952
29.50300,30.69052
29.50400,30.69152
29.50500,30.69252
29.50600,30.69352
29.50700,30.69452
29.50800,30.69552
29.50900,30.69652
29.51000,30.69752
29.51100,30.69852
29.51200,30.69952
29.51300,30.70052
29.51400,30.70152
29.51500,30.70252
29.51600,30.70352
29.51700,30.70452
29.51800,30.70552
29.51900,30.70652
29.52000,30.70752
29.52100,30.70852
29.52200,30.70952
29.52300,30.71052
29.52400,30.71152
29.52500,30.71252
29.52600,30.71352
29.52700,30.71452
29.52800,30.71552
29.52900,30.71652
29.53000,30.71752
29.53100,30.71852
29.53200,30.71952
29.53300,30.72052
29.53400,30.72152
29.53500,30.72252
29.53600,30.72352
29.53700,30.72452
29.53800,30.72552
29.53900,30.72652
29.54000,30.72752
29.54100,30.72852
29.54200,30.72952
29.54300,30.73052
29.54400,30.73152
29.54500,30.73252
29.54600,30.73352
29.54700,30.73452
29.54800,30.73552
29.54900,30.73652
29.55000,30.73752
29.55100,30.73852
29.55200,30.73952
29.55300,30.74052
29.55400,30.74152
29.55500,30.74252
29.55600,30.74352
29.55700,30.74452
29.55800,30.74552
29.55900,30.74652
29.56000,30.74752
29.56100,30.74852
29.56200,30.74952
29.56300,30.75052
29.56400,30.75152
29.56500,30.75252
29.56600,30.75352
29.56700,30.75452
29.56800,30.75552
29.56900,30.75652
29.57000,30.75752
29.57100,30.75852
29.57200,30.75952
29.57300,30.76052
29.57400,30.76152
29.57500,30.76252
29.57600,30.76352
29.57700,30.76452
29.57800,30.76552
29.57900,30.76652
29.58000,30.76752
29.58100,30.76852
29.58200,30.76952
29.58300,30.77052
29.58400,30.77152
29.58500,30.77252
29.58600,30.77352
29.58700,30.77452
29.58800,30.77552
29.58900,30.77652
29.59000,30.77752
29.59100,30.77852
29.59200,30.77952
29.59300,30.78052
29.59400,30.78152
29.59500,30.78252
29.59600,30.78352
29.59700,30.78452
29.59800,30.78552
29.59900,30.78652
29.60000,30.78752
29.60100,30.78852
29.60200,30.78952
29.60300,30.79052
29.60400,30.79152
29.60500,30.79252
29.60600,30.79352
29.60700,30.79452
29.60800,30.79552
29.60900,30.79652
29.61000,30.79752
29.61100,30.79852
29.61200,30.79952
29.61300,30.80052
29.61400,30.80152
29.61500,30.80252
29.61600,30.80352
29.61700,30.80452
29.61800,30.80552
29.61900,30.80652
29.62100,30.80752
29.64100,30.80852
29.64300,30.80952
29.64400,30.81052
29.64500,30.81152
29.64600,30.81252
29.64700,30.81352
29.64800,30.81452
29.64900,30.81552
29.65000,30.81652
29.65100,30.81752
29.65200,30.81852
29.65300,30.81952
29.65500,30.82052
29.65600,30.82152
29.65700,30.82252
29.65800,30.82352
29.65900,30.82452
29.66000,30.82552
29.66100,30.82652
29.66200,30.82752
29.66300,30.82852
29.66400,30.82952
29.66500,30.83052
29.66600,30.83152
29.66800,30.83252
29.66900,30.83352
29.67000,30.83452
29.67100,30.83552
29.67200,30.83652
29.67300,30.83752
29.67400,30.83852
29.67500,30.83952
29.67600,30.84052
29.67700,30.84152
29.67800,30.84252
29.67900,30.84352
29.68000,30.84452
29.68100,30.84552
29.68200,30.84652
29.68300,30.84752
29.68400,30.84852
29.68500,30.84952
29.68700,30.85052
29.68800,30.85152
29.68900,30.85252
29.69000,30.85352
29.69100,30.85452
29.69200,30.85552
29.69300,30.85652
29.69400,30.85752
29.69500,30.85852
29.69600,30.85952
29.69700,30.86052
29.69800,30.86152
29.69900,30.86252
29.70000,30.86352
29.70100,30.86452
29.70200,30.86552
29.70300,30.86652
29.70400,30.86752
29.70500,30.86852
29.70600,30.86952
29.70700,30.87052
29.70800,30.87152
29.70900,30.87252
29.71000,30.87352
29.71100,30.87452
29.71200,30.87552
29.71300,30.87652
29.71400,30.87752
29.71500,30.87852
29.71600,30.87952
29.71700,30.88052
29.71800,30.88152
29.71900,30.88252
29.72000,30.88352
29.72100,30.88452
29.72200,30.88552
29.72300,30.88652
29.72400,30.88752
29.72500,30.88852
29.72600,30.88952
29.72700,30.89052
29.72800,30.89152
29.72900,30.89252
29.73000,30.89352
29.73100,30.89452
29.73200,30.89552
29.73300,30.89652
29.73400,30.89752
29.73500,30.89852
29.73600,30.89952
29.73800,30.90052
29.73900,30.90152
29.74000,30.90252
29.74300,30.90352
29.74500,30.90452
29.74700,30.90552
29.74800,30.90652
29.74900,30.90752
29.75000,30.90852
29.75100,30.90952
29.75200,30.91052
29.75300,30.91152
29.75400,30.91252
29.75500,30.91352
29.75600,30.91452
29.75700,30.91552
29.75800,30.91652
29.75900,30.91752
29.76000,30.91852
29.76100,30.91952
29.76200,30.92052
29.76300,30.92152
29.76400,30.92252
29.76500,30.92352
29.76600,30.92452
29.76700,30.92552
29.76800,30.92652
29.76900,30.92752
29.77000,30.92852
29.77100,30.92952
29.77200,30.93052
29.77300,30.93152
29.77400,30.93252
29.77500,30.93352
29.77600,30.93452
29.77700,30.93552
29.77800,30.93652
29.77900,30.93752
29.78000,30.93852
29.78100,30.93952
29.78200,30.94052
29.78300,30.94152
29.78400,30.94252
29.78500,30.94352
29.78600,30.94452
29.78700,30.94552
29.78800,30.94652
29.78900,30.94752
29.79000,30.94852
29.79100,30.94952
29.79200,30.95052
29.79300,30.95152
29.79400,30.95252
29.79500,30.95352
29.79600,30.95452
29.79700,30.95552
29.79800,30.95652
29.79900,30.95752
29.80000,30.95852
29.80100,30.95952
29.80200,30.96052
29.80300,30.96152
29.80400,30.96252
29.80500,30.96352
29.80600,30.96452
29.80700,30.96552
29.80800,30.96652
29.80900,30.96752
29.81000,30.96852
29.81100,30.96952
29.81200,30.97052
29.81300,30.97152
29.81400,30.97252
29.81500,30.97352
29.81600,30.97452
29.81700,30.97552
29.81800,30.97652
29.81900,30.97752
29.82000,30.97852
29.82100,30.97952
29.82200,30.98052
29.82300,30.98152
29.82400,30.98252
29.82500,30.98352
29.82600,30.98452
29.82700,30.98552
29.82800,30.98652
29.82900,30.98752
29.83000,30.98852
29.83100,30.98952
29.83200,30.99052
29.83300,30.99152
29.83400,30.99252
29.83500,30.99352
29.83600,30.99452
29.83700,30.99552
29.83800,30.99652
29.83900,30.99752
29.84000,30.99852
29.84100,30.99952
29.84200,31.00052
29.84300,31.00152
29.84400,31.00252
29.84500,31.00352
29.84600,31.00452
29.84700,31.00552
29.84800,31.00652
29.84900,31.00752
29.85000,31.00852
29.85100,31.01152
29.85200,31.01252
29.85300,31.01352
29.85400,31.01452
29.85500,31.01552
29.85600,31.01652
29.85700,31.01752
29.85800,31.01852
29.85900,31.01952
29.86000,31.02052
29.86100,31.02152
29.86200,31.02252
29.86300,31.02352
29.86400,31.02452
29.86500,31.03252
29.86700,31.03352
29.86900,31.03452
29.87000,31.03552
29.87100,31.03652
29.87200,31.03752
29.87300,31.03852
29.87400,31.03952
29.87500,31.04052
29.87600,31.04152
29.87700,31.04252
29.88600,31.04352
29.88700,31.04452
29.88800,31.04552
29.88900,31.04652
29.89000,31.04752
29.89200,31.04852
29.89300,31.04952
29.89400,31.05052
29.89500,31.05152
29.89600,31.05252
29.89700,31.05352
29.89800,31.05452
29.89900,31.05552
29.90000,31.05652
29.90100,31.05752
29.90200,31.05852
29.90300,31.05952
29.90400,31.06052
29.90500,31.06152
29.90600,31.06252
29.90700,31.06352
29.90800,31.06452
29.90900,31.06552
29.91000,31.06652
29.91100,31.06752
29.91200,31.06852
29.91300,31.06952
29.91400,31.07052
29.91500,31.07152
29.91600,31.07252
29.91700,31.07352
29.91800,31.07452
29.91900,31.07552
29.92000,31.07652
29.92100,31.07752
29.92200,31.07852
29.92300,31.07952
29.92400,31.08052
29.92500,31.08152
29.92600,31.08252
29.92700,31.08352
29.92800,31.08452
29.92900,31.08552
29.93000,31.08652
29.93100,31.08752
29.93200,31.08852
29.93300,31.08952
29.93400,31.09052
29.93500,31.09152
29.93600,31.09252
29.93700,31.09352
29.93800,31.09452
29.93900,31.09552
29.94000,31.09652
29.94100,31.09752
29.94200,31.09852
29.94300,31.09952
29.94400,31.10052
29.94500,31.10152
29.94600,31.10252
29.94700,31.10352
29.94800,31.10452
29.94900,31.10552
29.95000,31.10652
29.95100,31.10752
29.95200,31.10852
29.95300,31.10952
29.95400,31.11052
29.95500,31.11152
29.95600,31.11252
29.95700,31.11352
29.95800,31.11452
29.95900,31.11552
29.96000,31.11652
29.96100,31.11752
29.96200,31.11852
29.96300,31.11952
29.96400,31.12052
29.96500,31.12152
29.96600,31.12252
29.96700,31.12352
29.96800,31.12452
29.96900,31.12552
29.97000,31.12652
29.97100,31.12752
29.97200,31.12852
29.97300,31.12952
29.97400,31.13052
29.97500,31.13152
29.97600,31.13252
29.97700,31.13352
29.97800,31.13452
29.97900,31.13552
29.98000,31.13652
29.98100,31.13752
29.98200,31.13852
29.98300,31.13952
29.98400,31.14052
29.98500,31.14152
29.98600,31.14252
29.98700,31.14352
29.98800,31.14452
29.98900,31.14552
29.99000,31.14652
29.99100,31.14752
29.99200,31.14852
29.99300,31.15252
29.99400,31.15552
29.99500,31.15752
29.99600,31.16552
29.99700,31.16652
29.99800,31.16752
29.99900,31.16852
30.00000,31.16952
30.00100,31.17052
30.00200,31.17152
30.00300,31.17252
30.00400,31.17352
30.00500,31.17452
30.00600,31.17552
30.00700,31.17652
30.00800,31.17752
30.00900,31.17852
30.01000,31.17952
30.01100,31.18052
30.01200,31.18152
30.01300,31.18252
30.01400,31.18352
30.01500,31.18452
30.01600,31.18552
30.01700,31.18652
30.01800,31.18752
30.01900,31.18852
30.02000,31.18952
30.02100,31.19052
30.02200,31.19152
30.02300,31.19252
30.02400,31.19352
30.02500,31.19452
30.02600,31.19552
30.02700,31.19652
30.02800,31.19752
30.02900,31.19852
30.03000,31.19952
30.03100,31.20052
30.03200,31.20152
30.03300,31.20252
30.03400,31.20352
30.03500,31.20452
30.03600,31.20552
30.03700,31.20652
30.03800,31.20752
30.03900,31.20852
30.04000,31.20952
30.04100,31.21052
30.04200,31.21152
30.04300,31.21252
30.04400,31.21352
30.04500,31.21452
30.04600,31.21552
30.04700,31.21652
30.04800,31.21752
30.04900,31.21852
30.05000,31.21952
30.05100,31.22052
30.05200,31.22152
30.05300,31.22252
30.05400,31.22352
30.05500,31.22452
30.05600,31.22552
30.05700,31.22652
30.05800,31.22752
30.05900,31.22852
30.06000,31.22952
30.06100,31.23052
30.06200,31.23152
30.06300,31.23252
30.06400,31.23352
30.06500,31.23452
30.06600,31.23552
30.06700,31.23652
30.06800,31.23752
30.06900,31.23852
30.07000,31.23952
30.07100,31.24052
30.07200,31.24152
30.07300,31.24252
30.07400,31.24352
30.07500,31.24452
30.07600,31.24552
30.07700,31.24652
30.07800,31.24752
30.07900,31.24852
30.08000,31.24952
30.08100,31.25052
30.08200,31.25152
30.08300,31.25252
30.08400,31.25352
30.08500,31.25452
30.08600,31.25552
30.08700,31.25652
30.08800,31.25752
30.08900,31.25852
30.09000,31.25952
30.09100,31.26052
30.09200,31.26152
30.09300,31.26252
30.09400,31.26352
30.09500,31.26452
30.09600,31.26552
30.09700,31.26652
30.09800,31.26752
30.09900,31.26852
30.10000,31.26952
30.10100,31.27052
30.10200,31.27152
30.10300,31.27252
30.10400,31.27352
30.10500,31.27452
30.10600,31.27552
30.10700,31.27652
30.10800,31.27752
30.10900,31.27852
30.11000,31.27952
30.11100,31.28052
30.11200,31.28152
30.11300,31.28252
30.11400,31.28352
30.11500,31.28452
30.11600,31.28552
30.11700,31.28652
30.11800,31.28752
30.11900,31.28852
30.12000,31.28952
30.12100,31.29052
30.12200,31.29152
30.12300,31.29252
30.12400,31.30752
30.12500,31.30852
30.12600,31.30952
30.12700,31.31052
30.12800,31.31152
30.12900,31.31252
30.13000,31.31352
30.13100,31.31452
30.13200,31.31552
30.13300,31.31652
30.13400,31.31752
30.13500,31.31852
30.13600,31.31952
30.13700,31.32052
30.13800,31.32152
30.13900,31.32252
30.14000,31.32352
30.14100,31.32452
30.14200,31.32552
30.14300,31.32652
30.14400,31.32752
30.14500,31.32852
30.14600,31.32952
30.14700,31.33052
30.14800,31.33152
30.14900,31.33252
30.15000,31.33352
30.15100,31.33452
30.15200,31.33652
30.15300,31.33752
30.15400,31.33852
30.15500,31.33952
30.15600,31.34052
30.15700,31.34152
30.15800,31.34252
30.15900,31.34352
30.16000,31.34452
30.16100,31.34552
30.16200,31.34652
30.16300,31.34752
30.16400,31.34852
30.16500,31.34952
30.16600,31.35052
30.16700,31.35152
30.16800,31.35252
30.16900,31.35352
30.17000,31.35452
30.17100,31.35552
30.17200,31.35652
30.17300,31.35752
30.17400,31.35852
30.17500,31.35952
30.17600,31.36052
30.17700,31.36152
30.17800,31.36252
30.17900,31.36352
30.18000,31.36452
30.18100,31.36552
30.18200,31.36652
30.18300,31.36752
30.18400,31.36852
30.18500,31.36952
30.18600,31.37052
30.18700,31.37152
30.18800,31.37252
30.18900,31.37352
30.19000,31.37452
30.19100,31.37552
30.19200,31.37652
30.19300,31.37752
30.19400,31.37852
30.19500,31.37952
30.19600,31.38052
30.19700,31.38152
30.19800,31.38252
30.19900,31.38352
30.20000,31.38452
30.20100,31.38552
30.20200,31.38652
30.20300,31.38752
30.20400,31.38852
30.20500,31.38952
30.20600,31.39052
30.20700,31.39152
30.20800,31.39252
30.20900,31.39352
30.21000,31.39452
30.21100,31.39552
30.21200,31.39652
30.21300,31.39752
30.21400,31.39852
30.21500,31.39952
30.21600,31.40052
30.21700,31.40152
30.21800,31.40252
30.21900,31.40352
30.22000,31.40452
30.22100,31.40552
30.22200,31.40652
30.22300,31.40752
30.22400,31.40852
30.22500,31.40952
30.22600,31.41152
30.22700,31.41252
30.22800,31.41352
30.22900,31.41452
30.23000,31.41552
30.23100,31.41652
30.23200,31.41752
30.23300,31.41852
30.23400,31.41952
30.23500,31.42052
30.23600,31.42152
30.23700,31.42252
30.23800,31.42352
30.23900,31.42452
30.24000,31.42552
30.24100,31.42652
30.24200,31.42752
30.24300,31.42852
30.24400,31.42952
30.24500,31.43052
30.24600,31.43152
30.24700,31.43252
30.24800,31.43352
30.24900,31.43452
30.25000,31.43552
30.25100,31.44052
30.25200,31.44152
30.25300,31.44252
30.25400,31.44352
30.25500,31.44452
30.25600,31.44552
30.25700,31.44852
30.25800,31.44952
30.25900,31.45052
30.26000,31.45152
30.26100,31.45252
30.26200,31.45352
30.26300,31.45452
30.26400,31.45552
30.26500,31.45652
30.26600,31.45752
30.26700,31.45852
30.26800,31.45952
30.26900,31.46052
30.27000,31.46152
30.27100,31.46252
30.27200,31.46352
30.27300,31.46452
30.27400,31.46552
30.27500,31.46652
30.27600,31.46752
30.27700,31.46852
30.27800,31.46952
30.27900,31.47052
30.28000,31.47152
30.28100,31.47252
30.28200,31.47352
30.28300,31.47452
30.28400,31.47552
30.28500,31.47652
30.28600,31.47752
30.28700,31.47852
30.28800,31.47952
30.28900,31.48052
30.29000,31.48152
30.29100,31.48252
30.29200,31.48352
30.29300,31.48452
30.29400,31.48552
30.29500,31.48652
30.29600,31.48752
30.29700,31.48852
30.29800,31.48952
30.29900,31.49052
30.30000,31.49152
30.30100,31.49252
30.30200,31.49352
30.30300,31.49452
30.30400,31.49552
30.30500,31.49852
30.30600,31.49952
30.30700,31.50052
30.30800,31.50152
30.30900,31.50252
30.31000,31.50352
30.31100,31.50452
30.31200,31.50552
30.31300,31.50652
30.31400,31.50752
30.31500,31.50852
30.31600,31.50952
30.31700,31.51052
30.31800,31.51152
30.31900,31.51252
30.32000,31.51352
30.32100,31.51452
30.32200,31.51552
30.32300,31.51652
30.32400,31.51752
30.32500,31.51852
30.32600,31.51952
30.32700,31.52052
30.32800,31.52152
30.32900,31.52252
30.33000,31.52352
30.33100,31.52452
30.33200,31.52552
30.33300,31.52652
30.33400,31.52752
30.33500,31.52852
30.33600,31.52952
30.33700,31.53052
30.33800,31.53152
30.33900,31.53252
30.34000,31.53352
30.34100,31.53452
30.34200,31.53552
30.34300,31.53652
30.34400,31.53752
30.34500,31.53852
30.34600,31.53952
30.34700,31.54052
30.34800,31.54152
30.34900,31.54252
30.35000,31.54352
30.35100,31.54452
30.35200,31.54552
30.35300,31.54652
30.35400,31.54752
30.35500,31.54852
30.35600,31.54952
30.35700,31.55052
30.35800,31.55152
30.35900,31.55252
30.36000,31.55352
30.36100,31.55452
30.36200,31.55552
30.36300,31.55652
30.36400,31.55752
30.36500,31.55852
30.36600,31.55952
30.36700,31.56052
30.36800,31.56152
30.36900,31.56252
30.37000,31.56352
30.37100,31.56452
30.37200,31.56552
30.37300,31.56652
30.37400,31.56752
30.37500,31.56852
30.37600,31.56952
30.37700,31.57052
30.37800,31.57152
30.37900,31.57252
30.38000,31.57352
30.38100,31.57452
30.38200,31.57552
30.38300,31.57652
30.38400,31.57752
30.38500,31.57852
30.38600,31.57952
30.38700,31.58052
30.38800,31.58152
30.38900,31.58252
30.39000,31.58352
30.39100,31.58452
30.39200,31.58552
30.39300,31.58652
30.39400,31.58752
30.39500,31.58852
30.39600,31.58952
30.39700,31.59052
30.39800,31.59152
30.39900,31.59252
30.40000,31.59352
30.40100,31.59452
30.40200,31.59552
30.40300,31.59652
30.40400,31.59752
30.40500,31.59852
30.40600,31.59952
30.40700,31.60052
30.40800,31.60152
30.40900,31.60252
30.41000,31.60352
30.41100,31.60452
30.41200,31.60552
30.41300,31.60652
30.41400,31.60752
30.41500,31.60852
30.41600,31.60952
30.41700,31.61052
30.41800,31.61152
30.41900,31.61252
30.42000,31.61352
30.42100,31.61452
30.42200,31.61552
30.42300,31.61652
30.42400,31.61752
30.42500,31.61852
30.42600,31.61952
30.42700,31.62052
30.42800,31.62152
30.42900,31.62252
30.43000,31.62352
30.43100,31.62452
30.43200,31.62552
30.43300,31.62652
30.43400,31.62752
30.43500,31.62852
30.43600,31.62952
30.43700,31.63052
30.43800,31.63152
30.43900,31.63252
30.44000,31.63352
30.44100,31.63452
30.44200,31.63552
30.44300,31.63652
30.44400,31.63752
30.44500,31.63852
30.44600,31.63952
30.44700,31.64052
30.44800,31.64152
30.44900,31.64252
30.45000,31.64352
30.45100,31.64452
30.45200,31.64552
30.45300,31.64652
30.45400,31.64752
30.45500,31.64852
30.45600,31.64952
30.45700,31.65052
30.45800,31.65152
30.45900,31.65252
30.46000,31.65352
30.46100,31.65452
30.46200,31.65552
30.46300,31.65652
30.46400,31.65752
30.46500,31.65852
30.46600,31.65952
30.46700,31.66052
30.46800,31.66652
30.46900,31.66752
30.47000,31.66852
30.47100,31.66952
30.47200,31.67052
30.47300,31.67152
30.47400,31.67252
30.47500,31.67352
30.47600,31.67452
30.47700,31.67552
30.47800,31.67652
30.47900,31.67752
30.48000,31.67852
30.48100,31.67952
30.48200,31.68152
30.48300,31.68252
30.48400,31.68352
30.48500,31.68452
30.48600,31.68552
30.48700,31.68652
30.48800,31.68752
30.48900,31.68852
30.49000,31.68952
30.49100,31.69052
30.49200,31.69152
30.49300,31.69252
30.49400,31.69352
30.49500,31.69452
30.49600,31.69552
30.49700,31.69652
30.49800,31.69752
30.49900,31.69852
30.50000,31.69952
30.50100,31.70052
30.50200,31.70152
30.50300,31.70252
30.50400,31.70352
30.50500,31.70452
30.50600,31.70552
30.50700,31.70652
30.50800,31.70752
30.50900,31.70852
30.51000,31.70952
30.51100,31.71052
30.51200,31.71152
30.51300,31.71252
30.51400,31.71352
30.51500,31.71452
30.51600,31.71552
30.51700,31.71652
30.51800,31.71752
30.51900,31.71852
30.52000,31.71952
30.52100,31.72052
30.52200,31.72152
30.52300,31.72252
30.52400,31.72352
30.52500,31.72452
30.52600,31.72552
30.52700,31.72652
30.52800,31.72752
30.52900,31.72852
30.53000,31.72952
30.53100,31.73052
30.53200,31.73152
30.53300,31.73252
30.53400,31.73352
30.53500,31.73452
30.53600,31.73552
30.53700,31.73652
30.53800,31.73752
30.53900,31.73852
30.54000,31.73952
30.54100,31.74052
30.54200,31.74152
30.54300,31.74252
30.54400,31.74352
30.54500,31.74452
30.54600,31.74552
30.54700,31.74652
30.54800,31.74752
30.54900,31.74852
30.55000,31.74952
30.55100,31.75052
30.55200,31.75152
30.55300,31.75252
30.55400,31.75352
30.55500,31.75452
30.55600,31.75552
30.55700,31.75652
30.55800,31.75752
30.55900,31.75852
30.56000,31.75952
30.56100,31.76052
30.56200,31.76152
30.56300,31.76252
30.56400,31.76352
30.56500,31.76452
30.56600,31.76552
30.56700,31.76652
30.56800,31.76752
30.56900,31.76852
30.57000,31.76952
30.57100,31.77052
30.57200,31.77152
30.57300,31.77252
30.57400,31.77352
30.57500,31.77452
30.57600,31.77552
30.57700,31.77652
30.57800,31.77752
30.57900,31.78252
30.58000,31.78352
30.58100,31.78452
30.58200,31.78552
30.58300,31.78652
30.58400,31.78752
30.58500,31.78852
30.58600,31.78952
30.58700,31.79052
30.58800,31.79152
30.58900,31.79252
30.59000,31.79352
30.59100,31.79452
30.59200,31.79552
30.59300,31.79652
30.59400,31.79752
30.59500,31.79852
30.59600,31.79952
30.59700,31.80052
30.59800,31.80152
30.59900,31.80252
30.60000,31.80352
30.60100,31.80452
30.60200,31.80552
30.60300,31.80652
30.60400,31.80752
30.60500,31.80852
30.60600,31.80952
30.60700,31.81052
30.60800,31.81152
30.60900,31.81252
30.61000,31.81352
30.61100,31.81552
30.61200,31.81652
30.61300,31.81752
30.61400,31.81852
30.61500,31.81952
30.61600,31.82052
30.61700,31.82152
30.61800,31.82252
30.61900,31.82352
30.62000,31.82452
30.62100,31.82552
30.62200,31.82652
30.62300,31.82752
30.62400,31.82852
30.62500,31.82952
30.62600,31.83052
30.62700,31.83152
30.62800,31.83252
30.62900,31.83352
30.63000,31.83452
30.63100,31.83552
30.63200,31.83652
30.63300,31.83752
30.63400,31.83852
30.63500,31.83952
30.63600,31.84052
30.63700,31.84152
30.63800,31.84252
30.63900,31.84352
30.64000,31.84452
30.64100,31.84552
30.64200,31.84652
30.64300,31.84752
30.64400,31.84852
30.64500,31.84952
30.64600,31.85052
30.64700,31.85152
30.64800,31.85252
30.64900,31.85352
30.65000,31.85452
30.65100,31.85552
30.65200,31.85652
30.65300,31.85752
30.65400,31.85852
30.65500,31.85952
30.65600,31.86052
30.65700,31.86152
30.65800,31.86252
30.65900,31.86352
30.66000,31.86452
30.66100,31.86552
30.66200,31.86652
30.66300,31.86752
30.66400,31.86852
30.66500,31.86952
30.66600,31.87052
30.66700,31.87152
30.66800,31.87252
30.66900,31.87352
30.67000,31.87452
30.67100,31.87552
30.67200,31.87652
30.67300,31.87752
30.67400,31.87852
30.67500,31.87952
30.67600,31.88052
30.67700,31.88152
30.67800,31.88252
30.67900,31.88352
30.68000,31.88452
30.68100,31.88552
30.68200,31.88652
30.68300,31.88752
30.68400,31.88852
30.68500,31.88952
30.68600,31.89052
30.68700,31.89152
30.68800,31.89252
30.68900,31.89352
30.69000,31.89452
30.69100,31.89552
30.69200,31.89652
30.69300,31.89752
30.69400,31.89852
30.69500,31.89952
30.69600,31.90052
30.69700,31.90152
30.69800,31.90252
30.69900,31.90352
30.70000,31.90452
30.70100,31.90552
30.70200,31.90652
30.70300,31.90752
30.70400,31.90852
30.70500,31.90952
30.70600,31.91052
30.70700,31.91152
30.70800,31.91252
30.70900,31.91352
30.71000,31.91452
30.71100,31.91552
30.71200,31.91652
30.71300,31.91752
30.71400,31.91852
30.71500,31.91952
30.71600,31.92052
30.71700,31.92152
30.71800,31.92252
30.71900,31.92352
30.72000,31.92452
30.72100,31.92552
30.72200,31.92652
30.72300,31.92752
30.72400,31.92852
30.72500,31.92952
30.72600,31.93052
30.72700,31.93152
30.72800,31.93252
30.72900,31.93352
30.73000,31.93452
30.73100,31.93552
30.73200,31.93652
30.73300,31.93752
30.73400,31.93852
30.73500,31.93952
30.73600,31.94052
30.73700,31.94152
30.73800,31.94252
30.73900,31.94352
30.74000,31.94452
30.74100,31.94552
30.74200,31.94652
30.74300,31.94852
30.74400,31.94952
30.74500,31.95052
30.74600,31.95152
30.74700,31.95252
30.74800,31.95352
30.74900,31.95452
30.75000,31.95552
30.75100,31.95652
30.75200,31.95752
30.75300,31.95852
30.75400,31.95952
30.75500,31.96052
30.75600,31.96152
30.75700,31.96252
30.75800,31.96452
30.75900,31.96552
30.76000,31.96652
30.76100,31.96752
30.76200,31.96852
30.76300,31.96952
30.76400,31.97052
30.76500,31.97152
30.76600,31.97252
30.76700,31.97352
30.76800,31.97452
30.76900,31.97552
30.77000,31.97652
30.77100,31.97752
30.77200,31.97852
30.77300,31.97952
30.77400,31.98152
30.77500,31.98252
30.77600,31.98352
30.77700,31.98752
30.77800,31.98852
30.77900,31.98952
30.78000,31.99052
30.78100,31.99152
30.78200,31.99252
30.78300,31.99352
30.78400,31.99452
30.78500,31.99552
30.78600,31.99652
30.78700,31.99752
30.78800,31.99852
30.78900,31.99952
30.79000,32.00052
30.79100,32.00152
30.79200,32.00252
30.79300,32.00352
30.79400,32.00452
30.79500,32.00552
30.79600,32.00652
30.79700,32.00752
30.79800,32.00852
30.79900,32.00952
30.80000,32.01052
30.80100,32.01152
30.80200,32.01252
30.80300,32.01352
30.80400,32.01452
30.80500,32.01552
30.80600,32.01652
30.80700,32.01752
30.80800,32.01852
30.80900,32.01952
30.81000,32.02052
30.81100,32.02152
30.81200,32.02252
30.81300,32.02352
30.81400,32.02452
30.81500,32.02552
30.81600,32.02652
30.81700,32.02752
30.81800,32.02852
30.81900,32.02952
30.82000,32.03052
30.82100,32.03152
30.82200,32.03252
30.82300,32.03352
30.82400,32.03452
30.82500,32.03552
30.82600,32.03652
30.82700,32.03752
30.82800,32.03852
30.82900,32.03952
30.83000,32.04052
30.83100,32.04152
30.83200,32.04252
30.83300,32.04352
30.83400,32.04452
30.83500,32.04552
30.83600,32.04652
30.83700,32.04752
30.83800,32.04852
30.83900,32.04952
30.84000,32.05052
30.84100,32.05152
30.84200,32.05252
30.84300,32.05352
30.84400,32.05452
30.84500,32.05552
30.84600,32.05652
30.84700,32.05752
30.84800,32.05852
30.84900,32.05952
30.85000,32.06052
30.85100,32.06152
30.85200,32.06252
30.85300,32.06352
30.85400,32.06452
30.85500,32.06552
30.85600,32.06652
30.85700,32.06752
30.85800,32.06852
30.85900,32.06952
30.86000,32.07052
30.86100,32.07152
30.86200,32.07252
30.86300,32.07352
30.86400,32.07452
30.86500,32.07552
30.86600,32.07652
30.86700,32.07752
30.86800,32.07852
30.86900,32.07952
30.87000,32.08052
30.87100,32.08152
30.87200,32.08252
30.87300,32.08352
30.87400,32.08452
30.87500,32.08552
30.87600,32.08652
30.87700,32.08752
30.87800,32.08852
30.87900,32.08952
30.88000,32.09052
30.88100,32.09152
30.88200,32.09252
30.88300,32.09352
30.88400,32.09452
30.88500,32.09552
30.88600,32.09652
30.88700,32.09752
30.88800,32.09852
30.88900,32.09952
30.89000,32.10052
30.89100,32.10152
30.89200,32.10252
30.89300,32.10352
30.89400,32.10452
30.89500,32.10552
30.89600,32.10652
30.89700,32.10752
30.89800,32.10852
30.89900,32.10952
30.90000,32.11052
30.90100,32.11152
30.90200,32.11252
30.90300,32.11352
30.90400,32.11452
30.90500,32.11552
30.90600,32.11652
30.90700,32.11752
30.90800,32.11852
30.90900,32.11952
30.91000,32.12052
30.91100,32.12152
30.91200,32.12252
30.91300,32.12352
30.91400,32.12452
30.91500,32.12552
30.91600,32.12652
30.91700,32.12752
30.91800,32.12852
30.91900,32.12952
30.92000,32.13052
30.92100,32.13152
30.92200,32.13252
30.92300,32.13352
30.92400,32.13452
30.92500,32.13552
30.92600,32.13652
30.92700,32.13752
30.92800,32.13852
30.92900,32.13952
30.93000,32.14052
30.93100,32.14152
30.93200,32.14252
30.93300,32.14352
30.93400,32.14452
30.93500,32.15552
30.93600,32.15652
30.93700,32.15752
30.93800,32.15852
30.93900,32.15952
30.94000,32.16052
30.94100,32.16152
30.94200,32.16252
30.94300,32.16452
30.94400,32.16552
30.94500,32.16652
30.94600,32.16752
30.94700,32.16852
30.94800,32.16952
30.94900,32.17052
30.95000,32.17152
30.95100,32.17252
30.95200,32.17352
30.95300,32.17452
30.95400,32.17552
30.95500,32.17652
30.95600,32.17752
30.95700,32.17852
30.95800,32.17952
30.95900,32.18052
30.96000,32.18152
30.96100,32.18252
30.96200,32.18352
30.96300,32.18452
30.96400,32.18552
30.96500,32.18652
30.96600,32.18752
30.96700,32.18852
30.96800,32.18952
30.96900,32.19052
30.97000,32.19152
30.97100,32.19252
30.97200,32.19352
30.97300,32.19452
30.97400,32.19552
30.97500,32.19652
30.97600,32.19752
30.97700,32.19852
30.97800,32.19952
30.97900,32.20052
30.98000,32.20152
30.98100,32.20252
30.98200,32.20352
30.98300,32.20452
30.98400,32.20552
30.98500,32.20652
30.98600,32.20752
30.98700,32.20852
30.98800,32.20952
30.98900,32.21052
30.99000,32.21152
30.99100,32.21252
30.99200,32.21352
30.99300,32.21452
30.99400,32.21552
30.99500,32.21652
30.99600,32.21752
30.99700,32.21852
30.99800,32.21952
30.99900,32.22052
31.00000,32.22152
31.00100,32.22252
31.00200,32.22352
31.00300,32.22452
31.00400,32.22552
31.00500,32.22652
31.00600,32.22752
31.00700,32.22852
31.00800,32.22952
31.00900,32.23052
31.01000,32.23152
31.01100,32.23252
31.01200,32.23352
31.01300,32.23452
31.01400,32.23552
31.01500,32.23652
31.01600,32.23752
31.01700,32.23852
31.01800,32.23952
31.01900,32.24052
31.02000,32.24152
31.02100,32.24252
31.02200,32.24352
31.02300,32.24452
31.02400,32.24552
31.02500,32.24652
31.02600,32.24752
31.02700,32.24852
31.02800,32.24952
31.02900,32.25052
31.03000,32.25152
31.03100,32.25252
31.03200,32.25352
31.03300,32.25452
31.03400,32.25552
31.03500,32.25652
31.03600,32.25752
31.03700,32.25852
31.03800,32.25952
31.03900,32.26052
31.04000,32.26152
31.04100,32.26252
31.04200,32.26352
31.04300,32.26452
31.04400,32.26552
31.04500,32.26652
31.04600,32.26752
31.04700,32.26852
31.04800,32.26952
31.04900,32.27052
31.05000,32.27152
31.05100,32.27252
31.05200,32.27352
31.05300,32.27452
31.05400,32.27552
31.05500,32.27652
31.05600,32.27752
31.05700,32.27852
31.05800,32.27952
31.05900,32.28052
31.06000,32.28152
31.06100,32.28252
31.06200,32.28352
31.06300,32.28452
31.06400,32.28552
31.06500,32.28652
31.06600,32.28752
31.06700,32.28852
31.06800,32.28952
31.06900,32.29052
31.07000,32.29152
31.07100,32.29252
31.07200,32.29352
31.07300,32.29452
31.07400,32.29552
31.07500,32.29652
31.07600,32.29752
31.07700,32.29852
31.07800,32.29952
31.07900,32.30052
31.08000,32.30152
31.08100,32.30252
31.08200,32.30352
31.08300,32.30452
31.08400,32.30552
31.08500,32.30652
31.08600,32.30752
31.08700,32.30852
31.08800,32.30952
31.08900,32.31052
31.09000,32.31152
31.09100,32.31252
31.09200,32.31352
31.09300,32.31452
31.09400,32.31552
31.09500,32.31652
31.09600,32.31752
31.09700,32.31852
31.09800,32.31952
31.09900,32.32052
31.10000,32.32152
31.10100,32.32252
31.10200,32.32352
31.10300,32.32452
31.10400,32.32552
31.10500,32.32652
31.10600,32.32752
31.10700,32.32852
31.10800,32.32952
31.10900,32.33052
31.11000,32.33152
31.11100,32.33252
31.11200,32.33352
31.11300,32.33452
31.11400,32.33652
31.11500,32.33752
31.11600,32.34752
31.11700,32.34852
31.11800,32.34952
31.11900,32.35052
31.12000,32.35152
31.12100,32.35252
31.12200,32.35352
31.12300,32.35452
31.12400,32.35552
31.12500,32.35652
31.12600,32.35752
31.12700,32.35852
31.12800,32.35952
31.12900,32.36052
31.13000,32.36152
31.13100,32.36252
31.13200,32.36352
31.13300,32.36452
31.13400,32.36552
31.13500,32.36652
31.13600,32.36752
31.13700,32.36852
31.13800,32.36952
31.13900,32.37052
31.14000,32.37152
31.14100,32.37252
31.14200,32.37352
31.14300,32.37452
31.14400,32.37552
31.14500,32.37652
31.14600,32.37752
31.14700,32.37852
31.14800,32.37952
31.14900,32.38052
31.15000,32.38152
31.15100,32.38252
31.15200,32.38352
31.15300,32.38452
31.15400,32.38552
31.15500,32.38652
31.15600,32.38752
31.15700,32.38852
31.15800,32.38952
31.15900,32.39052
31.16000,32.39152
31.16100,32.39252
31.16200,32.39352
31.16300,32.39452
31.16400,32.39552
31.16500,32.39652
31.16600,32.39752
31.16700,32.39852
31.16800,32.39952
31.16900,32.40052
31.17000,32.40152
31.17100,32.40252
31.17200,32.40352
31.17300,32.40452
31.17400,32.40552
31.17500,32.40652
31.17600,32.40752
31.17700,32.40852
31.17800,32.40952
31.17900,32.41052
31.18000,32.41152
31.18100,32.41252
31.18200,32.41352
31.18300,32.41452
31.18400,32.41552
31.18500,32.41652
31.18600,32.41752
31.18700,32.41852
31.18800,32.41952
31.18900,32.42052
31.19000,32.42152
31.19100,32.42252
31.19200,32.42352
31.19300,32.42452
31.19400,32.42552
31.19500,32.42652
31.19600,32.42752
31.19700,32.42852
31.19800,32.42952
31.19900,32.43052
31.20000,32.43152
31.20100,32.43252
31.20200,32.43352
31.20300,32.43452
31.20400,32.43552
31.20500,32.43652
31.20600,32.43752
31.20700,32.43852
31.20800,32.43952
31.20900,32.44052
31.21000,32.44152
31.21100,32.44252
31.21200,32.44352
31.21300,32.44452
31.21400,32.44552
31.21500,32.44652
31.21600,32.44752
31.21700,32.44852
31.21800,32.44952
31.21900,32.45052
31.22000,32.45152
31.22100,32.45252
31.22200,32.45352
31.22300,32.45452
31.22400,32.45552
31.22500,32.45652
31.22600,32.45752
31.22700,32.45852
31.22800,32.45952
31.22900,32.46052
31.23000,32.46152
31.23100,32.46252
31.23200,32.46352
31.23300,32.46452
31.23400,32.46552
31.23500,32.46652
31.23600,32.46752
31.23700,32.46852
31.23800,32.46952
31.23900,32.47152
31.24000,32.47252
31.24100,32.47352
31.24200,32.47452
31.24300,32.47552
31.24400,32.47652
31.24500,32.47752
31.24600,32.47852
31.24700,32.47952
31.24800,32.48052
31.24900,32.48152
31.25000,32.48252
31.25100,32.48352
31.25200,32.48452
31.25300,32.48552
31.25400,32.48652
31.25500,32.48752
31.25600,32.48852
31.25700,32.48952
31.25800,32.49052
31.25900,32.49152
31.26000,32.49252
31.26100,32.49352
31.26200,32.49452
31.26300,32.49552
31.26400,32.49652
31.26500,32.49752
31.26600,32.49852
31.26700,32.49952
31.26800,32.50052
31.26900,32.50152
31.27000,32.50252
31.27100,32.50352
31.27200,32.50452
31.27300,32.50552
31.27400,32.50652
31.27500,32.50752
31.27600,32.50852
31.27700,32.50952
31.27800,32.51052
31.27900,32.51152
31.28000,32.51252
31.28100,32.51352
31.28200,32.51452
31.28300,32.51552
31.28400,32.51652
31.28500,32.51752
31.28600,32.51852
31.28700,32.51952
31.28800,32.52052
31.28900,32.52152
31.29000,32.52252
31.29100,32.52352
31.29200,32.52452
31.29300,32.52552
31.29400,32.52652
31.29500,32.52752
31.29600,32.52852
31.29700,32.52952
31.29800,32.53052
31.29900,32.53152
31.30000,32.53252
31.30100,32.53352
31.30200,32.53452
31.30300,32.53552
31.30400,32.53652
31.30500,32.53752
31.30600,32.53852
31.30700,32.53952
31.30800,32.54052
31.30900,32.54152
31.31000,32.54252
31.31100,32.54352
31.31200,32.54452
31.31300,32.54552
31.31400,32.54652
31.31500,32.54752
31.31600,32.54852
31.31700,32.54952
31.31800,32.55052
31.31900,32.55152
31.32000,32.55252
31.32100,32.55352
31.32200,32.55452
31.32300,32.55552
31.32400,32.55652
31.32500,32.55752
31.32600,32.55852
31.32700,32.55952
31.32800,32.56052
31.32900,32.56152
31.33000,32.56252
31.33100,32.56352
31.33200,32.56452
31.33300,32.56552
31.33400,32.56652
31.33500,32.56752
31.33600,32.56852
31.33700,32.56952
31.33800,32.57052
31.33900,32.57152
31.34000,32.57252
31.34100,32.57352
31.34200,32.57452
31.34300,32.57552
31.34400,32.57652
31.34500,32.57752
31.34600,32.57852
31.34700,32.57952
31.34800,32.58052
31.34900,32.58152
31.35000,32.58252
31.35100,32.58352
31.35200,32.58452
31.35300,32.58552
31.35400,32.58652
31.35500,32.58752
31.35600,32.58852
31.35700,32.58952
31.35800,32.59052
31.35900,32.59152
31.36000,32.59252
31.36100,32.59352
31.36200,32.59452
31.36300,32.59552
31.36400,32.59652
31.36500,32.59752
31.36600,32.59852
31.36700,32.59952
31.36800,32.60052
31.36900,32.60152
31.37000,32.60252
31.37100,32.60352
31.37200,32.60452
31.37300,32.60552
31.37400,32.60652
31.37500,32.60752
31.37600,32.60852
31.37700,32.60952
31.37800,32.61052
31.37900,32.61152
31.38000,32.61252
31.38100,32.61352
31.38200,32.61452
31.38300,32.61552
31.38400,32.61652
31.38500,32.61752
31.38600,32.61852
31.38700,32.61952
31.38800,32.62052
31.38900,32.62152
31.39000,32.62252
31.39100,32.62352
31.39200,32.62452
31.39300,32.62552
31.39400,32.62652
31.39500,32.62752
31.39600,32.62852
31.39700,32.62952
31.39800,32.63052
31.39900,32.63152
31.40000,32.63252
31.40100,32.63352
31.40200,32.63452
31.40300,32.63552
31.40400,32.63652
31.40500,32.63752
31.40600,32.63852
31.40700,32.63952
31.40800,32.64052
31.40900,32.64152
31.41000,32.64252
31.41100,32.64352
31.41200,32.64452
31.41300,32.64552
31.41400,32.64652
31.41500,32.64752
31.41600,32.64852
31.41700,32.64952
31.41800,32.65052
31.41900,32.65152
31.42000,32.65252
31.42100,32.65352
31.42200,32.65452
31.42300,32.65552
31.42400,32.65652
31.42500,32.65752
31.42600,32.65852
31.42700,32.65952
31.42800,32.66052
31.42900,32.66152
31.43000,32.66252
31.43100,32.66352
31.43200,32.66452
31.43300,32.66552
31.43400,32.66652
31.43500,32.66752
31.43600,32.66852
31.43700,32.66952
31.43800,32.67052
31.43900,32.67152
31.44000,32.67252
31.44100,32.67352
31.44200,32.67452
31.44300,32.67552
31.44400,32.67652
31.44500,32.67752
31.44600,32.67852
31.44700,32.67952
31.44800,32.68052
31.44900,32.68152
31.45000,32.68252
31.45100,32.68352
31.45200,32.68452
31.45300,32.68552
31.45400,32.68652
31.45500,32.68752
31.45600,32.68852
31.45700,32.68952
31.45800,32.69052
31.45900,32.69152
31.46000,32.69252
31.46100,32.69352
31.46200,32.69452
31.46300,32.69552
31.46400,32.69652
31.46500,32.69752
31.46600,32.69852
31.46700,32.69952
31.46800,32.70052
31.46900,32.70152
31.47000,32.70252
31.47100,32.70352
31.47200,32.70452
31.47300,32.70552
31.47400,32.70652
31.47500,32.70752
31.47600,32.70852
31.47700,32.70952
31.47800,32.71052
31.47900,32.71152
31.48000,32.71252
31.48100,32.71352
31.48200,32.71452
31.48300,32.71552
31.48400,32.71652
31.48500,32.71752
31.48600,32.71852
31.48700,32.71952
31.48800,32.72052
31.48900,32.72152
31.49000,32.72252
31.49100,32.72352
31.49200,32.72452
31.49300,32.72552
31.49400,32.72752
31.49500,32.72852
31.49600,32.72952
31.49700,32.73052
31.49800,32.73152
31.49900,32.73252
31.50000,32.73352
31.50100,32.73452
31.50200,32.73552
31.50300,32.73652
31.50400,32.73752
31.50500,32.73852
31.50600,32.73952
31.50700,32.74052
31.50800,32.74152
31.50900,32.74252
31.51000,32.74352
31.51100,32.74452
31.51200,32.74552
31.51300,32.74652
31.51400,32.74752
31.51500,32.74852
31.51600,32.74952
31.51700,32.75052
31.51800,32.75152
31.51900,32.75252
31.52000,32.75352
31.52100,32.75452
31.52200,32.75852
31.52300,32.75952
31.52400,32.76052
31.52500,32.76152
31.52600,32.76252
31.52700,32.76352
31.52800,32.76452
31.52900,32.76552
31.53000,32.76652
31.53100,32.76752
31.53200,32.76852
31.53300,32.76952
31.53400,32.77052
31.53500,32.77152
31.53600,32.77252
31.53700,32.77352
31.53800,32.77452
31.53900,32.77552
31.54000,32.77652
31.54100,32.77752
31.54200,32.77852
31.54300,32.77952
31.54400,32.78052
31.54500,32.78152
31.54600,32.78252
31.54700,32.78352
31.54800,32.78452
31.54900,32.78552
31.55000,32.78652
31.55100,32.78752
31.55200,32.78852
31.55300,32.78952
31.55400,32.79052
31.55500,32.79152
31.55600,32.79252
31.55700,32.79352
31.55800,32.79452
31.55900,32.79552
31.56000,32.79652
31.56100,32.79752
31.56200,32.79852
31.56300,32.79952
31.56400,32.80052
31.56500,32.80152
31.56600,32.80252
31.56700,32.80352
31.56800,32.80452
31.56900,32.80552
31.57000,32.80652
31.57100,32.80752
31.57200,32.80852
31.57300,32.80952
31.57400,32.81052
31.57500,32.81152
31.57600,32.81252
31.57700,32.81352
31.57800,32.81452
31.57900,32.81552
31.58000,32.81652
31.58100,32.81752
31.58200,32.81852
31.58300,32.81952
31.58400,32.82052
31.58500,32.82152
31.58600,32.82252
31.58700,32.82352
31.58800,32.82452
31.58900,32.82552
31.59000,32.82652
31.59100,32.82752
31.59200,32.82852
31.59300,32.82952
31.59400,32.83052
31.59500,32.83152
31.59600,32.83252
31.59700,32.83352
31.59800,32.83452
31.59900,32.83552
31.60000,32.83652
31.60100,32.83752
31.60200,32.83852
31.60300,32.83952
31.60400,32.84052
31.60500,32.84152
31.60600,32.84252
31.60700,32.84352
31.60800,32.84452
31.60900,32.84552
31.61000,32.84652
31.61100,32.84752
31.61200,32.84852
31.61300,32.84952
31.61400,32.85052
31.61500,32.85152
31.61600,32.85252
31.61700,32.85352
31.61900,32.85452
31.62000,32.85552
31.62100,32.85652
31.62200,32.85752
31.62300,32.85852
31.62400,32.85952
31.62500,32.86052
31.62600,32.86152
31.62700,32.86252
31.62800,32.86352
31.62900,32.86452
31.63000,32.86552
31.63100,32.86652
31.63200,32.86752
31.63300,32.86852
31.63400,32.86952
31.63500,32.87052
31.63600,32.87152
31.63700,32.87252
31.63800,32.87352
31.63900,32.87452
31.64000,32.87552
31.64100,32.87652
31.64200,32.87752
31.64300,32.87852
31.64400,32.87952
31.64500,32.88052
31.64600,32.88152
31.64700,32.88252
31.64800,32.88352
31.64900,32.88452
31.65000,32.88552
31.65100,32.88652
31.65200,32.88752
31.65300,32.88852
31.65400,32.88952
31.65500,32.89052
31.65600,32.89152
31.65700,32.89252
31.65800,32.89352
31.65900,32.89452
31.66000,32.89552
31.66100,32.89652
31.66200,32.89752
31.66300,32.89852
31.66400,32.89952
31.66500,32.90052
31.66600,32.90152
31.66700,32.90252
31.66800,32.90352
31.66900,32.90452
31.67000,32.90552
31.67100,32.90652
31.67200,32.90752
31.67300,32.90852
31.67400,32.90952
31.67500,32.91052
31.67600,32.91152
31.67700,32.91252
31.67800,32.91352
31.67900,32.91452
31.68000,32.91552
31.68100,32.91652
31.68200,32.91752
31.68300,32.91852
31.68400,32.91952
31.68500,32.92052
31.68600,32.92152
31.68700,32.92252
31.68800,32.92352
31.68900,32.92452
31.69000,32.92552
31.69100,32.92652
31.69200,32.92752
31.69300,32.92852
31.69400,32.92952
31.69500,32.93052
31.69600,32.93152
31.69700,32.93252
31.69800,32.93352
31.69900,32.93452
31.70000,32.93552
31.70100,32.93652
31.70200,32.93752
31.70300,32.93852
31.70400,32.93952
31.70500,32.94052
31.70600,32.94152
31.70700,32.94252
31.70800,32.94352
31.70900,32.94452
31.71000,32.94552
31.71100,32.94652
31.71200,32.94752
31.71300,32.94852
31.71400,32.94952
31.71500,32.95052
31.71600,32.95152
31.71700,32.95252
31.71800,32.95352
31.71900,32.95452
31.72000,32.95552
31.72100,32.95652
31.72200,32.95752
31.72300,32.95852
31.72400,32.95952
31.72500,32.96052
31.72600,32.96152
31.72700,32.96252
31.72800,32.96352
31.72900,32.96452
31.73000,32.96552
31.73100,32.96652
31.73200,32.96752
31.73300,32.96852
31.73400,32.96952
31.73500,32.97052
31.73600,32.97152
31.73700,32.97252
31.73800,32.97352
31.73900,32.97452
31.74000,32.97552
31.74100,32.97652
31.74200,32.97752
31.74300,32.97852
31.74400,32.97952
31.74500,32.98052
31.74600,32.98152
31.74700,32.98252
31.74800,32.98352
31.74900,32.98452
31.75000,32.98552
31.75100,32.98652
31.75200,32.98752
31.75300,32.98852
31.75400,32.98952
31.75500,32.99052
31.75600,32.99152
31.75700,32.99252
31.75800,32.99352
31.75900,32.99452
31.76000,32.99552
31.76100,32.99652
31.76200,32.99752
31.76300,32.99852
31.76400,32.99952
31.76500,33.00052
31.76600,33.00152
31.76700,33.00252
31.76800,33.00352
31.76900,33.00452
31.77000,33.00552
31.77100,33.00652
31.77200,33.00752
31.77300,33.00852
31.77400,33.00952
31.77500,33.01052
31.77600,33.01152
31.77700,33.01252
31.77800,33.01352
31.77900,33.01452
31.78000,33.01552
31.78200,33.01652
31.78300,33.01752
31.78400,33.01852
31.78500,33.01952
31.78600,33.02052
31.78700,33.02152
31.78800,33.02252
31.78900,33.02352
31.79000,33.02452
31.79100,33.02552
31.79200,33.02652
31.79300,33.02752
31.79400,33.02852
31.79500,33.02952
31.79600,33.03052
31.79700,33.03152
31.79800,33.03252
31.79900,33.03352
31.80000,33.03452
31.80100,33.03552
31.80200,33.03652
31.80300,33.03752
31.80400,33.03852
31.80600,33.03952
31.80700,33.04052
31.80800,33.04152
31.80900,33.04252
31.81000,33.04352
31.81100,33.04452
31.81200,33.04552
31.81300,33.04652
31.81400,33.04752
31.81500,33.04852
31.81600,33.04952
31.81700,33.05052
31.81800,33.05152
31.81900,33.05252
31.82000,33.05352
31.82100,33.05452
31.82200,33.05552
31.82300,33.05652
31.82400,33.05752
31.82500,33.05852
31.82600,33.05952
31.82700,33.06052
31.82800,33.06152
31.82900,33.06252
31.83000,33.06352
31.83100,33.06452
31.83200,33.06552
31.83300,33.06652
31.83400,33.06752
31.83500,33.06852
31.83600,33.06952
31.83700,33.07052
31.83800,33.07152
31.83900,33.07252
31.84000,33.07352
31.84100,33.07452
31.84200,33.07552
31.84300,33.07652
31.84400,33.07752
31.84500,33.07852
31.84600,33.07952
31.84700,33.08052
31.84800,33.08152
31.84900,33.08252
31.85000,33.08352
31.85400,33.08452
31.85500,33.08552
31.85600,33.08652
31.85700,33.08752
31.86400,33.08852
31.86600,33.08952
31.86700,33.09052
31.86800,33.09152
31.86900,33.09252
31.87000,33.09352
31.87100,33.09452
31.87200,33.09552
31.87300,33.09652
31.87400,33.09752
31.87500,33.09852
31.87600,33.09952
31.87700,33.10052
31.87800,33.10152
31.87900,33.10252
31.88000,33.10352
31.88100,33.10452
31.88200,33.10552
31.88700,33.10652
31.88800,33.10752
31.88900,33.10852
31.89000,33.10952
31.89100,33.11052
31.89200,33.11152
31.89300,33.11252
31.89400,33.11352
31.89500,33.11452
31.89600,33.11552
31.89700,33.11652
31.89800,33.11752
31.89900,33.11852
31.90000,33.11952
31.90100,33.12052
31.90200,33.12152
31.90300,33.12252
31.90400,33.12352
31.90500,33.12452
31.90600,33.12552
31.90700,33.12652
31.90800,33.12752
31.90900,33.12852
31.91000,33.12952
31.91100,33.13052
31.91200,33.13152
31.91300,33.13252
31.91400,33.13352
31.91500,33.13452
31.91600,33.13552
31.91700,33.13652
31.91800,33.13752
31.91900,33.13852
31.92000,33.13952
31.92100,33.14052
31.92200,33.14152
31.92300,33.14252
31.92400,33.14352
31.92500,33.14452
31.92600,33.14552
31.92700,33.14652
31.92800,33.14752
31.92900,33.14852
31.93000,33.14952
31.93100,33.15052
31.93200,33.15152
31.93300,33.15252
31.93400,33.15352
31.93500,33.15452
31.93600,33.15552
31.93700,33.15652
31.93800,33.15752
31.93900,33.15852
31.94000,33.15952
31.94100,33.16052
31.94200,33.16152
31.94300,33.16252
31.94400,33.16352
31.94500,33.16452
31.94600,33.16552
31.94700,33.16652
31.94800,33.16752
31.94900,33.16852
31.95000,33.16952
31.95100,33.17052
31.95200,33.17152
31.95300,33.17252
31.95400,33.17352
31.95500,33.17452
31.95600,33.17552
31.95700,33.17652
31.95800,33.17752
31.95900,33.17852
31.96000,33.17952
31.96100,33.18052
31.96200,33.18152
31.96300,33.18252
31.96400,33.18352
31.96500,33.18452
31.96600,33.18552
31.96700,33.18652
31.96800,33.18752
31.96900,33.18852
31.97000,33.18952
31.97100,33.19052
31.97200,33.19152
31.97300,33.19252
31.97400,33.19352
31.97500,33.19552
31.97600,33.19652
31.97700,33.19752
31.97800,33.19852
31.97900,33.19952
31.98000,33.20052
31.98100,33.20152
31.98200,33.21152
31.98300,33.21452
31.98400,33.21552
31.98500,33.21652
31.98600,33.21752
31.98700,33.21852
31.98800,33.21952
31.98900,33.22052
31.99000,33.22152
31.99100,33.22252
31.99200,33.22352
31.99300,33.22452
31.99400,33.22552
31.99500,33.22652
31.99600,33.22752
31.99700,33.22852
31.99800,33.22952
31.99900,33.23052
32.00000,33.23152
32.00100,33.23252
32.00200,33.23352
32.00300,33.23452
32.00400,33.23552
32.00500,33.23652
32.00600,33.23752
32.00700,33.23852
32.00800,33.23952
32.00900,33.24052
32.01000,33.24152
32.01100,33.24252
32.01200,33.24352
32.01300,33.24452
32.01400,33.24552
32.01500,33.24652
32.01600,33.24752
32.01700,33.24852
32.01800,33.24952
32.01900,33.25052
32.02000,33.25152
32.02100,33.25252
32.02200,33.25352
32.02300,33.25552
32.02400,33.25652
32.02500,33.25752
32.02600,33.25852
32.02700,33.26052
32.02800,33.26152
32.02900,33.26252
32.03000,33.26352
32.03100,33.26452
32.03200,33.26552
32.03300,33.26652
32.03400,33.26752
32.03500,33.26852
32.03600,33.26952
32.03700,33.27052
32.03800,33.27152
32.03900,33.27252
32.04000,33.27352
32.04100,33.27452
32.04200,33.28052
32.04300,33.28152
32.04400,33.28252
32.04500,33.28352
32.04600,33.28452
32.04700,33.28552
32.04800,33.28652
32.04900,33.28752
32.05000,33.28852
32.05100,33.28952
32.05200,33.29052
32.05300,33.29152
32.05400,33.29252
32.05500,33.29352
32.05600,33.29452
32.05700,33.29552
32.05800,33.29652
32.05900,33.29752
32.06000,33.29852
32.06100,33.29952
32.06200,33.30052
32.06300,33.30152
32.06400,33.30252
32.06500,33.30352
32.06600,33.30452
32.06700,33.30552
32.06800,33.30652
32.06900,33.30752
32.07000,33.30852
32.07100,33.30952
32.07200,33.31052
32.07300,33.31152
32.07400,33.31252
32.07500,33.31352
32.07600,33.31452
32.07700,33.31552
32.07800,33.31652
32.07900,33.31752
32.08000,33.31852
32.08100,33.31952
32.08200,33.32052
32.08300,33.32152
32.08400,33.32252
32.08500,33.32352
32.08600,33.32452
32.08700,33.32552
32.08800,33.32652
32.08900,33.32752
32.09000,33.32852
32.09100,33.32952
32.09200,33.33052
32.09300,33.33152
32.09400,33.33252
32.09500,33.33352
32.09600,33.33452
32.09700,33.33552
32.09800,33.33652
32.09900,33.33752
32.10000,33.33852
32.10100,33.33952
32.10200,33.34052
32.10300,33.34152
32.10400,33.34252
32.10500,33.34352
32.10600,33.34452
32.10700,33.34552
32.10800,33.34652
32.10900,33.34752
32.11000,33.34852
32.11100,33.34952
32.11200,33.35052
32.11300,33.35152
32.11400,33.35252
32.11500,33.35352
32.11600,33.35452
32.11700,33.35552
32.11800,33.35652
32.11900,33.35752
32.12000,33.35852
32.12100,33.35952
32.12200,33.36052
32.12300,33.36152
32.12400,33.36252
32.12500,33.36352
32.12600,33.36452
32.12700,33.36552
32.12800,33.36652
32.12900,33.36752
32.13000,33.36852
32.13100,33.36952
32.13200,33.37052
32.13300,33.37152
32.13400,33.37252
32.13500,33.37352
32.13600,33.37452
32.13700,33.37552
32.13800,33.37652
32.13900,33.37752
32.14000,33.37852
32.14100,33.37952
32.14200,33.38052
32.14300,33.38152
32.14400,33.38252
32.14500,33.38352
32.14600,33.38452
32.14700,33.38552
32.14800,33.38652
32.14900,33.38752
32.15000,33.38852
32.15100,33.38952
32.15200,33.39052
32.15300,33.39152
32.15400,33.39252
32.15500,33.39352
32.15600,33.39452
32.15700,33.39552
32.15800,33.39652
32.15900,33.40552
32.16000,33.40652
32.16100,33.40752
32.16200,33.40852
32.16300,33.40952
32.16400,33.41052
32.16500,33.41152
32.16600,33.41252
32.16700,33.41352
32.16800,33.41552
32.16900,33.41652
32.17000,33.41752
32.17100,33.41852
32.17200,33.42252
32.17300,33.42352
32.17400,33.42452
32.17500,33.42552
32.17600,33.42752
32.17700,33.42852
32.17800,33.42952
32.17900,33.43052
32.18000,33.43152
32.18100,33.43252
32.18200,33.43352
32.18300,33.43452
32.18400,33.43552
32.18500,33.43652
32.18600,33.43752
32.18700,33.43852
32.18800,33.43952
32.18900,33.44052
32.19000,33.44152
32.19100,33.44252
32.19200,33.44352
32.19300,33.44452
32.19400,33.44552
32.19500,33.44652
32.19600,33.44752
32.19700,33.44852
32.19800,33.44952
32.19900,33.45052
32.20000,33.45152
32.20100,33.45252
32.20200,33.45352
32.20300,33.45452
32.20400,33.45552
32.20500,33.45652
32.20600,33.45752
32.20700,33.45852
32.20800,33.45952
32.20900,33.46052
32.21000,33.46152
32.21100,33.46252
32.21200,33.46352
32.21300,33.46452
32.21400,33.46552
32.21500,33.46652
32.21600,33.46752
32.21700,33.46852
32.21800,33.46952
32.21900,33.47052
32.22000,33.47152
32.22100,33.47252
32.22200,33.47352
32.22300,33.47452
32.22400,33.47552
32.22500,33.47652
32.22600,33.47752
32.22700,33.47852
32.22800,33.47952
32.22900,33.48052
32.23000,33.48152
32.23100,33.48252
32.23200,33.48352
32.23300,33.48452
32.23400,33.48552
32.23500,33.48652
32.23600,33.48752
32.23700,33.48852
32.23800,33.48952
32.23900,33.49052
32.24000,33.49152
32.24100,33.49252
32.24200,33.49352
32.24300,33.49452
32.24400,33.49552
32.24500,33.49652
32.24600,33.49752
32.24700,33.49852
32.24800,33.49952
32.24900,33.50052
32.25000,33.50352
32.25100,33.50452
32.25200,33.50552
32.25300,33.50652
32.25400,33.51152
32.25500,33.51352
32.25600,33.51452
32.25700,33.51952
32.25800,33.52052
32.25900,33.52152
32.26000,33.52252
32.26100,33.52352
32.26200,33.52452
32.26300,33.52552
32.26400,33.52652
32.26500,33.52752
32.26600,33.52852
32.26700,33.52952
32.26800,33.53052
32.26900,33.53152
32.27000,33.53252
32.27100,33.53352
32.27200,33.53452
32.27300,33.53552
32.27400,33.53652
32.27500,33.53752
32.27600,33.53852
32.27700,33.53952
32.27800,33.54052
32.27900,33.54152
32.28000,33.54252
32.28100,33.54352
32.28200,33.54452
32.28300,33.54552
32.28400,33.54652
32.28500,33.54752
32.28600,33.54852
32.28700,33.54952
32.28800,33.55052
32.28900,33.55152
32.29000,33.55252
32.29100,33.55352
32.29200,33.55452
32.29300,33.55552
32.29400,33.55652
32.29500,33.55752
32.29600,33.55852
32.29700,33.55952
32.29800,33.56052
32.29900,33.56152
32.30000,33.56252
32.30100,33.56352
32.30200,33.56452
32.30300,33.56552
32.30400,33.56652
32.30500,33.56752
32.30600,33.56852
32.30700,33.56952
32.30800,33.57052
32.30900,33.57152
32.31000,33.57252
32.31100,33.57352
32.31200,33.57452
32.31300,33.57552
32.31400,33.57652
32.31500,33.57752
32.31600,33.57852
32.31700,33.57952
32.31800,33.58052
32.31900,33.58152
32.32000,33.58252
32.32100,33.58352
32.32200,33.58452
32.32300,33.58552
32.32400,33.58652
32.32500,33.58752
32.32600,33.58852
32.32700,33.58952
32.32800,33.59052
32.32900,33.59152
32.33000,33.59252
32.33100,33.59352
32.33200,33.59452
32.33300,33.59552
32.33400,33.59652
32.33500,33.59752
32.33600,33.59852
32.33700,33.59952
32.33800,33.60052
32.33900,33.60152
32.34000,33.60252
32.34100,33.60352
32.34200,33.60452
32.34300,33.60552
32.34400,33.60652
32.34500,33.60752
32.34600,33.60852
32.34700,33.60952
32.34800,33.61052
32.34900,33.61152
32.35000,33.61252
32.35100,33.61352
32.35200,33.61452
32.35300,33.61552
32.35400,33.61652
32.35500,33.61752
32.35600,33.61852
32.35700,33.61952
32.35800,33.62052
32.35900,33.62152
32.36000,33.62252
32.36100,33.62352
32.36200,33.62452
32.36300,33.62552
32.36400,33.62652
32.36500,33.62752
32.36600,33.62852
32.36700,33.62952
32.36800,33.63052
32.36900,33.63152
32.37000,33.63252
32.37100,33.63352
32.37200,33.63452
32.37300,33.63552
32.37400,33.63652
32.37500,33.63752
32.37600,33.63852
32.37700,33.63952
32.37800,33.64052
32.37900,33.64152
32.38000,33.64252
32.38100,33.64352
32.38200,33.64452
32.38300,33.64552
32.38400,33.64652
32.38500,33.64752
32.38600,33.64852
32.38700,33.64952
32.38800,33.65052
32.38900,33.65152
32.39000,33.65252
32.39100,33.65352
32.39200,33.65452
32.39300,33.65552
32.39400,33.65652
32.39500,33.65752
32.39600,33.65852
32.39700,33.65952
32.39800,33.66052
32.39900,33.66152
32.40000,33.66252
32.40100,33.66352
32.40200,33.66452
32.40300,33.66552
32.40400,33.66652
32.40500,33.66752
32.40600,33.66852
32.40700,33.66952
32.40800,33.67052
32.40900,33.67152
32.41000,33.67252
32.41100,33.67352
32.41200,33.67452
32.41300,33.67552
32.41400,33.67652
32.41500,33.67752
32.41600,33.67852
32.41700,33.67952
32.41800,33.68052
32.41900,33.68152
32.42000,33.68252
32.42100,33.68352
32.42200,33.68452
32.42300,33.68552
32.42400,33.68652
32.42500,33.68752
32.42600,33.68852
32.42700,33.68952
32.42800,33.69052
32.42900,33.69152
32.43000,33.69252
32.43100,33.69352
32.43200,33.69452
32.43300,33.69552
32.43400,33.69652
32.43500,33.69752
32.43600,33.69852
32.43700,33.69952
32.43800,33.70052
32.43900,33.70152
32.44000,33.70252
32.44100,33.70352
32.44200,33.70452
32.44300,33.70552
32.44400,33.70652
32.44500,33.70752
32.44600,33.70852
32.44700,33.70952
32.44800,33.71052
32.44900,33.71152
32.45000,33.71252
32.45100,33.71352
32.45200,33.71452
32.45300,33.71552
32.45400,33.71652
32.45500,33.71752
32.45600,33.71852
32.45700,33.71952
32.45800,33.72052
32.45900,33.72152
32.46000,33.72252
32.46100,33.72352
32.46200,33.72452
32.46300,33.72552
32.46400,33.72652
32.46500,33.72752
32.46600,33.72852
32.46700,33.72952
32.46800,33.73052
32.46900,33.73152
32.47000,33.73252
32.47100,33.73352
32.47200,33.73452
32.47300,33.73552
32.47400,33.73652
32.47500,33.73752
32.47600,33.73852
32.47700,33.73952
32.47800,33.74052
32.47900,33.74152
32.48000,33.74252
32.48100,33.74352
32.48200,33.74452
32.48300,33.74552
32.48400,33.74652
32.48500,33.74752
32.48600,33.74852
32.48700,33.74952
32.48800,33.75052
32.48900,33.75152
32.49000,33.75252
32.49100,33.75352
32.49200,33.75452
32.49300,33.75552
32.49400,33.75652
32.49500,33.75752
32.49600,33.75852
32.49700,33.75952
32.49800,33.76052
32.49900,33.76152
32.50000,33.76452
32.50100,33.76552
32.50200,33.76652
32.50300,33.76752
32.50400,33.76852
32.50500,33.76952
32.50600,33.77052
32.50700,33.77152
32.50800,33.77252
32.50900,33.77352
32.51000,33.77452
32.51100,33.77552
32.51200,33.77652
32.51300,33.77752
32.51400,33.77852
32.51500,33.77952
32.51600,33.78052
32.51700,33.78152
32.51800,33.78252
32.51900,33.78352
32.52000,33.78452
32.52100,33.78552
32.52200,33.78652
32.52300,33.78752
32.52400,33.78852
32.52500,33.78952
32.52600,33.79052
32.52700,33.79152
32.52800,33.79252
32.52900,33.79352
32.53000,33.79452
32.53100,33.79552
32.53200,33.79652
32.53300,33.79752
32.53400,33.79852
32.53500,33.79952
32.53600,33.80052
32.53700,33.80152
32.53800,33.80252
32.53900,33.80352
32.54000,33.80452
32.54100,33.80652
32.54200,33.80752
32.54300,33.80852
32.54400,33.80952
32.54500,33.81052
32.54600,33.81152
32.54700,33.81252
32.54800,33.81352
32.54900,33.81452
32.55000,33.81552
32.55100,33.81652
32.55200,33.81752
32.55300,33.81852
32.55400,33.81952
32.55500,33.82052
32.55600,33.82152
32.55700,33.82252
32.55800,33.82352
32.55900,33.82452
32.56000,33.82552
32.56100,33.82652
32.56200,33.82752
32.56300,33.82852
32.56400,33.82952
32.56500,33.83052
32.56600,33.83152
32.56700,33.83252
32.56800,33.83352
32.56900,33.83452
32.57000,33.83552
32.57100,33.83652
32.57200,33.83752
32.57300,33.83852
32.57400,33.83952
32.57500,33.84052
32.57600,33.84152
32.57700,33.84252
32.57800,33.84352
32.57900,33.84452
32.58000,33.84552
32.58100,33.84652
32.58200,33.84752
32.58300,33.84852
32.58400,33.84952
32.58500,33.85052
32.58600,33.85152
32.58700,33.85252
32.58800,33.85352
32.58900,33.85452
32.59000,33.85552
32.59100,33.85652
32.59200,33.85752
32.59300,33.85852
32.59400,33.85952
32.59500,33.86052
32.59600,33.86152
32.59700,33.86252
32.59800,33.86352
32.59900,33.86452
32.60000,33.86552
32.60100,33.86652
32.60200,33.86752
32.60300,33.86852
32.60400,33.86952
32.60500,33.87052
32.60600,33.87152
32.60700,33.87252
32.60800,33.87352
32.60900,33.87452
32.61000,33.87552
32.61100,33.87652
32.61200,33.87752
32.61300,33.87852
32.61400,33.87952
32.61500,33.88052
32.61600,33.88152
32.61700,33.88252
32.61800,33.88352
32.61900,33.88452
32.62000,33.88552
32.62100,33.88652
32.62200,33.88752
32.62300,33.88852
32.62400,33.88952
32.62500,33.89052
32.62600,33.89152
32.62700,33.89252
32.62800,33.89352
32.62900,33.89452
32.63000,33.89552
32.63100,33.89652
32.63200,33.89752
32.63300,33.89852
32.63400,33.89952
32.63500,33.90052
32.63600,33.90152
32.63700,33.90252
32.63800,33.90352
32.63900,33.90452
32.64000,33.90552
32.64100,33.90652
32.64200,33.90752
32.64300,33.90852
32.64400,33.90952
32.64500,33.91052
32.64600,33.91152
32.64700,33.91252
32.64800,33.91352
32.64900,33.91452
32.65000,33.91552
32.65100,33.91652
32.65200,33.91752
32.65300,33.91852
32.65400,33.91952
32.65500,33.92052
32.65600,33.92152
32.65700,33.92252
32.65800,33.92352
32.65900,33.92452
32.66000,33.92552
32.66100,33.92652
32.66200,33.92752
32.66300,33.92852
32.66400,33.92952
32.66500,33.93052
32.66600,33.93152
32.66700,33.93252
32.66800,33.93352
32.66900,33.93452
32.67000,33.93552
32.67100,33.93652
32.67200,33.93752
32.67300,33.93852
32.67400,33.93952
32.67500,33.94052
32.67600,33.94152
32.67700,33.94252
32.67800,33.94352
32.67900,33.94452
32.68000,33.94552
32.68100,33.94652
32.68200,33.94752
32.68300,33.94852
32.68400,33.94952
32.68500,33.95052
32.68600,33.95152
32.68700,33.95252
32.68800,33.95352
32.68900,33.95452
32.69000,33.95552
32.69100,33.95652
32.69200,33.95752
32.69300,33.95852
32.69400,33.95952
32.69500,33.96052
32.69600,33.96152
32.69700,33.96252
32.69800,33.96352
32.69900,33.96452
32.70000,33.96552
32.70100,33.96652
32.70200,33.97152
32.70300,33.97252
32.70400,33.97352
32.70500,33.97452
32.70600,33.97552
32.70700,33.97652
32.70800,33.97752
32.70900,33.97852
32.71000,33.97952
32.71100,33.98052
32.71200,33.98152
32.71300,33.98252
32.71400,33.98352
32.71500,33.98452
32.71600,33.98552
32.71700,33.98652
32.71800,33.98852
32.71900,33.98952
32.72000,33.99052
32.72100,33.99152
32.72200,33.99252
32.72300,33.99352
32.72400,33.99452
32.72500,33.99552
32.72600,33.99652
32.72700,33.99852
32.72800,33.99952
32.72900,34.00052
32.73000,34.00152
32.73100,34.00352
32.73200,34.00452
32.73300,34.00552
32.73400,34.00652
32.73500,34.01052
32.73600,34.01152
32.73700,34.01252
32.73800,34.01352
32.73900,34.01452
32.74000,34.01552
32.74100,34.01652
32.74200,34.01752
32.74300,34.01852
32.74400,34.01952
32.74500,34.02052
32.74600,34.02152
32.74700,34.02252
32.74800,34.02352
32.74900,34.02452
32.75000,34.02552
32.75100,34.02652
32.75200,34.02752
32.75300,34.02852
32.75400,34.02952
32.75500,34.03052
32.75600,34.03152
32.75700,34.03252
32.76200,34.03352
32.76300,34.03452
32.76400,34.03552
32.76500,34.03652
32.76600,34.03752
32.76700,34.03852
32.76800,34.03952
32.76900,34.04052
32.77000,34.04152
32.77100,34.04252
32.77200,34.04352
32.77300,34.04452
32.77400,34.04552
32.77500,34.04652
32.77600,34.04752
32.77700,34.04852
32.77800,34.04952
32.77900,34.05052
32.78000,34.05152
32.78100,34.05252
32.78200,34.05352
32.78300,34.05452
32.78400,34.05552
32.78500,34.05652
32.78600,34.05752
32.78700,34.05852
32.78800,34.05952
32.78900,34.06052
32.79000,34.06152
32.79100,34.06252
32.79200,34.06352
32.79300,34.06452
32.79400,34.06552
32.79500,34.06652
32.79600,34.06752
32.79700,34.06852
32.79800,34.06952
32.79900,34.07052
32.80000,34.07152
32.80100,34.07252
32.80200,34.07352
32.80300,34.07452
32.80400,34.07552
32.80500,34.07652
32.80600,34.07752
32.80700,34.07852
32.80800,34.07952
32.80900,34.08052
32.81000,34.08152
32.81100,34.08252
32.81200,34.08352
32.81300,34.08452
32.81400,34.08552
32.81500,34.08652
32.81600,34.08752
32.81700,34.08852
32.81800,34.08952
32.81900,34.09052
32.82000,34.09152
32.82100,34.09252
32.82200,34.09352
32.82300,34.09452
32.82400,34.09552
32.82500,34.09652
32.82600,34.09752
32.82700,34.09852
32.82800,34.09952
32.82900,34.10052
32.83000,34.10152
32.83100,34.10252
32.83200,34.10352
32.83300,34.10452
32.83400,34.10552
32.83500,34.10652
32.83600,34.10752
32.83700,34.10852
32.83800,34.10952
32.83900,34.11052
32.84000,34.11152
32.84100,34.11252
32.84200,34.11352
32.84300,34.11452
32.84400,34.11552
32.84500,34.11652
32.84600,34.11752
32.84700,34.11852
32.84800,34.11952
32.84900,34.12052
32.85000,34.12152
32.85100,34.12252
32.85200,34.12352
32.85300,34.12452
32.85400,34.12552
32.85500,34.12652
32.85600,34.12752
32.85700,34.12852
32.85800,34.12952
32.85900,34.13052
32.86000,34.13152
32.86100,34.13252
32.86200,34.13352
32.86300,34.13452
32.86400,34.13552
32.86500,34.13652
32.86600,34.13752
32.86700,34.13852
32.86800,34.13952
32.86900,34.14052
32.87000,34.14152
32.87100,34.14252
32.87200,34.14352
32.87300,34.14452
32.87400,34.14552
32.87500,34.14652
32.87600,34.14752
32.87700,34.14852
32.87800,34.14952
32.87900,34.15052
32.88000,34.15152
32.88100,34.15252
32.88200,34.15352
32.88300,34.15452
32.88400,34.15552
32.88500,34.15652
32.88600,34.15752
32.88700,34.15852
32.88800,34.15952
32.88900,34.16052
32.89000,34.16152
32.89100,34.16252
32.89200,34.16352
32.89300,34.16452
32.89400,34.16552
32.89500,34.16652
32.89600,34.16752
32.89700,34.16852
32.89800,34.16952
32.89900,34.17052
32.90000,34.17152
32.90100,34.17252
32.90200,34.17352
32.90300,34.17452
32.90400,34.17552
32.90500,34.17652
32.90600,34.17752
32.90700,34.17852
32.90800,34.17952
32.90900,34.18052
32.91000,34.18152
32.91100,34.18252
32.91200,34.18352
32.91300,34.18452
32.91400,34.18552
32.91500,34.18652
32.91600,34.18752
32.91700,34.18852
32.91800,34.18952
32.91900,34.19052
32.92000,34.19152
32.92100,34.19252
32.92200,34.19352
32.92300,34.19452
32.92400,34.19552
32.92500,34.19652
32.92600,34.19752
32.92700,34.19852
32.92800,34.19952
32.92900,34.20052
32.93000,34.20152
32.93100,34.20252
32.93200,34.20352
32.93300,34.20452
32.93400,34.20552
32.93500,34.20652
32.93600,34.20752
32.93700,34.20852
32.93800,34.20952
32.93900,34.21052
32.94000,34.21152
32.94100,34.21252
32.94200,34.21352
32.94300,34.21452
32.94400,34.21552
32.94500,34.21652
32.94600,34.21752
32.94700,34.21852
32.94800,34.21952
32.94900,34.22052
32.95000,34.22152
32.95100,34.22252
32.95200,34.22352
32.95300,34.22452
32.95400,34.22552
32.95500,34.22652
32.95600,34.22752
32.95700,34.22852
32.95800,34.22952
32.95900,34.23052
32.96000,34.23152
32.96100,34.23252
32.96200,34.23352
32.96300,34.23452
32.96400,34.23552
32.96500,34.23652
32.96600,34.23752
32.96700,34.23852
32.96800,34.23952
32.96900,34.24052
32.97000,34.24152
32.97100,34.24252
32.97200,34.24352
32.97300,34.24452
32.97400,34.24552
32.97500,34.24652
32.97600,34.24752
32.97700,34.24852
32.97800,34.24952
32.97900,34.25052
32.98000,34.25152
32.98100,34.25252
32.98200,34.25352
32.98300,34.25452
32.98400,34.25552
32.98500,34.25652
32.98600,34.25752
32.98700,34.25852
32.98800,34.25952
32.98900,34.26052
32.99000,34.26652
32.99100,34.26752
32.99200,34.26852
32.99300,34.26952
32.99400,34.27052
32.99500,34.27152
32.99600,34.27252
32.99700,34.27352
32.99800,34.27452
32.99900,34.27552
33.00000,34.27652
33.00100,34.27752
33.00200,34.27852
33.00300,34.27952
33.00400,34.28052
33.00500,34.28152
33.00600,34.28252
33.00700,34.28352
33.01000,34.28452
33.01100,34.28552
33.01200,34.28652
33.01300,34.28752
33.01400,34.28852
33.01500,34.28952
33.01600,34.29052
33.01700,34.29152
33.01800,34.29252
33.01900,34.29352
33.02000,34.29452
33.02100,34.29552
33.02200,34.29652
33.02300,34.29752
33.02400,34.29852
33.02500,34.29952
33.02600,34.30052
33.02700,34.30152
33.02800,34.30252
33.02900,34.30352
33.03000,34.30452
33.03100,34.30552
33.03200,34.30652
33.03300,34.30752
33.03400,34.30852
33.03500,34.30952
33.03600,34.31052
33.03700,34.31152
33.03800,34.31252
33.03900,34.31352
33.04000,34.31452
33.04100,34.31552
33.04200,34.31652
33.04300,34.31752
33.04400,34.31852
33.04500,34.31952
33.04600,34.32052
33.04700,34.32152
33.04800,34.32252
33.04900,34.32352
33.05000,34.32452
33.05100,34.32552
33.05200,34.32652
33.05300,34.32752
33.05400,34.32852
33.05500,34.32952
33.05600,34.33052
33.05700,34.33152
33.05800,34.33252
33.05900,34.33352
33.06200,34.33452
33.06300,34.33552
33.06400,34.33652
33.06500,34.33752
33.06600,34.33852
33.06700,34.33952
33.06800,34.34052
33.06900,34.34152
33.07000,34.34252
33.07100,34.34352
33.07200,34.34452
33.07300,34.34552
33.07400,34.34652
33.07500,34.34752
33.07600,34.34852
33.07700,34.34952
33.07800,34.35052
33.07900,34.35152
33.08000,34.35252
33.08100,34.35352
33.08200,34.35452
33.08300,34.35552
33.08400,34.35652
33.08500,34.35752
33.08600,34.35852
33.08700,34.35952
33.08800,34.36052
33.08900,34.36152
33.09000,34.36252
33.09100,34.36352
33.09200,34.36452
33.09300,34.36552
33.09400,34.36652
33.09500,34.37152
33.09600,34.37252
33.09700,34.37352
33.09800,34.37452
33.09900,34.37552
33.10000,34.37752
33.10100,34.38852
33.10200,34.38952
33.10300,34.39052
33.10400,34.39152
33.10500,34.39252
33.10600,34.39352
33.10700,34.39452
33.10800,34.39552
33.10900,34.39652
33.11000,34.39752
33.11100,34.39852
33.11200,34.39952
33.11300,34.40052
33.11400,34.40152
33.11500,34.40252
33.11600,34.40352
33.11700,34.40452
33.11800,34.40552
33.11900,34.40652
33.12000,34.40752
33.12100,34.40852
33.12200,34.40952
33.12300,34.41052
33.12400,34.41152
33.12500,34.41252
33.12600,34.41352
33.12700,34.41452
33.12800,34.41552
33.12900,34.41652
33.13000,34.41752
33.13100,34.41852
33.13200,34.41952
33.13300,34.42052
33.13400,34.42152
33.13500,34.42252
33.13600,34.42352
33.13700,34.42452
33.13800,34.42552
33.13900,34.42652
33.14000,34.42752
33.14100,34.42852
33.14200,34.42952
33.14300,34.43052
33.14400,34.43152
33.14500,34.43252
33.14600,34.43352
33.14700,34.43452
33.14800,34.43552
33.14900,34.43652
33.15000,34.43752
33.15100,34.43852
33.15200,34.43952
33.15300,34.44052
33.15400,34.44152
33.15500,34.44252
33.15600,34.44352
33.15700,34.44452
33.15800,34.44552
33.15900,34.44652
33.16000,34.44752
33.16100,34.44852
33.16200,34.44952
33.16300,34.45052
33.16400,34.45152
33.16500,34.45252
33.16600,34.45352
33.16700,34.45452
33.16800,34.45552
33.16900,34.45652
33.17000,34.45752
33.17100,34.45852
33.17200,34.45952
33.17300,34.46052
33.17400,34.46152
33.17500,34.46252
33.17600,34.46352
33.17700,34.46452
33.17800,34.46552
33.17900,34.46652
33.18000,34.46752
33.18100,34.46852
33.18200,34.46952
33.18300,34.47052
33.18400,34.47152
33.18500,34.47252
33.18600,34.47352
33.18700,34.47452
33.18800,34.47552
33.18900,34.47652
33.19000,34.47752
33.19100,34.47852
33.19200,34.47952
33.19300,34.48052
33.19400,34.48152
33.19500,34.48252
33.19600,34.48352
33.19700,34.48452
33.19800,34.48552
33.19900,34.48652
33.20000,34.48752
33.20100,34.48852
33.20200,34.48952
33.20300,34.49052
33.20400,34.49152
33.20500,34.49252
33.20600,34.49352
33.20700,34.49452
33.20800,34.49552
33.20900,34.49652
33.21000,34.49752
33.21100,34.49852
33.21200,34.49952
33.21300,34.50052
33.21400,34.50152
33.21500,34.50252
33.21600,34.50352
33.21700,34.50452
33.21800,34.50552
33.21900,34.50652
33.22000,34.50752
33.22100,34.50852
33.22200,34.50952
33.22300,34.51052
33.22400,34.51152
33.22500,34.51252
33.22600,34.51352
33.22700,34.51452
33.22800,34.51552
33.22900,34.51652
33.23000,34.51752
33.23100,34.51852
33.23200,34.51952
33.23300,34.52052
33.23400,34.52152
33.23500,34.52252
33.23600,34.52352
33.23700,34.52452
33.23800,34.52552
33.23900,34.52652
33.24000,34.52752
33.24100,34.52852
33.24200,34.52952
33.24300,34.53052
33.24400,34.53152
33.24500,34.53252
33.24600,34.53352
33.24700,34.53452
33.24800,34.53552
33.24900,34.53652
33.25000,34.53752
33.25100,34.53852
33.25200,34.53952
33.25400,34.54052
33.25500,34.54152
33.25600,34.54252
33.25700,34.54352
33.25800,34.54452
33.25900,34.54552
33.26000,34.54652
33.26100,34.54752
33.26200,34.54852
33.26300,34.54952
33.26400,34.55052
33.26500,34.55152
33.26900,34.55252
33.27500,34.55352
33.27600,34.55452
33.27700,34.55552
33.27800,34.55652
33.27900,34.55752
33.28000,34.55852
33.28100,34.55952
33.28200,34.56052
33.28300,34.56152
33.28400,34.56252
33.28500,34.56352
33.28600,34.56452
33.28700,34.56552
33.28800,34.56652
33.28900,34.56752
33.29000,34.56852
33.29100,34.56952
33.29200,34.57052
33.29300,34.57152
33.29400,34.57252
33.29500,34.57352
33.29600,34.57452
33.29700,34.57552
33.29800,34.57652
33.29900,34.57752
33.30000,34.57852
33.30100,34.57952
33.30200,34.58052
33.30300,34.58152
33.30400,34.58252
33.30500,34.58352
33.30600,34.58452
33.30700,34.58552
33.30800,34.58652
33.30900,34.58752
33.31000,34.58852
33.31100,34.58952
33.31200,34.59052
33.31300,34.59152
33.31400,34.59252
33.31500,34.59352
33.31600,34.59452
33.31700,34.59552
33.31800,34.59652
33.31900,34.59752
33.32000,34.59852
33.32100,34.59952
33.32200,34.60052
33.32300,34.60152
33.32400,34.60252
33.32500,34.60352
33.32600,34.60452
33.32700,34.60552
33.32800,34.60652
33.32900,34.60752
33.33000,34.60852
33.33100,34.60952
33.33200,34.61052
33.33300,34.61152
33.33400,34.61252
33.33500,34.61352
33.33600,34.61452
33.33700,34.61552
33.33800,34.61652
33.33900,34.61752
33.34000,34.61852
33.34100,34.61952
33.34200,34.62052
33.34300,34.62152
33.34400,34.62252
33.34500,34.62352
33.34600,34.62452
33.34700,34.62552
33.34800,34.62652
33.34900,34.62752
33.35000,34.62852
33.35100,34.62952
33.35200,34.63052
33.35300,34.63152
33.35400,34.63252
33.35500,34.63352
33.35600,34.63452
33.35700,34.63552
33.35800,34.63652
33.35900,34.63752
33.36000,34.63852
33.36100,34.63952
33.36200,34.64052
33.36300,34.64152
33.36400,34.64252
33.36500,34.64352
33.36600,34.64452
33.36700,34.64552
33.36800,34.64652
33.36900,34.64752
33.37000,34.64852
33.37100,34.64952
33.37200,34.65052
33.37300,34.65152
33.37400,34.65252
33.37500,34.65352
33.37600,34.65452
33.37700,34.65552
33.37800,34.65652
33.37900,34.65752
33.38000,34.65852
33.38100,34.65952
33.38200,34.66052
33.38300,34.66152
33.38400,34.66252
33.38500,34.66352
33.38600,34.66452
33.38700,34.66552
33.38800,34.66652
33.38900,34.66752
33.39000,34.66852
33.39100,34.66952
33.39200,34.67052
33.39300,34.67152
33.39400,34.67252
33.39500,34.67352
33.39600,34.67452
33.39700,34.67552
33.39800,34.67652
33.39900,34.67752
33.40000,34.67852
33.40100,34.67952
33.40200,34.68052
33.40300,34.68152
33.40400,34.68252
33.40500,34.68352
33.40600,34.68452
33.40700,34.68552
33.40800,34.68652
33.40900,34.68752
33.41000,34.68852
33.41100,34.68952
33.41200,34.69052
33.41300,34.69152
33.41400,34.69252
33.41500,34.69352
33.41600,34.69452
33.41700,34.69552
33.41800,34.69652
33.41900,34.69752
33.42000,34.69852
33.42100,34.69952
33.42200,34.70052
33.42300,34.70152
33.42400,34.70252
33.42500,34.70352
33.42600,34.70452
33.42700,34.70552
33.42800,34.70652
33.42900,34.70752
33.43000,34.70852
33.43100,34.70952
33.43200,34.71052
33.43300,34.71352
33.43400,34.71452
33.43500,34.71552
33.43600,34.71652
33.43700,34.71752
33.43800,34.71852
33.43900,34.71952
33.44000,34.72052
33.44100,34.72152
33.44200,34.72252
33.44300,34.72352
33.44400,34.72452
33.44500,34.72552
33.44600,34.72652
33.44700,34.72752
33.44800,34.72852
33.44900,34.72952
33.45000,34.73052
33.45100,34.73152
33.45200,34.73252
33.45300,34.73352
33.45400,34.73452
33.45500,34.73552
33.45600,34.73652
33.45700,34.73752
33.45800,34.73852
33.45900,34.73952
33.46000,34.74052
33.46100,34.74152
33.46200,34.74252
33.46300,34.74352
33.46400,34.74452
33.46500,34.74552
33.46600,34.74652
33.46700,34.74752
33.46800,34.74852
33.46900,34.74952
33.47000,34.75052
33.47100,34.75152
33.47200,34.75252
33.47300,34.75352
33.47400,34.75452
33.47500,34.75552
33.47600,34.75652
33.47700,34.75752
33.47800,34.75852
33.47900,34.75952
33.48000,34.76052
33.48100,34.76152
33.48200,34.76252
33.48300,34.76352
33.48400,34.76452
33.48500,34.76552
33.48600,34.76652
33.48700,34.76752
33.48800,34.76852
33.48900,34.76952
33.49000,34.77052
33.49100,34.77152
33.49200,34.77252
33.49300,34.77352
33.49400,34.77452
33.49500,34.77552
33.49600,34.77652
33.49700,34.77752
33.49800,34.77852
33.49900,34.77952
33.50000,34.78052
33.50100,34.78152
33.50200,34.78252
33.50300,34.78352
33.50400,34.78452
33.50500,34.78552
33.50600,34.78652
33.50700,34.78752
33.50800,34.78852
33.50900,34.78952
33.51000,34.79052
33.51100,34.79152
33.51200,34.79252
33.51300,34.79352
33.51400,34.79452
33.51500,34.79552
33.51600,34.79652
33.51700,34.79752
33.51800,34.79852
33.51900,34.79952
33.52000,34.80052
33.52100,34.80152
33.52200,34.80252
33.52300,34.80352
33.52400,34.80452
33.52500,34.80552
33.52600,34.80652
33.52700,34.80752
33.52800,34.80852
33.52900,34.80952
33.53000,34.81052
33.53100,34.81152
33.53200,34.81252
33.53300,34.81352
33.53400,34.81452
33.53500,34.81552
33.53600,34.81652
33.53700,34.81752
33.53800,34.81852
33.53900,34.81952
33.54000,34.82052
33.54100,34.82152
33.54200,34.82252
33.54300,34.82352
33.54400,34.82452
33.54500,34.82552
33.54600,34.82652
33.54700,34.82752
33.54800,34.82852
33.54900,34.82952
33.55000,34.83052
33.55100,34.83152
33.55200,34.83252
33.55300,34.83352
33.55400,34.83452
33.55500,34.83552
33.55600,34.83652
33.55700,34.83752
33.55800,34.83852
33.55900,34.83952
33.56100,34.84052
33.56200,34.84152
33.56300,34.84252
33.56400,34.84352
33.56500,34.84452
33.56600,34.84552
33.56700,34.84652
33.56800,34.84752
33.56900,34.84852
33.57000,34.84952
33.57100,34.85052
33.57300,34.85152
33.57400,34.85252
33.57500,34.85352
33.57600,34.85452
33.57700,34.85552
33.57800,34.85652
33.57900,34.85752
33.58000,34.85852
33.58100,34.85952
33.58200,34.86052
33.58300,34.86152
33.58400,34.86252
33.58500,34.86352
33.58600,34.86452
33.58700,34.86552
33.58800,34.86652
33.58900,34.86752
33.59000,34.86852
33.59100,34.86952
33.59200,34.87052
33.59300,34.87152
33.59400,34.87252
33.59500,34.87352
33.59600,34.87452
33.59700,34.87552
33.59800,34.87652
33.59900,34.87752
33.60000,34.87852
33.60100,34.87952
33.60200,34.88052
33.60300,34.88152
33.60400,34.88252
33.60500,34.88352
33.60600,34.88452
33.60700,34.88552
33.60800,34.88652
33.60900,34.88752
33.61000,34.88852
33.61100,34.88952
33.61200,34.89052
33.61300,34.89152
33.61400,34.89252
33.61500,34.89352
33.61600,34.89452
33.61700,34.89552
33.61800,34.89652
33.61900,34.89752
33.62000,34.89852
33.62100,34.89952
33.62300,34.90052
33.62400,34.90152
33.62500,34.90252
33.62600,34.90352
33.62700,34.90452
33.62800,34.90552
33.62900,34.90652
33.63000,34.90752
33.63100,34.90852
33.63200,34.90952
33.63300,34.91052
33.63400,34.91152
33.63500,34.91252
33.63600,34.91352
33.63700,34.91452
33.63800,34.91552
33.63900,34.91652
33.64000,34.91752
33.64100,34.91852
33.64200,34.91952
33.64300,34.92052
33.64400,34.92152
33.64500,34.92252
33.64600,34.92352
33.64700,34.92452
33.64800,34.92552
33.64900,34.92652
33.65000,34.92752
33.65100,34.92852
33.65200,34.92952
33.65300,34.93052
33.65400,34.93152
33.65500,34.93252
33.65600,34.93352
33.65700,34.93452
33.65800,34.93552
33.65900,34.93652
33.66000,34.93752
33.66100,34.93852
33.66200,34.93952
33.66300,34.94052
33.66400,34.94152
33.66500,34.94252
33.66600,34.94352
33.66700,34.94452
33.66800,34.94552
33.66900,34.94652
33.67000,34.94752
33.67100,34.94852
33.67200,34.94952
33.67300,34.95052
33.67400,34.95152
33.67500,34.95252
33.67600,34.95352
33.67700,34.95452
33.67800,34.95552
33.67900,34.95652
33.68000,34.95752
33.68100,34.95852
33.68200,34.95952
33.68300,34.96052
33.68400,34.96152
33.68500,34.96252
33.68600,34.96352
33.68700,34.96452
33.68800,34.96552
33.68900,34.96652
33.69000,34.96752
33.69100,34.96852
33.69200,34.96952
33.69300,34.97052
33.69400,34.97152
33.69500,34.97252
33.69600,34.97352
33.69700,34.97452
33.69800,34.97552
33.69900,34.97652
33.70000,34.97752
33.70100,34.97852
33.70200,34.97952
33.70300,34.98052
33.70400,34.98152
33.70500,34.98252
33.70600,34.98352
33.70700,34.98452
33.70800,34.98552
33.70900,34.98652
33.71000,34.98752
33.71100,34.98852
33.71200,34.98952
33.71300,34.99052
33.71400,34.99152
33.71500,34.99252
33.71600,34.99352
33.71700,34.99452
33.71800,34.99552
33.71900,34.99652
33.72000,34.99752
33.72100,34.99852
33.72200,34.99952
33.72300,35.00052
33.72400,35.00152
33.72500,35.00252
33.72600,35.00352
33.72700,35.00452
33.72800,35.00552
33.72900,35.00652
33.73000,35.00752
33.73100,35.00852
33.73200,35.00952
33.73300,35.01052
33.73400,35.01152
33.73500,35.01252
33.73600,35.01352
33.73700,35.01452
33.73800,35.01552
33.73900,35.01652
33.74000,35.01752
33.74100,35.01852
33.74200,35.01952
33.74300,35.02052
33.74400,35.02152
33.74500,35.02252
33.74600,35.02352
33.74700,35.02452
33.74800,35.02552
33.74900,35.02652
33.75000,35.02752
33.75100,35.02852
33.75200,35.02952
33.75300,35.03052
33.75400,35.03152
33.75500,35.03252
33.75600,35.03352
33.75700,35.03452
33.75800,35.03552
33.75900,35.03652
33.76000,35.03752
33.76100,35.03852
33.76200,35.03952
33.76300,35.04052
33.76400,35.04152
33.76500,35.04252
33.76600,35.04352
33.76700,35.04452
33.76800,35.04552
33.76900,35.04652
33.77000,35.04752
33.77100,35.04852
33.77200,35.04952
33.77300,35.05052
33.77400,35.05152
33.77500,35.05252
33.77600,35.05352
33.77700,35.05452
33.77800,35.05552
33.77900,35.05652
33.78000,35.05752
33.78100,35.05852
33.78200,35.05952
33.78300,35.06052
33.78400,35.06152
33.78600,35.06252
33.78700,35.06352
33.78800,35.06452
33.78900,35.06552
33.79000,35.06652
33.79100,35.06752
33.79200,35.06852
33.79300,35.06952
33.79400,35.07052
33.79500,35.07152
33.79600,35.07252
33.79700,35.07352
33.79800,35.07452
33.79900,35.07552
33.80000,35.07652
33.80100,35.07752
33.80200,35.07852
33.80300,35.07952
33.80400,35.08052
33.80500,35.08152
33.80600,35.08252
33.80700,35.08352
33.80800,35.08452
33.80900,35.08552
33.81000,35.08652
33.81100,35.08752
33.81200,35.08852
33.81300,35.08952
33.81400,35.09052
33.81500,35.09152
33.81600,35.09252
33.81700,35.09352
33.81800,35.09452
33.81900,35.09552
33.82000,35.09652
33.82100,35.09752
33.82200,35.09852
33.82300,35.09952
33.82400,35.10052
33.82500,35.10152
33.82600,35.10252
33.82700,35.10352
33.82800,35.10452
33.82900,35.10552
33.83000,35.10652
33.83100,35.10752
33.83200,35.10852
33.83300,35.10952
33.83400,35.11052
33.83500,35.11152
33.83600,35.11252
33.83700,35.11352
33.83800,35.11452
33.83900,35.11552
33.84000,35.11652
33.84100,35.11752
33.84200,35.11852
33.84300,35.11952
33.84400,35.12052
33.84500,35.12152
33.84600,35.12252
33.84700,35.12352
33.84800,35.12452
33.84900,35.12552
33.85000,35.12652
33.85100,35.12752
33.85200,35.12852
33.85300,35.12952
33.85400,35.13052
33.85500,35.13152
33.85600,35.13252
33.85700,35.13352
33.85800,35.13452
33.85900,35.13552
33.86000,35.13652
33.86100,35.13752
33.86200,35.13852
33.86300,35.13952
33.86400,35.14052
33.86500,35.14152
33.86600,35.14252
33.86700,35.14352
33.86800,35.14452
33.86900,35.14552
33.87000,35.14652
33.87100,35.14752
33.87200,35.14852
33.87300,35.14952
33.87400,35.15052
33.87500,35.15152
33.87600,35.15252
33.87700,35.15352
33.87800,35.15452
33.87900,35.15552
33.88000,35.15652
33.88100,35.15752
33.88200,35.15852
33.88300,35.15952
33.88400,35.16052
33.88500,35.16152
33.88600,35.16252
33.88700,35.16352
33.88800,35.16452
33.88900,35.16552
33.89000,35.16652
33.89100,35.16752
33.89200,35.16852
33.89300,35.16952
33.89400,35.17052
33.89500,35.17152
33.89600,35.17252
33.89700,35.17352
33.89800,35.17452
33.89900,35.17552
33.90000,35.17652
33.90100,35.17752
33.90200,35.17852
33.90300,35.17952
33.90400,35.18052
33.90500,35.18152
33.90600,35.18252
33.90700,35.18352
33.90800,35.18452
33.90900,35.18552
33.91000,35.18652
33.91100,35.18752
33.91200,35.18852
33.91300,35.18952
33.91400,35.19052
33.91500,35.19152
33.91600,35.19252
33.91700,35.19352
33.91800,35.19452
33.91900,35.19552
33.92000,35.19652
33.92100,35.19752
33.92200,35.19852
33.92300,35.19952
33.92400,35.20052
33.92500,35.20152
33.92600,35.20252
33.92700,35.20352
33.92800,35.20452
33.92900,35.20552
33.93000,35.20652
33.93100,35.20752
33.93200,35.20852
33.93300,35.20952
33.93400,35.21052
33.93500,35.21152
33.93600,35.21252
33.93700,35.21352
33.93800,35.21452
33.93900,35.21552
33.94000,35.21652
33.94100,35.21752
33.94200,35.21852
33.94300,35.21952
33.94400,35.22052
33.94500,35.22152
33.94600,35.22252
33.94700,35.22352
33.94800,35.22452
33.94900,35.22552
33.95000,35.22652
33.95100,35.22752
33.95200,35.22852
33.95300,35.22952
33.95400,35.23052
33.95500,35.23152
33.95600,35.23252
33.95700,35.23352
33.95800,35.23452
33.95900,35.23552
33.96000,35.23652
33.96100,35.23752
33.96200,35.23852
33.96300,35.23952
33.96400,35.24052
33.96500,35.24152
33.96600,35.24252
33.96700,35.24352
33.96800,35.24452
33.96900,35.24552
33.97000,35.24652
33.97100,35.24752
33.97200,35.24852
33.97300,35.24952
33.97400,35.25052
33.97500,35.25152
33.97600,35.25252
33.97700,35.25352
33.97800,35.25452
33.97900,35.25552
33.98000,35.25652
33.98100,35.25952
33.98200,35.26052
33.98300,35.26152
33.98400,35.26252
33.98500,35.26352
33.98600,35.26452
33.98700,35.26552
33.98800,35.26652
33.98900,35.26752
33.99000,35.26852
33.99100,35.26952
33.99200,35.27052
33.99300,35.27152
33.99400,35.27252
33.99500,35.27352
33.99600,35.27452
33.99700,35.27552
33.99800,35.27652
33.99900,35.27752
34.00000,35.27852
34.00100,35.27952
34.00200,35.28052
34.00300,35.28152
34.00400,35.28252
34.00500,35.28352
34.00600,35.28452
34.00700,35.28552
34.00800,35.28652
34.00900,35.28752
34.01000,35.28852
34.01100,35.28952
34.01200,35.29052
34.01300,35.29152
34.01400,35.29252
34.01500,35.29352
34.01600,35.29452
34.01700,35.29552
34.01800,35.29652
34.01900,35.29752
34.02000,35.29852
34.02100,35.29952
34.02200,35.30052
34.02300,35.30152
34.02400,35.30252
34.02500,35.30352
34.02600,35.30452
34.02700,35.30552
34.02800,35.30652
34.02900,35.30752
34.03000,35.30852
34.03100,35.30952
34.03200,35.31052
34.03300,35.31152
34.03400,35.31252
34.03500,35.31352
34.03600,35.31452
34.03700,35.31552
34.03800,35.31652
34.03900,35.31752
34.04000,35.31852
34.04100,35.31952
34.04200,35.32052
34.04300,35.32152
34.04400,35.32252
34.04500,35.32352
34.04600,35.32452
34.04700,35.32552
34.04800,35.32652
34.04900,35.32752
34.05000,35.32852
34.05100,35.32952
34.05200,35.33052
34.05300,35.33152
34.05400,35.33252
34.05500,35.33352
34.05600,35.33452
34.05700,35.33552
34.05800,35.33652
34.05900,35.33752
34.06000,35.33852
34.06100,35.33952
34.06200,35.34052
34.06300,35.34152
34.06400,35.34252
34.06500,35.34352
34.06600,35.34452
34.06700,35.34552
34.06800,35.34852
34.06900,35.34952
34.07000,35.35052
34.07100,35.35152
34.07200,35.35252
34.07300,35.35352
34.07400,35.35452
34.07500,35.35552
34.07600,35.35652
34.07700,35.35752
34.07800,35.35852
34.07900,35.35952
34.08000,35.36052
34.08100,35.36152
34.08200,35.36252
34.08300,35.36352
34.08400,35.36452
34.08500,35.36552
34.08600,35.36652
34.08700,35.36752
34.08800,35.36852
34.08900,35.36952
34.09000,35.37052
34.09100,35.37152
34.09200,35.37252
34.09300,35.37352
34.09400,35.37452
34.09500,35.37552
34.09600,35.37652
34.09700,35.37752
34.09800,35.37852
34.09900,35.37952
34.10000,35.38052
34.10100,35.38152
34.10200,35.38252
34.10300,35.38352
34.10400,35.38452
34.10500,35.38552
34.10600,35.38652
34.10700,35.38752
34.10800,35.38852
34.10900,35.38952
34.11000,35.39052
34.11100,35.39152
34.11200,35.39252
34.11300,35.39352
34.11400,35.39452
34.11500,35.39552
34.11600,35.39652
34.11700,35.39752
34.11800,35.39852
34.11900,35.39952
34.12000,35.40052
34.12100,35.40152
34.12200,35.40252
34.12300,35.40352
34.12400,35.40452
34.12500,35.40552
34.12600,35.40652
34.12700,35.40752
34.12800,35.40852
34.12900,35.40952
34.13000,35.41052
34.13100,35.41152
34.13200,35.41252
34.13300,35.41352
34.13400,35.41452
34.13500,35.41652
34.13600,35.41752
34.13700,35.41852
34.13800,35.41952
34.13900,35.42052
34.14000,35.42152
34.14100,35.42252
34.14200,35.42352
34.14300,35.42452
34.14400,35.42552
34.14500,35.42652
34.14600,35.42752
34.14700,35.42852
34.14800,35.42952
34.14900,35.43052
34.15000,35.43152
34.15100,35.43252
34.15200,35.43352
34.15300,35.43452
34.15400,35.43552
34.15500,35.43652
34.15600,35.43752
34.15700,35.43852
34.15800,35.43952
34.15900,35.44052
34.16000,35.44152
34.16100,35.44252
34.16200,35.44352
34.16300,35.44452
34.16400,35.44552
34.16500,35.44652
34.16600,35.44752
34.16700,35.44852
34.16800,35.44952
34.16900,35.45052
34.17000,35.45152
34.17100,35.45252
34.17200,35.45352
34.17300,35.45452
34.17400,35.45552
34.17500,35.45652
34.17600,35.45752
34.17700,35.45852
34.17800,35.45952
34.17900,35.46052
34.18000,35.46152
34.18100,35.46252
34.18200,35.46352
34.18300,35.46452
34.18400,35.46552
34.18500,35.46652
34.18600,35.46752
34.18700,35.46852
34.18800,35.46952
34.18900,35.47052
34.19000,35.47152
34.19100,35.47252
34.19200,35.47352
34.19300,35.47452
34.19400,35.47552
34.19500,35.47652
34.19600,35.47752
34.19700,35.47852
34.19800,35.47952
34.19900,35.48052
34.20000,35.48152
34.20100,35.48252
34.20200,35.48352
34.20300,35.48452
34.20400,35.48552
34.20500,35.48652
34.20600,35.48752
34.20700,35.48852
34.20800,35.48952
34.20900,35.49052
34.21000,35.49152
34.21100,35.49252
34.21200,35.49352
34.21300,35.49452
34.21400,35.49552
34.21500,35.49652
34.21600,35.49752
34.21700,35.49852
34.21800,35.49952
34.21900,35.50052
34.22000,35.50152
34.22100,35.50252
34.22200,35.50352
34.22300,35.50452
34.22400,35.50552
34.22500,35.50652
34.22600,35.50752
34.22700,35.50852
34.22800,35.50952
34.22900,35.51052
34.23000,35.51252
34.23100,35.51352
34.23200,35.51452
34.23300,35.51552
34.23400,35.51652
34.23500,35.51752
34.23600,35.51852
34.23700,35.51952
34.23800,35.52052
34.23900,35.52152
34.24000,35.52252
34.24100,35.52352
34.24200,35.52452
34.24300,35.52552
34.24400,35.52652
34.24500,35.52752
34.24600,35.52852
34.24700,35.52952
34.24800,35.53052
34.24900,35.53152
34.25000,35.53252
34.25100,35.53352
34.25200,35.53452
34.25300,35.53552
34.25400,35.53652
34.25500,35.53752
34.25600,35.53852
34.25700,35.53952
34.25800,35.54052
34.25900,35.54152
34.26000,35.54252
34.26100,35.54352
34.26200,35.54452
34.26300,35.54552
34.26400,35.54652
34.26500,35.54752
34.26600,35.54852
34.26700,35.54952
34.26800,35.55052
34.26900,35.55152
34.27000,35.55252
34.27100,35.55352
34.27200,35.55452
34.27300,35.55552
34.27400,35.55652
34.27500,35.55752
34.27600,35.55852
34.27700,35.55952
34.27800,35.56052
34.27900,35.56152
34.28000,35.56252
34.28100,35.56352
34.28200,35.56452
34.28300,35.56552
34.28400,35.56652
34.28500,35.56752
34.28600,35.56852
34.28700,35.56952
34.28800,35.57052
34.28900,35.57152
34.29000,35.57252
34.29100,35.57352
34.29200,35.57452
34.29300,35.57552
34.29400,35.57652
34.29500,35.57752
34.29600,35.57852
34.29700,35.57952
34.29800,35.58052
34.29900,35.58152
34.30000,35.58252
34.30100,35.58352
34.30200,35.58552
34.30300,35.58652
34.30400,35.58752
34.30500,35.58852
34.30600,35.58952
34.30700,35.59052
34.30800,35.59152
34.30900,35.59252
34.31000,35.59352
34.31100,35.59452
34.31200,35.59552
34.31300,35.59652
34.31400,35.59752
34.31500,35.59852
34.31600,35.59952
34.31700,35.60052
34.31800,35.60152
34.31900,35.60252
34.32000,35.60352
34.32100,35.60452
34.32200,35.60552
34.32300,35.60652
34.32400,35.60752
34.32500,35.60852
34.32600,35.60952
34.32700,35.61052
34.32800,35.61152
34.32900,35.61252
34.33000,35.61352
34.33100,35.61452
34.33200,35.61552
34.33300,35.61652
34.33400,35.61752
34.33500,35.61852
34.33600,35.61952
34.33700,35.62052
34.33800,35.62152
34.33900,35.62252
34.34000,35.62352
34.34100,35.62452
34.34200,35.62552
34.34300,35.62652
34.34400,35.62752
34.34500,35.62852
34.34600,35.62952
34.34700,35.63052
34.34800,35.63152
34.34900,35.63252
34.35000,35.63352
34.35100,35.63452
34.35200,35.63552
34.35300,35.63652
34.35400,35.63752
34.35500,35.63852
34.35600,35.63952
34.35700,35.64052
34.35800,35.64152
34.35900,35.64252
34.36000,35.64352
34.36100,35.64452
34.36200,35.64552
34.36300,35.64652
34.36400,35.64752
34.36500,35.64852
34.36600,35.64952
34.36700,35.65052
34.36800,35.65152
34.36900,35.65252
34.37000,35.65352
34.37100,35.65452
34.37200,35.65552
34.37300,35.65652
34.37400,35.65752
34.37500,35.65852
34.37600,35.65952
34.37700,35.66052
34.37800,35.66152
34.37900,35.66252
34.38000,35.66352
34.38100,35.66452
34.38200,35.66552
34.38300,35.66652
34.38400,35.66752
34.38500,35.66852
34.38600,35.66952
34.38700,35.67052
34.38800,35.67152
34.38900,35.67252
34.39000,35.67352
34.39100,35.67452
34.39200,35.67552
34.39300,35.67652
34.39400,35.67752
34.39500,35.67852
34.39600,35.67952
34.39700,35.68052
34.39800,35.68152
34.39900,35.68252
34.40000,35.68352
34.40100,35.68452
34.40200,35.68552
34.40300,35.68652
34.40400,35.68752
34.40500,35.68852
34.40600,35.68952
34.40700,35.69052
34.40800,35.69152
34.40900,35.69252
34.41000,35.69352
34.41100,35.69452
34.41200,35.69552
34.41300,35.69652
34.41400,35.69752
34.41500,35.69852
34.41600,35.69952
34.41700,35.70052
34.41800,35.70152
34.41900,35.70252
34.42000,35.70352
34.42100,35.70452
34.42200,35.70552
34.42300,35.70652
34.42400,35.70752
34.42500,35.70852
34.42600,35.70952
34.42700,35.71052
34.42800,35.71152
34.42900,35.71252
34.43000,35.71352
34.43100,35.71452
34.43200,35.71552
34.43300,35.71652
34.43400,35.71752
34.43500,35.71852
34.43600,35.71952
34.43700,35.72052
34.43800,35.72152
34.43900,35.72252
34.44000,35.72352
34.44100,35.72452
34.44200,35.72552
34.44300,35.72652
34.44400,35.72752
34.44500,35.72852
34.44600,35.72952
34.44700,35.73052
34.44800,35.73152
34.44900,35.73252
34.45000,35.73352
34.45100,35.73452
34.45200,35.73552
34.45300,35.73652
34.45400,35.73752
34.45500,35.73852
34.45600,35.73952
34.45700,35.74052
34.45800,35.74152
34.45900,35.74252
34.46000,35.74352
34.46100,35.74452
34.46200,35.74552
34.46300,35.74652
34.46400,35.74752
34.46500,35.74852
34.46600,35.74952
34.46700,35.75052
34.46800,35.75152
34.46900,35.75252
34.47000,35.75352
34.47100,35.75452
34.47200,35.75552
34.47300,35.75652
34.47400,35.75752
34.47500,35.75852
34.47600,35.75952
34.48100,35.76052
34.48200,35.76152
34.48300,35.76252
34.48400,35.76352
34.48500,35.76452
34.48600,35.76552
34.48700,35.76652
34.48800,35.76752
34.48900,35.76852
34.49000,35.76952
34.49100,35.77052
34.49200,35.77152
34.49300,35.77252
34.49400,35.77352
34.49500,35.77452
34.49600,35.77552
34.49700,35.77652
34.49800,35.77752
34.49900,35.77852
34.50000,35.77952
34.50100,35.78052
34.50200,35.78152
34.50300,35.78252
34.50400,35.78352
34.50500,35.78452
34.50600,35.78552
34.50700,35.78652
34.50800,35.78752
34.50900,35.78852
34.51000,35.78952
34.51100,35.79052
34.51200,35.79152
34.51300,35.79252
34.51400,35.79352
34.52900,35.79452
34.53000,35.79552
34.53100,35.79652
34.53200,35.79752
34.53300,35.79852
34.53400,35.79952
34.53500,35.80052
34.53600,35.80152
34.53700,35.80252
34.53800,35.80352
34.53900,35.80452
34.54000,35.80552
34.54100,35.80652
34.54200,35.80752
34.54300,35.80852
34.54400,35.80952
34.54500,35.81052
34.54600,35.81152
34.54700,35.81252
34.54800,35.81352
34.54900,35.81452
34.55000,35.81552
34.55100,35.81652
34.55200,35.81752
34.55300,35.81852
34.55400,35.81952
34.55500,35.82052
34.55600,35.82152
34.55700,35.82252
34.55800,35.82352
34.55900,35.82452
34.56000,35.82552
34.56100,35.82652
34.56200,35.82752
34.56300,35.82852
34.56400,35.82952
34.56500,35.83052
34.56600,35.83152
34.56700,35.83252
34.56800,35.83352
34.56900,35.83452
34.57000,35.83552
34.57100,35.83652
34.57200,35.83752
34.57300,35.83852
34.57400,35.83952
34.57500,35.84052
34.57600,35.84152
34.57700,35.84252
34.57800,35.84352
34.57900,35.84452
34.58000,35.84552
34.58100,35.84652
34.58200,35.84752
34.58300,35.84852
34.58400,35.84952
34.58500,35.85052
34.58600,35.85152
34.58700,35.85252
34.58800,35.85352
34.58900,35.85452
34.59000,35.85552
34.59100,35.85652
34.59200,35.85752
34.59300,35.85852
34.59400,35.85952
34.59500,35.86052
34.59600,35.86152
34.59700,35.86252
34.59800,35.86352
34.59900,35.86452
34.60000,35.86552
34.60100,35.86652
34.60200,35.86752
34.60300,35.86852
34.60400,35.86952
34.60500,35.87052
34.60600,35.87152
34.60700,35.87252
34.60800,35.87352
34.60900,35.87452
34.61000,35.87552
34.61100,35.87652
34.61200,35.87752
34.61600,35.87852
34.61700,35.87952
34.61800,35.88052
34.61900,35.88152
34.62000,35.88252
34.62100,35.88352
34.62200,35.88452
34.62300,35.88552
34.62400,35.88652
34.62500,35.88752
34.62600,35.88852
34.62700,35.88952
34.62800,35.89052
34.62900,35.89152
34.63000,35.89252
34.63100,35.89352
34.63200,35.89452
34.63300,35.89552
34.63400,35.89652
34.63500,35.89752
34.63600,35.89852
34.63700,35.89952
34.63800,35.90052
34.63900,35.90152
34.64000,35.90252
34.64100,35.90352
34.64200,35.90452
34.64300,35.90552
34.64400,35.90652
34.64500,35.90752
34.64600,35.90852
34.64700,35.90952
34.64800,35.91052
34.64900,35.91152
34.65000,35.91252
34.65100,35.91352
34.65300,35.91452
34.65400,35.91552
34.65600,35.91652
34.65700,35.91752
34.65800,35.91852
34.65900,35.91952
34.66000,35.92052
34.66100,35.92152
34.66200,35.92252
34.66300,35.92352
34.66400,35.92452
34.66500,35.92552
34.66600,35.92652
34.66700,35.92752
34.66800,35.92852
34.66900,35.92952
34.67000,35.93052
34.67100,35.93152
34.67200,35.93252
34.67300,35.93352
34.67400,35.93452
34.67500,35.93552
34.67600,35.93652
34.67700,35.93752
34.67800,35.93852
34.67900,35.93952
34.68000,35.94052
34.68100,35.94152
34.68200,35.94252
34.68300,35.94352
34.68400,35.94452
34.68500,35.94552
34.68600,35.94652
34.68700,35.94752
34.68800,35.94852
34.68900,35.94952
34.69000,35.95052
34.69100,35.95152
34.69200,35.95252
34.69300,35.95352
34.69400,35.95452
34.69500,35.95552
34.69600,35.95652
34.69700,35.95752
34.69800,35.95852
34.69900,35.95952
34.70000,35.96052
34.70100,35.96152
34.70200,35.96252
34.70300,35.96352
34.70400,35.96452
34.70500,35.96552
34.70600,35.96652
34.70700,35.96752
34.70800,35.96852
34.70900,35.96952
34.71000,35.97052
34.71100,35.97152
34.71200,35.97252
34.71300,35.97352
34.71400,35.97452
34.71500,35.97552
34.71600,35.97652
34.71700,35.97752
34.71800,35.97852
34.71900,35.97952
34.72000,35.98052
34.72100,35.98152
34.72200,35.98252
34.72300,35.98352
34.72400,35.98452
34.72500,35.98552
34.72600,35.98652
34.72700,35.98752
34.72800,35.98852
34.72900,35.98952
34.73000,35.99052
34.73100,35.99152
34.73200,35.99252
34.73300,35.99352
34.73400,35.99452
34.73500,35.99552
34.73600,35.99652
34.73700,35.99752
34.73800,35.99852
34.73900,35.99952
34.74000,36.00052
34.74100,36.00152
34.74200,36.00252
34.74300,36.00352
34.74400,36.00452
34.82400,36.00552
34.82500,36.00652
34.82600,36.00752
34.82700,36.00852
34.82800,36.00952
34.82900,36.01052
34.83000,36.01152
34.83100,36.01252
34.83200,36.01352
34.83300,36.01452
34.83400,36.01552
34.83500,36.01652
34.83600,36.01752
34.83700,36.01852
34.83800,36.01952
34.83900,36.02052
34.84000,36.02152
34.84100,36.02252
34.84200,36.02352
34.84300,36.02452
34.84500,36.02552
34.84600,36.02652
34.84700,36.02752
34.84800,36.02852
34.84900,36.02952
34.85000,36.03052
34.85100,36.03152
34.85200,36.03252
34.85300,36.03352
34.85400,36.03452
34.85500,36.03552
34.85600,36.03652
34.85700,36.03752
34.85800,36.03852
34.85900,36.03952
34.86000,36.04052
34.86100,36.04152
34.86200,36.04252
34.86300,36.04352
34.86400,36.04452
34.86500,36.04552
34.86600,36.04652
34.86700,36.04752
34.86800,36.04852
34.86900,36.04952
34.87000,36.05052
34.87100,36.05152
34.87200,36.05252
34.87300,36.05352
34.87400,36.05452
34.87500,36.05552
34.87600,36.05652
34.87700,36.05752
34.87800,36.05852
34.87900,36.05952
34.88000,36.06052
34.88100,36.06152
34.88200,36.06252
34.88300,36.06352
34.88400,36.06452
34.88500,36.06552
34.88600,36.06652
34.88700,36.06752
34.88800,36.06852
34.88900,36.06952
34.89000,36.07052
34.89100,36.07152
34.89200,36.07252
34.89300,36.07352
34.89400,36.07452
34.89500,36.07552
34.89600,36.07652
34.89700,36.07752
34.89800,36.07852
34.89900,36.07952
34.90000,36.08052
34.90100,36.08152
34.90200,36.08252
34.90300,36.08352
34.90400,36.08452
34.90500,36.08552
34.90600,36.08652
34.90700,36.08752
34.90800,36.08852
34.90900,36.08952
34.91000,36.09052
34.91100,36.09152
34.91200,36.09252
34.91800,36.09352
34.91900,36.09452
34.92000,36.09552
34.92300,36.09652
34.92400,36.09752
34.92500,36.09852
34.92600,36.09952
34.92800,36.10052
34.92900,36.10152
34.93500,36.10252
34.93600,36.10352
34.93700,36.10452
34.93800,36.10552
34.93900,36.10652
34.94000,36.10752
34.94100,36.10852
34.94200,36.10952
34.94300,36.11052
34.94400,36.11152
34.94500,36.11252
34.94600,36.11352
34.95100,36.11452
34.95200,36.11552
34.95300,36.11652
34.95500,36.11752
34.95600,36.11852
34.95700,36.11952
34.95800,36.12052
34.95900,36.12152
34.96000,36.12252
34.96100,36.12352
34.96200,36.12452
34.96400,36.12552
34.96500,36.12652
34.96600,36.12752
34.97000,36.12852
34.97200,36.12952
34.97300,36.13052
34.97400,36.13152
34.97500,36.13252
34.97600,36.13352
34.97700,36.13452
34.98700,36.13552
34.98800,36.13652
34.98900,36.13752
34.99200,36.13852
34.99300,36.13952
34.99400,36.14052
34.99500,36.14152
35.03900,36.14252
35.04000,36.14352
35.04100,36.14452
35.04200,36.14552
35.04300,36.14652
35.04400,36.14752
35.04500,36.14852
35.04600,36.14952
35.04700,36.15052
35.04800,36.15152
35.04900,36.15252
35.05000,36.15352
35.05100,36.15452
35.05200,36.15552
35.05300,36.15652
35.05400,36.15752
35.05600,36.15852
35.05700,36.15952
35.05800,36.16052
35.05900,36.16152
35.06000,36.16252
35.06100,36.16352
35.06200,36.16452
35.06300,36.16552
35.06400,36.16652
35.06500,36.16752
35.06600,36.16852
35.06700,36.16952
35.06800,36.17052
35.06900,36.17152
35.07000,36.17252
35.07100,36.17352
35.07200,36.17452
35.07300,36.17552
35.07400,36.17652
35.07500,36.17752
35.07600,36.17852
35.07700,36.17952
35.07800,36.18052
35.07900,36.18152
35.08000,36.18252
35.08100,36.18352
35.08200,36.18452
35.08300,36.18552
35.08400,36.18652
35.08500,36.18752
35.08600,36.18852
35.08700,36.18952
35.08800,36.19052
35.08900,36.19152
35.09000,36.19252
35.09100,36.19352
35.09200,36.19452
35.09300,36.19552
35.09400,36.19652
35.09500,36.19752
35.09600,36.19852
35.09700,36.19952
35.09800,36.20052
35.09900,36.20152
35.10000,36.20252
35.10100,36.20352
35.10200,36.20452
35.10300,36.20552
35.10400,36.20652
35.10500,36.20752
35.10600,36.20852
35.10700,36.20952
35.10800,36.21052
35.10900,36.21152
35.11000,36.21252
35.11100,36.21352
35.11200,36.21452
35.11300,36.21552
35.11400,36.21652
35.11500,36.21752
35.11600,36.21852
35.11700,36.21952
35.11800,36.22052
35.11900,36.22152
35.12000,36.22252
35.12100,36.22352
35.12200,36.22452
35.12300,36.22552
35.12400,36.22652
35.12500,36.22752
35.12600,36.22852
35.12700,36.22952
35.12800,36.23052
35.12900,36.23152
35.13000,36.23252
35.13100,36.23352
35.13200,36.23452
35.13300,36.23552
35.13400,36.23652
35.13500,36.23752
35.13600,36.23852
35.13700,36.23952
35.13800,36.24052
35.13900,36.24152
35.14000,36.24252
35.14100,36.24352
35.14200,36.24452
35.14300,36.24552
35.14400,36.24652
35.14500,36.24752
35.14600,36.24852
35.14700,36.24952
35.14800,36.25052
35.14900,36.25152
35.15000,36.25252
35.15100,36.25352
35.15200,36.25452
35.15300,36.25552
35.15400,36.25652
35.15500,36.25752
35.15600,36.25852
35.15700,36.25952
35.15800,36.26052
35.15900,36.26152
35.16000,36.26252
35.16100,36.26352
35.16200,36.26452
35.16300,36.26552
35.16400,36.26652
35.16500,36.26752
35.16600,36.26852
35.16700,36.26952
35.16800,36.27052
35.16900,36.27152
35.17000,36.27252
35.17100,36.27352
35.17200,36.27452
35.17300,36.27552
35.17400,36.27652
35.17500,36.27752
35.17600,36.27852
35.17700,36.27952
35.17800,36.28052
35.17900,36.28152
35.18000,36.28252
35.18100,36.28352
35.18200,36.28452
35.18300,36.28552
35.18400,36.28652
35.18500,36.28752
35.18600,36.28852
35.18700,36.28952
35.18800,36.29052
35.18900,36.29152
35.19000,36.29252
35.19100,36.29352
35.19200,36.29452
35.19300,36.29552
35.19400,36.29652
35.19500,36.29752
35.19600,36.29852
35.19700,36.29952
35.19800,36.30052
35.19900,36.30152
35.20000,36.30252
35.20100,36.30352
35.20200,36.30452
35.20300,36.30552
35.20400,36.30652
35.20500,36.30752
35.20600,36.30852
35.20700,36.30952
35.20800,36.31052
35.20900,36.31152
35.21000,36.31252
35.21100,36.31352
35.21200,36.31452
35.21300,36.31552
35.21400,36.31652
35.21500,36.31752
35.21600,36.31852
35.21700,36.31952
35.21800,36.35552
35.21900,36.37752
35.22000,36.37852
35.22100,36.37952
35.22200,36.38052
35.22300,36.38152
35.22400,36.38252
35.22500,36.38352
35.22600,36.38452
35.22700,36.38552
35.22800,36.38652
35.22900,36.38752
35.23000,36.38852
35.23100,36.38952
35.23200,36.39052
35.23300,36.39152
35.23400,36.39252
35.23500,36.39352
35.23600,36.39452
35.23700,36.39552
35.23800,36.39652
35.23900,36.39752
35.24000,36.39852
35.24100,36.39952
35.24200,36.40052
35.24300,36.40152
35.24400,36.40252
35.24500,36.40352
35.24600,36.40452
35.24700,36.40552
35.24800,36.40652
35.24900,36.40752
35.25000,36.40852
35.25100,36.40952
35.25200,36.41052
35.25300,36.41152
35.25400,36.41252
35.25500,36.41352
35.25600,36.41452
35.25700,36.41552
35.25800,36.41652
35.25900,36.41952
35.26000,36.42052
35.26100,36.42152
35.26200,36.42252
35.26300,36.42352
35.26400,36.42452
35.26500,36.42552
35.26600,36.42652
35.26700,36.42752
35.26800,36.42852
35.26900,36.42952
35.27000,36.43052
35.27100,36.43152
35.27200,36.43252
35.27300,36.43352
35.27400,36.43452
35.27500,36.43552
35.27600,36.43652
35.27700,36.43752
35.27800,36.43852
35.27900,36.43952
35.28000,36.44052
35.28100,36.44152
35.28200,36.44252
35.28300,36.44352
35.28400,36.44452
35.28500,36.44552
35.28600,36.44652
35.28700,36.44752
35.28800,36.44852
35.28900,36.44952
35.29000,36.45052
35.29100,36.45152
35.29200,36.45252
35.29300,36.45352
35.29400,36.45452
35.29500,36.45552
35.29600,36.45652
35.29700,36.45752
35.29800,36.45852
35.29900,36.45952
35.30000,36.46052
35.30100,36.46152
35.30200,36.46252
35.30300,36.46352
35.30400,36.46452
35.30500,36.46552
35.30600,36.46652
35.30700,36.46752
35.30800,36.46852
35.30900,36.46952
35.31000,36.47052
35.31100,36.47152
35.31200,36.47252
35.31300,36.47352
35.31400,36.47452
35.31500,36.47552
35.31600,36.47652
35.31700,36.47752
35.31800,36.47852
35.31900,36.47952
35.32000,36.48052
35.32100,36.48152
35.32200,36.48252
35.32300,36.48352
35.32400,36.48452
35.32500,36.48552
35.32600,36.48652
35.32700,36.48752
35.32800,36.48852
35.32900,36.48952
35.33000,36.49052
35.33100,36.49152
35.33200,36.49252
35.33300,36.49352
35.33400,36.49452
35.33500,36.49552
35.33600,36.49652
35.33700,36.49752
35.33800,36.49852
35.33900,36.49952
35.34000,36.50052
35.34100,36.50152
35.34200,36.50252
35.34300,36.50352
35.34400,36.50452
35.34500,36.50552
35.34600,36.50652
35.34700,36.50752
35.34800,36.50852
35.34900,36.50952
35.35000,36.51052
35.35100,36.51152
35.35200,36.51252
35.35300,36.51352
35.35400,36.51452
35.35500,36.51552
35.35600,36.51652
35.35700,36.51752
35.35800,36.51852
35.35900,36.54452
35.36000,36.54552
35.36100,36.54652
35.36200,36.54752
35.36300,36.54852
35.36400,36.54952
35.36500,36.55052
35.36600,36.55152
35.36700,36.55252
35.36800,36.55352
35.36900,36.55452
35.37000,36.55552
35.37100,36.55652
35.37200,36.55752
35.37300,36.55852
35.37400,36.55952
35.37500,36.56052
35.37600,36.56152
35.37700,36.57652
35.37800,36.57752
35.37900,36.63752
35.38000,36.63852
35.38100,36.63952
35.38200,36.64052
35.38300,36.64152
35.38400,36.64252
35.38500,36.64352
35.38600,36.64452
35.38700,36.64552
35.38800,36.64652
35.38900,36.64752
35.39000,36.64852
35.39100,36.64952
35.39200,36.65052
35.39300,36.65152
35.39400,36.65252
35.39500,36.65352
35.39600,36.65452
35.39700,36.65552
35.39800,36.65652
35.39900,36.65752
35.40000,36.65852
35.40100,36.65952
35.40200,36.66052
35.40300,36.66152
35.40400,36.66252
35.40500,36.66352
35.40600,36.66452
35.40700,36.66552
35.40800,36.66652
35.40900,36.66752
35.41000,36.66852
35.41100,36.66952
35.41200,36.67052
35.41300,36.67152
35.41400,36.67252
35.41500,36.67352
35.41600,36.67752
35.41700,36.67852
35.41800,36.67952
35.41900,36.68252
35.42000,36.68352
35.42100,36.68452
35.42200,36.68552
35.42300,36.68652
35.42400,36.68752
35.42500,36.68852
35.42600,36.68952
35.42700,36.69052
35.42800,36.69152
35.42900,36.69252
35.43000,36.69352
35.43100,36.69452
35.43200,36.69552
35.43300,36.70652
35.43400,36.70752
35.43500,36.70852
35.43600,36.70952
35.43700,36.71052
35.43800,36.71152
35.43900,36.71252
35.44000,36.71352
35.44100,36.71552
35.44200,36.71652
35.44300,36.71752
35.44400,36.71952
35.44500,36.72052
35.44600,36.72152
35.44700,36.72252
35.44800,36.72352
35.44900,36.72452
35.45000,36.72552
35.45100,36.72652
35.45200,36.72752
35.45300,36.73052
35.45400,36.73152
35.45500,36.82652
35.45600,36.82752
35.45700,36.82852
35.45800,36.82952
35.45900,36.83052
35.46000,36.83152
35.46100,36.83252
35.46200,36.83352
35.46300,36.83452
35.46400,36.83552
35.46500,36.83652
35.46600,36.83752
35.46700,36.83852
35.46800,36.83952
35.46900,36.84052
35.47000,36.84152
35.47100,36.84252
35.47200,36.84352
35.47300,36.84452
35.47400,36.84552
35.47500,36.84652
35.47600,36.84752
35.47700,36.84852
35.47800,36.84952
35.47900,36.85052
35.48000,36.85152
35.48100,36.85252
35.48200,36.85352
35.48300,36.85452
35.48400,36.85552
35.48500,36.85652
35.48600,36.85752
35.48700,36.85852
35.48800,36.85952
35.48900,36.86052
35.49000,36.86152
35.49100,36.86252
35.49200,36.86352
35.49300,36.86452
35.49400,36.86552
35.49500,36.86652
35.49600,36.86752
35.49700,36.86852
35.49800,36.86952
35.49900,36.87052
35.50000,36.87152
35.50100,36.87252
35.50200,36.87352
35.50300,36.87452
35.50400,36.87552
35.50500,36.87652
35.50600,36.87752
35.50700,36.87852
35.50800,36.87952
35.50900,36.88052
35.51000,36.88152
35.51100,36.88252
35.51200,36.88352
35.51300,36.88452
35.51400,36.88552
35.51500,36.88652
35.51600,36.88752
35.51700,36.88852
35.51800,36.88952
35.51900,36.89052
35.52000,36.89152
35.52100,36.89252
35.52200,36.89352
35.52300,36.89452
35.52400,36.89552
35.52500,36.89652
35.52600,36.89752
35.52700,36.89852
35.52800,36.89952
35.52900,36.90052
35.53000,36.90152
35.53100,36.90252
35.53200,36.90352
35.53300,36.90452
35.53400,36.90552
35.53500,36.90652
35.53600,36.90752
35.53700,36.90852
35.53800,36.90952
35.53900,36.91052
35.54000,36.91152
35.54100,36.91252
35.54200,36.91352
35.54300,36.91452
35.54400,36.91552
35.54500,36.91652
35.54600,36.91752
35.54700,36.91852
35.54800,36.91952
35.54900,36.92052
35.55000,36.92152
35.55100,36.92252
35.55200,36.92352
35.55300,36.92452
35.55400,36.92552
35.55500,36.92652
35.55600,36.92752
35.55700,36.92852
35.55800,36.92952
35.55900,36.93052
35.56000,36.93152
35.56100,36.93252
35.56200,36.93352
35.56300,36.93452
35.56400,36.93552
35.56500,36.93652
35.56600,36.93752
35.56700,36.93852
35.56800,36.93952
35.56900,36.94052
35.57000,36.94152
35.57100,36.94252
35.57200,36.94352
35.57300,36.94452
35.57400,36.94552
35.57500,36.94652
35.57600,36.94752
35.57700,36.94852
35.57800,36.94952
35.57900,36.95052
35.58000,36.95152
35.58100,36.95252
35.58200,36.95352
35.58300,36.95452
35.58400,36.95552
35.58500,36.95652
35.58600,36.95752
35.58700,36.95852
35.58800,36.95952
35.58900,36.96052
35.60100,36.96152
35.60600,36.96252
35.60700,36.96352
35.60800,36.96452
35.61000,36.96552
35.61100,36.96652
35.61200,36.96752
35.61300,36.96852
35.61400,36.96952
35.61500,36.97052
35.62200,36.97152
35.62300,36.97252
35.62400,36.97352
35.63200,36.97452
35.63300,36.97552
35.63400,36.97652
35.63500,36.97752
35.63600,36.97852
35.63700,36.97952
35.63800,36.98052
35.63900,36.98152
35.64000,36.98252
35.64100,36.98352
35.64200,36.98452
35.64300,36.98552
35.64400,36.98652
35.64500,36.98752
35.64600,36.98852
35.64700,36.98952
35.64800,36.99052
35.64900,36.99152
35.65000,36.99252
35.65100,36.99352
35.65200,36.99452
35.65300,36.99552
35.65400,36.99652
35.65600,36.99752
35.65700,36.99852
35.65800,36.99952
35.66100,37.00052
35.66200,37.00152
35.66300,37.00252
35.66400,37.00352
35.66500,37.00452
35.66600,37.00552
35.66700,37.00652
35.66800,37.00752
35.66900,37.00852
35.67000,37.00952
35.67100,37.01052
35.67500,37.01152
35.68200,37.01252
35.68300,37.01352
35.68400,37.01452
35.68500,37.01552
35.69100,37.01652
35.69200,37.01752
35.69300,37.01852
35.69400,37.01952
35.69500,37.02052
35.69600,37.02152
35.69700,37.02252
35.69800,37.02352
35.69900,37.02452
35.70000,37.02552
35.70100,37.02652
35.70200,37.02752
35.70300,37.02852
35.70400,37.02952
35.70500,37.03052
35.70600,37.03152
35.70700,37.03252
35.70800,37.03352
35.70900,37.03452
35.71000,37.03552
35.71100,37.03652
35.71200,37.03752
35.72200,37.03852
35.72400,37.03952
35.72500,37.04052
35.72800,37.04152
35.73500,37.04252
35.73600,37.04352
35.73700,37.04452
35.73900,37.04552
35.74000,37.04652
35.74200,37.04752
35.75500,37.04852
35.75600,37.04952
35.75700,37.05052
35.75800,37.05152
35.75900,37.05252
35.76000,37.05352
35.76100,37.05452
35.76200,37.05552
35.76300,37.05652
35.76400,37.05752
35.76500,37.05852
35.76600,37.05952
35.76700,37.06052
35.76800,37.06152
35.76900,37.06252
35.77000,37.06352
35.77100,37.06452
35.77200,37.06552
35.77300,37.06652
35.77400,37.06752
35.77500,37.06852
35.77600,37.06952
35.77700,37.07052
35.77800,37.07152
35.77900,37.07252
35.78000,37.07352
35.78100,37.07452
35.78200,37.07552
35.78300,37.07652
35.78400,37.07752
35.78500,37.07852
35.78600,37.07952
35.78700,37.08052
35.78800,37.08152
35.78900,37.08252
35.79000,37.08352
35.79100,37.08452
35.79200,37.08552
35.79300,37.08652
35.79400,37.08752
35.79500,37.08852
35.79600,37.08952
35.79700,37.09052
35.79800,37.09152
35.79900,37.09252
35.80000,37.09352
35.80100,37.09452
35.80200,37.09552
35.80300,37.09652
35.80400,37.09752
35.80500,37.09852
35.80600,37.09952
35.80700,37.10052
35.80800,37.10152
35.80900,37.10252
35.81000,37.10352
35.81100,37.10452
35.81200,37.10552
35.81300,37.10652
35.81400,37.10752
35.81500,37.10852
35.81600,37.10952
35.81700,37.11052
35.81800,37.11152
35.81900,37.11252
35.82000,37.11352
35.82100,37.11452
35.82200,37.11552
35.82300,37.11652
35.82400,37.11752
35.82500,37.11852
35.82600,37.11952
35.82700,37.12052
35.82800,37.12152
35.82900,37.12252
35.83000,37.12352
35.83100,37.12452
35.83200,37.12552
35.83300,37.12652
35.83400,37.12752
35.83500,37.12852
35.83600,37.12952
35.83700,37.13052
35.83800,37.13152
35.83900,37.13252
35.84000,37.13352
35.84100,37.13452
35.84200,37.13552
35.84300,37.13652
35.84400,37.13752
35.84500,37.13852
35.84600,37.13952
35.84700,37.14052
35.84800,37.14152
35.84900,37.14252
35.85000,37.14352
35.85100,37.14452
35.85200,37.14552
35.85300,37.14652
35.85400,37.14752
35.85500,37.14852
35.85600,37.14952
35.85700,37.15052
35.85800,37.15152
35.85900,37.15252
35.86000,37.15352
35.86100,37.15452
35.86200,37.15552
35.86300,37.15652
35.86400,37.15752
35.86500,37.15852
35.86600,37.15952
35.86700,37.16052
35.86800,37.16152
35.86900,37.16252
35.87000,37.16352
35.87100,37.16452
35.87200,37.16552
35.87300,37.16652
35.87400,37.16752
35.87500,37.16852
35.87600,37.16952
35.87700,37.17052
35.87800,37.17152
35.87900,37.17252
35.88000,37.17352
35.88100,37.17452
35.88200,37.17552
35.88300,37.17652
35.88400,37.17752
35.88500,37.17852
35.88600,37.17952
35.88700,37.18052
35.88800,37.18152
35.88900,37.18252
35.89000,37.18352
35.89100,37.18452
35.89200,37.18552
35.89300,37.18652
35.89400,37.18752
35.89500,37.18852
35.89600,37.18952
35.89700,37.19052
35.89800,37.19152
35.89900,37.19252
35.90000,37.19352
35.90100,37.19452
35.90200,37.19552
35.90300,37.19652
35.90400,37.19752
35.90500,37.19852
35.90600,37.19952
35.90700,37.20052
35.90800,37.20152
35.90900,37.20252
35.91000,37.20352
35.91100,37.20452
35.91200,37.20552
35.91300,37.20652
35.91400,37.20752
35.91500,37.20852
35.91600,37.20952
35.91700,37.21052
35.91800,37.21152
35.91900,37.21252
35.92000,37.21352
35.92100,37.21452
35.92200,37.21552
35.92300,37.21752
35.92400,37.21852
35.92500,37.21952
35.92600,37.22052
35.92700,37.22152
35.92800,37.22252
35.92900,37.22352
35.93000,37.22452
35.93100,37.22552
35.93200,37.22652
35.93300,37.22752
35.93400,37.22852
35.93500,37.22952
35.93600,37.23052
35.93700,37.23152
35.93800,37.23252
35.93900,37.23352
35.94000,37.23452
35.94100,37.23552
35.94200,37.23652
35.94300,37.23752
35.94400,37.23852
35.94500,37.23952
35.94600,37.24052
35.94700,37.24152
35.94800,37.24252
35.94900,37.24352
35.95000,37.24452
35.95100,37.24552
35.95200,37.24952
35.95300,37.25052
35.95400,37.25152
35.95500,37.25252
35.95600,37.25352
35.95700,37.25452
35.95800,37.25552
35.95900,37.25652
35.96000,37.25752
35.96100,37.25852
35.96200,37.25952
35.96300,37.26052
35.96400,37.26152
35.96500,37.26252
35.96600,37.27852
35.96700,37.27952
35.96800,37.28052
35.96900,37.28152
35.97000,37.28252
35.97100,37.28352
35.97200,37.28452
35.97300,37.28552
35.97400,37.28652
35.97500,37.28752
35.97600,37.28852
35.97700,37.28952
35.97800,37.29052
35.97900,37.29152
35.98000,37.29252
35.98100,37.29352
35.98200,37.29452
35.98300,37.29552
35.98400,37.29652
35.98500,37.29752
35.98600,37.29852
35.98700,37.29952
35.98800,37.30052
35.98900,37.30152
35.99000,37.30252
35.99100,37.30352
35.99200,37.30452
35.99300,37.30552
35.99400,37.30652
35.99500,37.30752
35.99600,37.30852
35.99700,37.30952
35.99800,37.31052
35.99900,37.31152
36.00000,37.31252
36.00100,37.31352
36.00200,37.31452
36.00300,37.31552
36.00400,37.31652
36.00500,37.31752
36.00600,37.31852
36.00700,37.31952
36.00800,37.32052
36.00900,37.32152
36.01000,37.32252
36.01100,37.32352
36.01200,37.32452
36.01300,37.32552
36.01400,37.32652
36.01500,37.32752
36.01600,37.32852
36.01700,37.32952
36.01800,37.33052
36.01900,37.33152
36.02000,37.33252
36.02100,37.33352
36.02200,37.33452
36.02300,37.33552
36.02400,37.33652
36.02500,37.33752
36.02600,37.33852
36.02700,37.33952
36.02800,37.34052
36.02900,37.34152
36.03000,37.34252
36.03100,37.34352
36.03200,37.34452
36.03300,37.34552
36.03400,37.34652
36.03500,37.34752
36.03600,37.34852
36.03700,37.34952
36.03800,37.35052
36.03900,37.35152
36.04000,37.35252
36.04100,37.35352
36.04200,37.35452
36.04300,37.35552
36.04400,37.35652
36.04500,37.35752
36.04600,37.35852
36.04700,37.35952
36.04800,37.36052
36.04900,37.36152
36.05000,37.36252
36.05100,37.36352
36.05200,37.36452
36.05300,37.36552
36.05400,37.36652
36.05500,37.36752
36.05600,37.36852
36.05700,37.36952
36.05800,37.37052
36.05900,37.37152
36.06000,37.37252
36.06100,37.37352
36.06200,37.37452
36.06300,37.37552
36.06400,37.37652
36.06500,37.37752
36.06600,37.37852
36.06700,37.37952
36.06800,37.38052
36.06900,37.38152
36.07000,37.38252
36.07100,37.38352
36.07200,37.38452
36.07300,37.38552
36.07400,37.38652
36.07500,37.38752
36.07600,37.38852
36.07700,37.38952
36.07800,37.39052
36.07900,37.39152
36.08000,37.39252
36.08100,37.39352
36.08200,37.39452
36.08300,37.39552
36.08400,37.39652
36.08500,37.39752
36.08600,37.39852
36.08700,37.39952
36.08800,37.40052
36.08900,37.40152
36.09000,37.40252
36.09100,37.40352
36.09200,37.40552
36.09300,37.40652
36.09400,37.40752
36.09500,37.40852
36.09600,37.40952
36.09700,37.41052
36.09800,37.41152
36.09900,37.41252
36.10000,37.41352
36.10100,37.41452
36.10200,37.41552
36.10300,37.41652
36.10400,37.41752
36.10500,37.41852
36.10600,37.41952
36.10700,37.42052
36.10800,37.42152
36.10900,37.42252
36.11000,37.42352
36.11100,37.42452
36.11200,37.42552
36.11300,37.42652
36.11400,37.42752
36.11500,37.42852
36.11600,37.42952
36.11700,37.43052
36.11800,37.43152
36.11900,37.43252
36.12000,37.43352
36.12100,37.43452
36.12200,37.43552
36.12300,37.43652
36.12400,37.43752
36.12500,37.43852
36.12600,37.43952
36.12700,37.44052
36.12800,37.44152
36.12900,37.44252
36.13000,37.44352
36.13100,37.44452
36.13200,37.44552
36.13300,37.44652
36.13400,37.44752
36.13500,37.44852
36.13600,37.44952
36.13700,37.45052
36.13800,37.45152
36.13900,37.45252
36.14000,37.45352
36.14100,37.45452
36.14200,37.45552
36.14300,37.45652
36.14400,37.45752
36.14500,37.45852
36.14600,37.45952
36.14700,37.46052
36.14800,37.46152
36.14900,37.46252
36.15000,37.46352
36.15100,37.46452
36.15200,37.46552
36.15300,37.46652
36.15400,37.46752
36.15500,37.46852
36.15600,37.46952
36.15700,37.47052
36.15800,37.47152
36.15900,37.47252
36.16000,37.47352
36.16100,37.47452
36.16200,37.47552
36.16300,37.47652
36.16400,37.47752
36.16500,37.47852
36.16600,37.47952
36.16700,37.48052
36.16800,37.48152
36.16900,37.48252
36.17000,37.48352
36.17100,37.48452
36.17200,37.48552
36.17300,37.48652
36.17400,37.48752
36.17500,37.48852
36.17600,37.48952
36.17700,37.49052
36.17800,37.49152
36.17900,37.49252
36.18000,37.49352
36.18100,37.49452
36.18200,37.49552
36.18300,37.49652
36.18400,37.49752
36.18500,37.49852
36.18600,37.49952
36.18700,37.50052
36.18800,37.50152
36.18900,37.50252
36.19000,37.50352
36.19100,37.50452
36.19200,37.50552
36.19300,37.50652
36.19400,37.50752
36.19500,37.50852
36.19600,37.50952
36.19700,37.51052
36.19800,37.51152
36.19900,37.51252
36.20000,37.51352
36.20100,37.51452
36.20200,37.51552
36.20300,37.51652
36.20400,37.51752
36.20500,37.51852
36.20600,37.51952
36.20700,37.52052
36.20800,37.52152
36.20900,37.52252
36.21000,37.52352
36.21100,37.52452
36.21200,37.52552
36.21300,37.52652
36.21400,37.52752
36.21500,37.52852
36.21600,37.52952
36.21700,37.53052
36.21800,37.53152
36.21900,37.53252
36.22000,37.53352
36.22100,37.53452
36.22200,37.53552
36.22300,37.53652
36.22400,37.53752
36.22500,37.53852
36.22600,37.53952
36.22700,37.54052
36.22800,37.54152
36.22900,37.54252
36.23000,37.54352
36.23100,37.54452
36.23200,37.54552
36.23300,37.54652
36.24000,37.54752
36.24100,37.54852
36.24200,37.54952
36.24300,37.55052
36.24400,37.55152
36.24500,37.55252
36.24600,37.55352
36.24700,37.55452
36.24800,37.55552
36.24900,37.55652
36.25000,37.55752
36.25100,37.55852
36.25200,37.55952
36.25300,37.56052
36.25400,37.56152
36.25500,37.56252
36.25600,37.56352
36.25700,37.56452
36.25800,37.56552
36.25900,37.56652
36.26000,37.56752
36.26100,37.56852
36.26200,37.56952
36.26300,37.57052
36.26400,37.57152
36.26500,37.57252
36.26600,37.57352
36.26700,37.57452
36.26800,37.57552
36.26900,37.57652
36.27000,37.57752
36.27100,37.57852
36.27200,37.57952
36.27300,37.58052
36.27400,37.58152
36.27500,37.58252
36.27600,37.58352
36.27700,37.58452
36.27800,37.58552
36.27900,37.58652
36.28000,37.58752
36.28100,37.58852
36.28200,37.58952
36.28400,37.59052
36.28500,37.59152
36.28600,37.59252
36.28700,37.59352
36.28800,37.59452
36.28900,37.59552
36.29000,37.59652
36.29100,37.59752
36.29200,37.59852
36.29300,37.59952
36.29400,37.60052
36.29500,37.60152
36.29600,37.60252
36.29700,37.60352
36.29800,37.60452
36.29900,37.60552
36.30000,37.60652
36.30100,37.60752
36.30200,37.60852
36.30300,37.60952
36.30400,37.61052
36.30500,37.61152
36.30600,37.61252
36.30700,37.61352
36.30800,37.61452
36.30900,37.61552
36.31000,37.61652
36.31100,37.61752
36.31200,37.61852
36.31300,37.61952
36.31400,37.62052
36.31500,37.62152
36.31600,37.62252
36.32400,37.62352
36.32500,37.62452
36.32600,37.62552
36.32700,37.62652
36.32800,37.62752
36.32900,37.62852
36.33000,37.62952
36.33100,37.63052
36.33200,37.63152
36.33300,37.63252
36.33400,37.63352
36.33500,37.63452
36.33600,37.63552
36.33700,37.63652
36.33800,37.63752
36.33900,37.63852
36.34000,37.63952
36.34100,37.64052
36.34200,37.64152
36.34300,37.64252
36.34400,37.64352
36.34500,37.64452
36.34600,37.64552
36.34700,37.64652
36.34800,37.64752
36.34900,37.64852
36.35000,37.64952
36.35100,37.65052
36.35200,37.65152
36.35300,37.65252
36.35400,37.65352
36.35500,37.65452
36.35600,37.65552
36.35700,37.65652
36.37800,37.65752
36.37900,37.65852
36.38000,37.65952
36.38100,37.66052
36.38200,37.66152
36.38300,37.66252
36.38400,37.66352
36.38500,37.66452
36.38600,37.66552
36.38700,37.66652
36.38800,37.66752
36.38900,37.66852
36.39000,37.66952
36.39100,37.67052
36.39200,37.67152
36.39300,37.67252
36.39400,37.67352
36.39500,37.67452
36.39600,37.67552
36.39700,37.67652
36.39800,37.67752
36.39900,37.67852
36.40000,37.67952
36.40100,37.68052
36.40200,37.68152
36.40300,37.68252
36.40400,37.68352
36.40500,37.68452
36.40600,37.68552
36.40700,37.68652
36.40800,37.68752
36.40900,37.68852
36.41000,37.68952
36.41100,37.69052
36.41200,37.69152
36.41300,37.69252
36.41400,37.69352
36.41500,37.69452
36.41600,37.69552
36.41700,37.69652
36.41800,37.69752
36.41900,37.69852
36.42000,37.69952
36.42700,37.70052
36.42800,37.70152
36.42900,37.70252
36.43000,37.70352
36.43100,37.70452
36.43200,37.70552
36.43300,37.70652
36.43400,37.70752
36.43500,37.70852
36.43600,37.70952
36.43700,37.71052
36.43800,37.71152
36.43900,37.71252
36.44000,37.71352
36.44100,37.71452
36.44200,37.71552
36.44300,37.71652
36.44400,37.71752
36.44500,37.71852
36.44600,37.71952
36.44700,37.72052
36.44800,37.72152
36.44900,37.72252
36.45000,37.72352
36.45100,37.72452
36.45200,37.72552
36.45300,37.72652
36.45400,37.72752
36.45500,37.72852
36.45600,37.72952
36.46300,37.73052
36.46400,37.73152
36.46500,37.73252
36.46600,37.73352
36.46700,37.73452
36.46800,37.73552
36.46900,37.73652
36.47000,37.73752
36.47100,37.73852
36.47200,37.73952
36.50000,37.74052
36.50100,37.74152
36.50200,37.74252
36.50300,37.74352
36.50400,37.74452
36.50500,37.74552
36.50600,37.74652
36.50700,37.74752
36.50800,37.74852
36.50900,37.74952
36.51000,37.75052
36.51100,37.75152
36.51200,37.75252
36.51300,37.75352
36.51400,37.75452
36.51500,37.75552
36.51600,37.75652
36.51700,37.75752
36.51800,37.75852
36.51900,37.75952
36.52000,37.76052
36.52100,37.76152
36.52200,37.76252
36.52300,37.76352
36.52400,37.76452
36.52500,37.76552
36.52600,37.76652
36.52700,37.76752
36.52800,37.76852
36.52900,37.76952
36.53000,37.77052
36.53100,37.77152
36.53200,37.77252
36.53300,37.77352
36.53400,37.77452
36.53500,37.77552
36.53600,37.77652
36.53700,37.77752
36.53800,37.77852
36.53900,37.77952
36.54000,37.78052
36.54100,37.78152
36.54200,37.78252
36.54300,37.78352
36.54400,37.78452
36.54500,37.78552
36.54600,37.78652
36.54700,37.78752
36.54800,37.78852
36.54900,37.78952
36.55000,37.79052
36.55100,37.79152
36.55200,37.79252
36.55300,37.79352
36.55400,37.79452
36.55500,37.79552
36.55600,37.79652
36.55700,37.79752
36.55800,37.79852
36.55900,37.79952
36.56000,37.80052
36.56100,37.80152
36.56200,37.80252
36.56300,37.80352
36.56500,37.80452
36.56600,37.80552
36.56700,37.80652
36.56800,37.80752
36.56900,37.80852
36.57000,37.80952
36.57100,37.81052
36.57200,37.81152
36.57300,37.81252
36.57400,37.81352
36.57500,37.81452
36.57600,37.81552
36.57700,37.81652
36.57800,37.81752
36.57900,37.81852
36.58000,37.81952
36.58100,37.82052
36.58200,37.82152
36.58300,37.82252
36.58400,37.82352
36.58500,37.82452
36.58600,37.82552
36.58700,37.82652
36.58800,37.82752
36.58900,37.82852
36.59000,37.82952
36.59100,37.83052
36.59200,37.83152
36.59300,37.83252
36.59400,37.83352
36.59500,37.83452
36.59600,37.83552
36.59700,37.83652
36.59800,37.83752
36.59900,37.83852
36.60000,37.83952
36.60100,37.84052
36.60200,37.84152
36.60300,37.84252
36.60400,37.84352
36.60500,37.84452
36.60600,37.84552
36.60700,37.84652
36.60800,37.84752
36.60900,37.84852
36.61000,37.84952
36.61100,37.85052
36.61200,37.85152
36.61300,37.85252
36.61400,37.85352
36.61500,37.85452
36.61600,37.85552
36.61700,37.85652
36.61800,37.85752
36.61900,37.85852
36.62000,37.85952
36.62100,37.86052
36.62200,37.86152
36.62300,37.86252
36.62400,37.86352
36.62500,37.86452
36.62600,37.86552
36.62700,37.86652
36.62800,37.86752
36.62900,37.86852
36.63000,37.86952
36.63100,37.87052
36.63200,37.87152
36.63300,37.87252
36.63400,37.87352
36.63500,37.87452
36.63600,37.87552
36.63700,37.87652
36.63800,37.87752
36.63900,37.87852
36.64000,37.87952
36.64100,37.88052
36.64200,37.88152
36.64300,37.88252
36.64400,37.88352
36.64500,37.88552
36.64600,37.88652
36.64700,37.88752
36.64800,37.88852
36.64900,37.88952
36.65000,37.89052
36.65100,37.89152
36.65200,37.89252
36.65300,37.89352
36.65400,37.89452
36.65500,37.89552
36.65600,37.89652
36.65700,37.89752
36.65800,37.89852
36.65900,37.90352
36.66000,37.90452
36.66100,37.90552
36.66200,37.90652
36.66300,37.90752
36.66400,37.90852
36.66500,37.90952
36.66600,37.91052
36.66700,37.91152
36.66800,37.91252
36.66900,37.91352
36.67000,37.92552
36.67100,37.92852
36.67200,37.92952
36.67300,37.93052
36.67400,37.93152
36.67500,37.93252
36.67600,37.93352
36.67700,37.93452
36.67800,37.93552
36.67900,37.93652
36.68000,37.93752
36.68100,37.93852
36.68200,37.93952
36.68300,37.94052
36.68400,37.94152
36.68500,37.94252
36.68600,37.94352
36.68700,37.94452
36.68800,37.94552
36.68900,37.94652
36.69000,37.94752
36.69100,37.94852
36.69200,37.94952
36.69300,37.95052
36.69400,37.95152
36.69500,37.95252
36.69600,37.95352
36.69700,37.95452
36.69800,37.95552
36.69900,37.95652
36.70000,37.95752
36.70100,37.95852
36.70200,37.95952
36.70300,37.96052
36.70400,37.96152
36.70500,37.96252
36.70600,37.96352
36.70700,37.96452
36.70800,37.96552
36.70900,37.96652
36.71000,37.96752
36.71100,37.96852
36.71200,37.96952
36.71300,37.97052
36.71400,37.97152
36.71500,37.97252
36.71600,37.97352
36.71700,37.97452
36.71800,37.97552
36.71900,37.97652
36.72000,37.97752
36.72100,37.97852
36.72200,37.97952
36.72300,37.98052
36.72400,37.98152
36.72500,37.98252
36.72600,37.98352
36.72700,37.98452
36.72800,37.98552
36.72900,37.98652
36.73000,37.98752
36.73100,37.98852
36.73200,37.98952
36.73300,37.99052
36.73400,37.99152
36.73500,37.99252
36.73600,37.99352
36.73700,37.99452
36.73800,37.99552
36.73900,37.99652
36.74000,37.99752
36.74100,37.99852
36.74200,37.99952
36.74300,38.00052
36.74400,38.00152
36.74500,38.00252
36.74600,38.00352
36.74700,38.00452
36.74800,38.00552
36.74900,38.00652
36.75000,38.00752
36.75100,38.00852
36.75200,38.00952
36.75300,38.01052
36.75400,38.01152
36.75500,38.01252
36.75600,38.01352
36.75700,38.01452
36.75800,38.01552
36.75900,38.01652
36.76000,38.01752
36.76100,38.01852
36.76200,38.01952
36.76300,38.02052
36.76400,38.02152
36.76500,38.02252
36.76600,38.02352
36.76700,38.02452
36.76800,38.02552
36.76900,38.02652
36.77000,38.02752
36.77100,38.02852
36.77200,38.02952
36.77300,38.03052
36.77400,38.03152
36.77500,38.03252
36.77600,38.03352
36.77700,38.03452
36.77800,38.03552
36.77900,38.03652
36.78000,38.03752
36.78100,38.03852
36.78200,38.03952
36.78300,38.04052
36.78400,38.04152
36.78500,38.04252
36.78600,38.04352
36.78700,38.04452
36.78800,38.04552
36.78900,38.04652
36.79100,38.04752
36.79200,38.04852
36.79300,38.04952
36.79400,38.05052
36.79500,38.05152
36.79600,38.05252
36.79700,38.05352
36.79800,38.05452
36.79900,38.05552
36.80000,38.05652
36.80100,38.05752
36.80200,38.05852
36.80300,38.05952
36.80400,38.06052
36.80500,38.06152
36.80600,38.06252
36.80700,38.06352
36.80800,38.06452
36.81000,38.06552
36.81100,38.06652
36.81200,38.06752
36.81300,38.06852
36.81400,38.06952
36.81500,38.07052
36.81600,38.07152
36.81700,38.07252
36.81800,38.07352
36.81900,38.07452
36.82000,38.07552
36.82100,38.07652
36.82200,38.07752
36.82300,38.07852
36.82400,38.07952
36.82500,38.08052
36.82600,38.08152
36.82700,38.08252
36.82800,38.08352
36.82900,38.08452
36.83000,38.08552
36.83100,38.08652
36.83200,38.08752
36.83300,38.08852
36.83400,38.08952
36.83500,38.09052
36.83600,38.09152
36.83700,38.09252
36.83800,38.09352
36.83900,38.09452
36.84000,38.09552
36.84100,38.09652
36.84200,38.09752
36.84300,38.09852
36.84400,38.09952
36.84500,38.10052
36.84600,38.10152
36.84700,38.10252
36.84800,38.10352
36.84900,38.10452
36.85400,38.10552
36.85500,38.10652
36.85600,38.10752
36.85700,38.10852
36.85800,38.10952
36.85900,38.11052
36.86200,38.11152
36.86300,38.11252
36.86400,38.11352
36.88400,38.11452
36.89200,38.11552
36.89300,38.11652
36.89400,38.11752
36.89500,38.11852
36.89600,38.11952
36.89700,38.12052
36.89800,38.12152
36.89900,38.12252
36.90000,38.12352
36.90100,38.12452
36.90200,38.12552
36.90300,38.12652
36.90500,38.12752
36.90600,38.12852
36.90700,38.12952
36.90800,38.13052
36.90900,38.13152
36.91000,38.13252
36.91100,38.13352
36.91200,38.13452
36.91300,38.13552
36.91400,38.13652
36.91500,38.13752
36.91600,38.13852
36.91700,38.13952
36.91800,38.14052
36.91900,38.14152
36.92000,38.14252
36.92100,38.14352
36.92200,38.14452
36.92300,38.14552
36.92400,38.14652
36.92500,38.14752
36.92600,38.14852
36.92700,38.14952
36.92800,38.15052
36.92900,38.15152
36.93000,38.15252
36.93100,38.15352
36.93200,38.15452
36.93300,38.15552
36.93400,38.15652
36.93500,38.15752
36.93600,38.15852
36.93700,38.15952
36.93800,38.16052
36.93900,38.16152
36.94000,38.16252
36.94100,38.16352
36.94200,38.16452
36.94300,38.16552
36.94400,38.16652
36.94500,38.16752
36.94600,38.16852
36.94700,38.16952
36.94800,38.17052
36.94900,38.17152
36.95000,38.17252
36.95100,38.17352
36.95200,38.17452
36.95300,38.17552
36.95400,38.17652
36.95500,38.17752
36.95600,38.17852
36.95700,38.17952
36.95800,38.18052
36.95900,38.18152
36.96000,38.18252
36.96100,38.18352
36.96200,38.18452
36.96300,38.18552
36.96400,38.18652
36.96500,38.18752
36.96600,38.18852
36.96700,38.18952
36.96800,38.19052
36.96900,38.19152
36.97000,38.19252
36.97100,38.19352
36.97200,38.19452
36.97300,38.19552
36.97400,38.19652
36.97500,38.19752
36.97600,38.19852
36.97700,38.19952
36.97800,38.20052
36.97900,38.20152
36.98000,38.20252
36.98100,38.20352
36.98200,38.20452
36.98300,38.20552
36.98400,38.20652
36.98500,38.20752
36.98600,38.20852
36.98700,38.20952
36.98800,38.21052
36.98900,38.21152
36.99000,38.21252
36.99100,38.21352
36.99200,38.21452
36.99300,38.21552
36.99400,38.21652
36.99500,38.21752
36.99600,38.21852
36.99700,38.21952
36.99800,38.22052
36.99900,38.22152
37.00000,38.22252
37.00200,38.22352
37.00300,38.22452
37.00400,38.22552
37.00500,38.22652
37.00600,38.22752
37.00700,38.22852
37.00800,38.22952
37.00900,38.23052
37.01000,38.23152
37.01100,38.23252
37.01200,38.23352
37.01300,38.23452
37.01400,38.23552
37.01500,38.23652
37.01600,38.23752
37.01700,38.23852
37.01800,38.23952
37.01900,38.24052
37.02000,38.24152
37.02100,38.24252
37.02200,38.24352
37.02300,38.24452
37.02400,38.24552
37.02500,38.24652
37.02600,38.24752
37.02700,38.24852
37.02800,38.24952
37.02900,38.25052
37.03000,38.25152
37.03100,38.25252
37.03200,38.25352
37.03300,38.25452
37.03400,38.25552
37.03500,38.25652
37.03600,38.25752
37.03700,38.25852
37.03800,38.25952
37.03900,38.26052
37.04000,38.26152
37.04100,38.26252
37.04200,38.26352
37.04300,38.26452
37.04400,38.26552
37.04500,38.26652
37.04600,38.26752
37.04700,38.26852
37.04800,38.26952
37.04900,38.27052
37.05000,38.27152
37.05100,38.27252
37.05200,38.27352
37.05300,38.27452
37.05400,38.27552
37.05500,38.27652
37.05600,38.27752
37.05700,38.27852
37.05800,38.27952
37.05900,38.28052
37.06000,38.28152
37.06100,38.28252
37.06200,38.28352
37.06300,38.28452
37.06400,38.28552
37.06500,38.28652
37.06600,38.28752
37.06700,38.28852
37.06800,38.28952
37.06900,38.29052
37.07000,38.29152
37.07100,38.29252
37.07200,38.29352
37.07300,38.29452
37.07400,38.29552
37.07500,38.29652
37.07600,38.29752
37.07700,38.29852
37.07800,38.29952
37.07900,38.30052
37.08000,38.30152
37.08100,38.30252
37.08200,38.30352
37.08300,38.30452
37.08400,38.30552
37.08500,38.30652
37.08600,38.30752
37.08700,38.30852
37.08800,38.30952
37.08900,38.31052
37.09000,38.31152
37.09100,38.31252
37.09200,38.31352
37.09300,38.31452
37.09400,38.31552
37.09500,38.31652
37.09600,38.31752
37.09700,38.31852
37.09800,38.31952
37.09900,38.32052
37.10000,38.32152
37.10100,38.32252
37.10200,38.32352
37.10300,38.32452
37.10400,38.32552
37.10500,38.32652
37.10600,38.32752
37.10700,38.32852
37.10800,38.32952
37.10900,38.33052
37.11000,38.33152
37.11100,38.33252
37.11200,38.33352
37.11300,38.33452
37.11400,38.33552
37.11500,38.33652
37.11600,38.33752
37.11700,38.33852
37.11800,38.33952
37.11900,38.34052
37.12000,38.34152
37.12100,38.34252
37.12200,38.34352
37.12300,38.34452
37.12400,38.34552
37.12500,38.34652
37.12600,38.34752
37.12700,38.34852
37.12800,38.34952
37.12900,38.35052
37.13000,38.35152
37.13100,38.35252
37.13200,38.35352
37.13300,38.35452
37.13400,38.35552
37.13500,38.35652
37.13600,38.35752
37.13700,38.35852
37.13800,38.35952
37.13900,38.36052
37.14000,38.36152
37.14100,38.36252
37.14200,38.36352
37.14300,38.36452
37.14400,38.36552
37.14500,38.36652
37.14600,38.36752
37.14700,38.36852
37.14800,38.36952
37.14900,38.37052
37.15000,38.37152
37.15100,38.37252
37.15200,38.37352
37.15300,38.37652
37.15400,38.37852
37.15500,38.37952
37.15600,38.38052
37.15700,38.38152
37.15800,38.38252
37.15900,38.38752
37.16000,38.38852
37.16100,38.38952
37.16200,38.39052
37.16300,38.39152
37.16400,38.40152
37.16500,38.40252
37.16600,38.40352
37.16700,38.40452
37.16800,38.40552
37.16900,38.40652
37.17000,38.40752
37.17100,38.40852
37.17200,38.40952
37.17300,38.41052
37.17400,38.41152
37.17500,38.41252
37.17600,38.41352
37.17700,38.41552
37.17800,38.41652
37.17900,38.41752
37.18000,38.41852
37.18100,38.41952
37.18200,38.42052
37.18300,38.42152
37.18400,38.42252
37.18500,38.42352
37.18600,38.42452
37.18700,38.42552
37.18800,38.42652
37.18900,38.42752
37.19000,38.42852
37.19100,38.43252
37.19200,38.43352
37.19300,38.43452
37.19400,38.43552
37.19500,38.43752
37.19600,38.43852
37.19700,38.43952
37.19800,38.44052
37.19900,38.44152
37.20000,38.44252
37.20100,38.44352
37.20200,38.44452
37.20300,38.44552
37.20400,38.44652
37.20500,38.44752
37.20600,38.44852
37.20700,38.44952
37.20800,38.45052
37.20900,38.45152
37.21000,38.45252
37.21100,38.45352
37.21200,38.45452
37.21300,38.45552
37.21400,38.45652
37.21500,38.45752
37.21600,38.45852
37.21700,38.45952
37.21800,38.46052
37.21900,38.46152
37.22000,38.46252
37.22100,38.46352
37.22200,38.46452
37.22300,38.46552
37.22400,38.46652
37.22500,38.46752
37.22600,38.46852
37.22700,38.46952
37.22800,38.47052
37.22900,38.47152
37.23000,38.47252
37.23100,38.47352
37.23200,38.47452
37.23300,38.47552
37.23400,38.47652
37.23500,38.47752
37.23600,38.47852
37.23700,38.47952
37.23800,38.48052
37.23900,38.48152
37.24000,38.48252
37.24100,38.48352
37.24200,38.48452
37.24300,38.48552
37.24400,38.48652
37.24500,38.48752
37.24600,38.48852
37.24700,38.48952
37.24800,38.49052
37.24900,38.49152
37.25000,38.49252
37.25100,38.49352
37.25200,38.49452
37.25300,38.49552
37.25400,38.49652
37.25500,38.49752
37.25600,38.49852
37.25700,38.49952
37.25800,38.50052
37.25900,38.50152
37.26000,38.50252
37.26100,38.50352
37.26200,38.50452
37.26300,38.50552
37.26400,38.50652
37.26500,38.50752
37.26600,38.50852
37.26700,38.50952
37.26800,38.51052
37.26900,38.51152
37.27000,38.51252
37.27100,38.51352
37.27200,38.51452
37.27300,38.51552
37.27400,38.51652
37.27500,38.51752
37.27600,38.51852
37.27700,38.51952
37.27800,38.52052
37.27900,38.52152
37.28000,38.52252
37.28100,38.52352
37.28200,38.52452
37.28300,38.52552
37.28400,38.52652
37.28500,38.52752
37.28600,38.52852
37.28700,38.52952
37.28800,38.53052
37.28900,38.53152
37.29000,38.53252
37.29100,38.53352
37.29200,38.53452
37.29300,38.53552
37.29400,38.53652
37.29500,38.53752
37.29600,38.53852
37.29700,38.53952
37.29800,38.54052
37.29900,38.54152
37.30000,38.54252
37.30100,38.54352
37.30200,38.54452
37.30300,38.54552
37.30400,38.54652
37.30500,38.54752
37.30600,38.54852
37.30700,38.54952
37.30800,38.55052
37.30900,38.55152
37.31000,38.55252
37.31100,38.55352
37.31200,38.55452
37.31300,38.55552
37.31400,38.55652
37.31500,38.55752
37.31600,38.55852
37.31700,38.55952
37.31800,38.56052
37.31900,38.56152
37.32000,38.56252
37.32100,38.56352
37.32200,38.56452
37.32300,38.56552
37.32400,38.56652
37.32500,38.56752
37.32600,38.56852
37.32700,38.56952
37.32800,38.57052
37.32900,38.57152
37.33000,38.57252
37.33100,38.57352
37.33200,38.57452
37.33300,38.57552
37.33400,38.57652
37.33500,38.57752
37.33600,38.57852
37.33700,38.57952
37.33800,38.58052
37.33900,38.58152
37.34000,38.58252
37.34100,38.58352
37.34200,38.58452
37.34300,38.58552
37.34400,38.58652
37.34500,38.58752
37.34600,38.58852
37.34700,38.58952
37.34800,38.59052
37.34900,38.59152
37.35000,38.59252
37.35100,38.59352
37.35200,38.59452
37.35300,38.59552
37.35400,38.59652
37.35500,38.59752
37.35600,38.59852
37.35700,38.59952
37.35800,38.60052
37.35900,38.60152
37.36000,38.60252
37.36100,38.60352
37.36200,38.60452
37.36300,38.60552
37.36400,38.60652
37.36500,38.60752
37.36600,38.60852
37.36700,38.60952
37.37100,38.61052
37.37300,38.61152
37.37700,38.61252
37.37800,38.61352
37.37900,38.61452
37.38000,38.61552
37.38100,38.61652
37.38200,38.61752
37.38300,38.61852
37.38400,38.61952
37.38500,38.62052
37.38600,38.62152
37.38700,38.62252
37.38800,38.62352
37.38900,38.62452
37.39000,38.62552
37.39100,38.62652
37.39200,38.62752
37.39300,38.62852
37.39400,38.62952
37.39500,38.63052
37.39600,38.63152
37.39700,38.63252
37.39800,38.63352
37.39900,38.63452
37.40000,38.63552
37.40100,38.63652
37.40200,38.63752
37.40300,38.63852
37.40400,38.63952
37.40500,38.64052
37.40600,38.64152
37.40700,38.64252
37.40800,38.64352
37.40900,38.64452
37.41000,38.64552
37.41100,38.64652
37.41200,38.64752
37.41300,38.64852
37.41400,38.64952
37.41500,38.65052
37.41600,38.65152
37.41700,38.65252
37.41800,38.65352
37.41900,38.65452
37.42000,38.65552
37.42100,38.65652
37.42200,38.65752
37.42300,38.65852
37.42400,38.65952
37.42500,38.66052
37.42600,38.66152
37.42700,38.66252
37.42800,38.66352
37.42900,38.66452
37.43000,38.66552
37.43100,38.66652
37.43200,38.66752
37.43300,38.66852
37.43400,38.66952
37.43500,38.67052
37.43600,38.67152
37.43700,38.67252
37.43800,38.67352
37.43900,38.67452
37.44000,38.67552
37.44100,38.67652
37.44200,38.67752
37.44300,38.67852
37.44400,38.67952
37.44500,38.68052
37.44600,38.68152
37.44700,38.68252
37.44800,38.68352
37.44900,38.68452
37.45000,38.68552
37.45100,38.68652
37.45200,38.68752
37.45300,38.68852
37.45400,38.68952
37.45500,38.69052
37.45600,38.69152
37.45700,38.69252
37.45800,38.69352
37.45900,38.69452
37.46000,38.69552
37.46100,38.69652
37.46200,38.69752
37.46300,38.69852
37.46400,38.69952
37.46500,38.70052
37.46600,38.70152
37.46700,38.70252
37.46800,38.70352
37.46900,38.70452
37.47000,38.70552
37.47100,38.70652
37.47200,38.70752
37.47300,38.70852
37.47400,38.70952
37.47500,38.71052
37.47600,38.71152
37.47700,38.71252
37.47800,38.71352
37.47900,38.71452
37.48000,38.71552
37.48100,38.71652
37.48300,38.71752
37.48700,38.71852
37.48800,38.71952
37.48900,38.72052
37.49000,38.72152
37.49100,38.72252
37.49200,38.72352
37.49300,38.72452
37.49400,38.72552
37.49500,38.72652
37.49600,38.72752
37.49700,38.72852
37.49800,38.72952
37.49900,38.73052
37.50300,38.73152
37.50400,38.73252
37.50500,38.73352
37.50600,38.73452
37.50700,38.73552
37.50800,38.73652
37.50900,38.73752
37.51000,38.73852
37.51100,38.73952
37.51200,38.74052
37.51300,38.74152
37.51400,38.74252
37.51500,38.74352
37.51600,38.74452
37.51700,38.74552
37.51800,38.74652
37.51900,38.74752
37.52000,38.74852
37.52100,38.74952
37.52200,38.75052
37.52300,38.75152
37.52400,38.75252
37.52500,38.75352
37.52600,38.75452
37.52700,38.75552
37.52800,38.75652
37.52900,38.75752
37.53000,38.75852
37.53100,38.75952
37.53300,38.76052
37.53400,38.76152
37.53500,38.76252
37.53600,38.76352
37.53700,38.76452
37.53800,38.76552
37.53900,38.76652
37.54000,38.76752
37.54100,38.76852
37.54200,38.76952
37.54300,38.77052
37.54400,38.77152
37.54600,38.77252
37.54700,38.77352
37.54800,38.77452
37.54900,38.77552
37.55000,38.77652
37.55100,38.77752
37.55200,38.77852
37.55300,38.77952
37.55400,38.78052
37.55500,38.78152
37.55600,38.78252
37.55700,38.78352
37.55800,38.78452
37.55900,38.78552
37.56000,38.78752
37.56100,38.78852
37.56200,38.78952
37.56300,38.79052
37.56400,38.79152
37.56500,38.79252
37.56600,38.79352
37.56700,38.79452
37.56800,38.79552
37.56900,38.79652
37.57000,38.79752
37.57100,38.79852
37.57200,38.79952
37.57300,38.80052
37.57400,38.80152
37.57500,38.80252
37.57600,38.80352
37.57700,38.80452
37.57800,38.80552
37.57900,38.80652
37.58000,38.80752
37.58100,38.80852
37.58200,38.80952
37.58300,38.81052
37.58400,38.81152
37.58500,38.81252
37.58600,38.81352
37.58700,38.81452
37.58800,38.81552
37.58900,38.81652
37.59000,38.81752
37.59100,38.81952
37.59200,38.82052
37.59300,38.82152
37.59400,38.82252
37.59500,38.82352
37.59600,38.82452
37.59700,38.82552
37.59800,38.82652
37.59900,38.82752
37.60000,38.82852
37.60100,38.82952
37.60200,38.83052
37.60300,38.83152
37.60400,38.83252
37.60500,38.83352
37.60600,38.83452
37.60700,38.83552
37.60800,38.83652
37.60900,38.83752
37.61000,38.83852
37.61100,38.83952
37.61200,38.84052
37.61300,38.84152
37.61400,38.84252
37.61500,38.84352
37.61600,38.84452
37.61700,38.84552
37.61800,38.84652
37.61900,38.84752
37.62000,38.84852
37.62100,38.84952
37.62200,38.85052
37.62300,38.85152
37.62400,38.85252
37.62500,38.85352
37.62600,38.85452
37.62700,38.85552
37.62800,38.85652
37.62900,38.85752
37.63000,38.85852
37.63100,38.85952
37.63200,38.86052
37.63300,38.86152
37.63400,38.86252
37.63500,38.86352
37.63600,38.86452
37.63700,38.86552
37.63800,38.86652
37.63900,38.86752
37.64000,38.86852
37.64100,38.86952
37.64200,38.87052
37.64300,38.87152
37.64400,38.87252
37.64500,38.87352
37.64600,38.87452
37.64700,38.87552
37.64800,38.87652
37.64900,38.87752
37.65000,38.87852
37.65100,38.87952
37.65200,38.88052
37.65300,38.88152
37.65400,38.88252
37.65500,38.88352
37.65600,38.88452
37.65700,38.88552
37.65800,38.88652
37.65900,38.88752
37.66000,38.88852
37.66100,38.88952
37.66200,38.89052
37.66300,38.89152
37.66400,38.89252
37.66500,38.89352
37.66600,38.89452
37.66700,38.89552
37.66800,38.89652
37.66900,38.89752
37.67000,38.89852
37.67100,38.89952
37.67200,38.90052
37.67300,38.90152
37.67400,38.90252
37.67500,38.90452
37.67600,38.90552
37.67700,38.90652
37.67800,38.90752
37.67900,38.90852
37.68000,38.90952
37.68100,38.91052
37.68200,38.91152
37.68300,38.91252
37.68400,38.91352
37.68500,38.91452
37.68600,38.91552
37.68700,38.91652
37.68800,38.91752
37.68900,38.91852
37.69000,38.91952
37.69100,38.92052
37.69200,38.92152
37.69300,38.92252
37.69400,38.92352
37.69500,38.92452
37.69600,38.92552
37.69700,38.92652
37.69800,38.92752
37.69900,38.92852
37.70000,38.92952
37.70100,38.93052
37.70200,38.93152
37.70300,38.93252
37.70400,38.93352
37.70500,38.93452
37.70600,38.93552
37.70700,38.93652
37.70800,38.93752
37.70900,38.93852
37.71000,38.93952
37.71100,38.94052
37.71200,38.94152
37.71300,38.94252
37.71400,38.94352
37.71500,38.94452
37.71600,38.94552
37.71700,38.94652
37.71800,38.94752
37.71900,38.94852
37.72000,38.94952
37.72100,38.95052
37.72200,38.95152
37.72300,38.95252
37.72400,38.95352
37.72500,38.95452
37.72600,38.95552
37.72700,38.95652
37.72800,38.95752
37.72900,38.95852
37.73000,38.95952
37.73100,38.96052
37.73200,38.96152
37.73300,38.96252
37.73400,38.96352
37.73600,38.96452
37.73700,38.96552
37.73800,38.96652
37.73900,38.96752
37.74000,38.96852
37.74100,38.96952
37.74200,38.97052
37.74300,38.97152
37.74400,38.97252
37.74500,38.97352
37.74600,38.97452
37.74700,38.97552
37.74800,38.97652
37.74900,38.97752
37.75000,38.97852
37.75100,38.97952
37.75200,38.98052
37.75300,38.98152
37.75400,38.98252
37.75500,38.98352
37.75600,38.98452
37.75700,38.98552
37.75800,38.98652
37.75900,38.98752
37.76000,38.98852
37.76100,38.98952
37.76200,38.99052
37.76300,38.99152
37.76400,38.99252
37.76500,38.99352
37.76600,38.99452
37.76700,38.99552
37.76800,38.99652
37.76900,38.99752
37.77000,38.99852
37.77100,38.99952
37.77200,39.00052
37.77300,39.00152
37.77400,39.00252
37.77500,39.00352
37.77600,39.00452
37.77700,39.00552
37.77800,39.00652
37.77900,39.00752
37.78000,39.00852
37.78100,39.00952
37.78200,39.01052
37.78300,39.01152
37.78400,39.01252
37.78500,39.01352
37.78600,39.01452
37.78700,39.01552
37.78800,39.01652
37.78900,39.01752
37.79000,39.01852
37.79100,39.01952
37.79200,39.02052
37.79300,39.02152
37.79400,39.02252
37.79500,39.02352
37.79600,39.02452
37.79700,39.02552
37.79800,39.02652
37.79900,39.02752
37.80000,39.02852
37.80100,39.02952
37.80200,39.03052
37.80300,39.03152
37.80400,39.03252
37.80500,39.03352
37.80600,39.03452
37.80700,39.03552
37.80800,39.03652
37.80900,39.03752
37.81000,39.03852
37.81100,39.03952
37.81200,39.04052
37.81300,39.04152
37.81400,39.04252
37.81500,39.04352
37.81600,39.04452
37.81700,39.04552
37.81800,39.04652
37.81900,39.04752
37.82000,39.04852
37.82100,39.04952
37.82200,39.05052
37.82300,39.05152
37.82400,39.05252
37.82500,39.05352
37.82600,39.05452
37.82700,39.05552
37.82800,39.05652
37.82900,39.05752
37.83000,39.05852
37.83100,39.05952
37.83200,39.06052
37.83300,39.06152
37.83400,39.06252
37.83500,39.06352
37.83600,39.06452
37.83700,39.06552
37.83800,39.06652
37.83900,39.06752
37.84000,39.06852
37.84100,39.06952
37.84200,39.07052
37.84300,39.07152
37.84400,39.07252
37.84500,39.07352
37.84600,39.07452
37.84700,39.07552
37.84800,39.07652
37.84900,39.07752
37.85000,39.07852
37.85100,39.07952
37.85200,39.08052
37.85300,39.08152
37.85400,39.08252
37.85500,39.08352
37.85600,39.08452
37.85700,39.08552
37.85800,39.08652
37.85900,39.08752
37.86000,39.08852
37.86100,39.08952
37.86200,39.09052
37.86300,39.09152
37.86400,39.09252
37.86500,39.09352
37.86600,39.09452
37.86700,39.09552
37.86800,39.09652
37.86900,39.09752
37.87000,39.09852
37.87100,39.09952
37.87200,39.10052
37.87300,39.10152
37.87400,39.10252
37.87500,39.10352
37.87600,39.10452
37.87700,39.10552
37.87800,39.10652
37.87900,39.10752
37.88000,39.10852
37.88100,39.10952
37.88200,39.11052
37.88300,39.11152
37.88400,39.11252
37.88500,39.11352
37.88600,39.11452
37.88700,39.11552
37.88800,39.11652
37.88900,39.11752
37.89000,39.11852
37.89100,39.11952
37.89200,39.12052
37.89300,39.12152
37.89400,39.12252
37.89500,39.12352
37.89600,39.12452
37.89700,39.12552
37.89800,39.12652
37.89900,39.12752
37.90000,39.12852
37.90100,39.12952
37.90200,39.13052
37.90300,39.13152
37.90400,39.13252
37.90500,39.13352
37.90600,39.13452
37.90700,39.13552
37.90800,39.13652
37.90900,39.13752
37.91000,39.13852
37.91100,39.13952
37.91200,39.14052
37.91300,39.14152
37.91400,39.14252
37.91500,39.14352
37.91600,39.14452
37.91700,39.14552
37.91800,39.14652
37.91900,39.14752
37.92000,39.14852
37.92100,39.14952
37.92200,39.15052
37.92300,39.15152
37.92400,39.15252
37.92500,39.15352
37.92600,39.15452
37.92700,39.15552
37.92800,39.15652
37.92900,39.15752
37.93000,39.15852
37.93100,39.15952
37.93200,39.16052
37.93300,39.16152
37.93400,39.16252
37.93500,39.16352
37.93600,39.16452
37.93700,39.16552
37.93800,39.16652
37.93900,39.16752
37.94000,39.16852
37.94100,39.16952
37.94200,39.17052
37.94300,39.17152
37.94400,39.17252
37.94500,39.17352
37.94600,39.17452
37.94700,39.17552
37.94800,39.17652
37.94900,39.17752
37.95000,39.17852
37.95100,39.17952
37.95200,39.18052
37.95300,39.18152
37.95400,39.18252
37.95500,39.18352
37.95600,39.18452
37.95700,39.18552
37.95800,39.18652
37.95900,39.18752
37.96000,39.18852
37.96100,39.18952
37.96200,39.19052
37.96300,39.19152
37.96400,39.19252
37.96500,39.19352
37.96600,39.19452
37.96700,39.19552
37.96800,39.19652
37.96900,39.19852
37.97000,39.19952
37.97100,39.20052
37.97200,39.20152
37.97300,39.20252
37.97400,39.20352
37.97500,39.20452
37.97600,39.20552
37.97700,39.20652
37.97800,39.20752
37.97900,39.20852
37.98000,39.20952
37.98100,39.21052
37.98200,39.21152
37.98300,39.21252
37.98400,39.21352
37.98500,39.21452
37.98600,39.21552
37.98700,39.21652
37.98800,39.21752
37.98900,39.21852
37.99000,39.21952
37.99100,39.22052
37.99200,39.22152
37.99300,39.22252
37.99400,39.22352
37.99500,39.22452
37.99600,39.22552
37.99700,39.22652
37.99800,39.22752
37.99900,39.22852
38.00000,39.22952
38.00100,39.23052
38.00200,39.23152
38.00300,39.23252
38.00400,39.23352
38.00500,39.23452
38.00600,39.23552
38.00700,39.23652
38.00800,39.23752
38.00900,39.23852
38.01000,39.23952
38.01100,39.24052
38.01200,39.24152
38.01300,39.24252
38.01400,39.24352
38.01500,39.24452
38.01600,39.24552
38.01700,39.24652
38.01800,39.24752
38.01900,39.24852
38.02000,39.24952
38.02100,39.25052
38.02200,39.25152
38.02300,39.25252
38.02400,39.25352
38.02500,39.25452
38.02600,39.25552
38.02700,39.25652
38.02800,39.25752
38.02900,39.25852
38.03000,39.25952
38.03100,39.26052
38.03200,39.26152
38.03300,39.26252
38.03400,39.26352
38.03500,39.26452
38.03600,39.26552
38.03700,39.26652
38.03800,39.26752
38.03900,39.26852
38.04000,39.26952
38.04100,39.27052
38.04200,39.27152
38.04300,39.27252
38.04400,39.27352
38.04500,39.27452
38.04600,39.27552
38.04700,39.27652
38.04800,39.27752
38.04900,39.27852
38.05000,39.27952
38.05100,39.28052
38.05200,39.28152
38.05300,39.28252
38.05400,39.28352
38.05500,39.28452
38.05600,39.28552
38.05700,39.28652
38.05800,39.28752
38.05900,39.28852
38.06000,39.28952
38.06100,39.29052
38.06200,39.29152
38.06300,39.29252
38.06400,39.29352
38.06500,39.29452
38.06600,39.29552
38.06700,39.29652
38.06800,39.29752
38.06900,39.29852
38.07000,39.29952
38.07100,39.30052
38.07200,39.30152
38.07300,39.30252
38.07400,39.30352
38.07500,39.30452
38.07600,39.30552
38.07700,39.30652
38.07800,39.30752
38.07900,39.30852
38.08000,39.30952
38.08100,39.31052
38.08200,39.31152
38.08300,39.31252
38.08400,39.31352
38.08500,39.31452
38.08600,39.31552
38.08700,39.31652
38.08800,39.31752
38.08900,39.31852
38.09000,39.31952
38.09100,39.32052
38.09200,39.32152
38.09300,39.32252
38.09400,39.32352
38.09500,39.32452
38.09600,39.32552
38.09700,39.32652
38.09800,39.32752
38.09900,39.32852
38.10000,39.32952
38.10100,39.33052
38.10200,39.33152
38.10300,39.33252
38.10400,39.33352
38.10500,39.33452
38.10600,39.33552
38.10700,39.33652
38.10800,39.33752
38.10900,39.33852
38.11000,39.33952
38.11100,39.34052
38.11200,39.34152
38.11300,39.34252
38.11400,39.34352
38.11500,39.34452
38.11600,39.34552
38.11700,39.34652
38.11800,39.34752
38.11900,39.34852
38.12000,39.34952
38.12100,39.35052
38.12200,39.35152
38.12300,39.35252
38.12400,39.35352
38.12500,39.35452
38.12600,39.35552
38.12700,39.35652
38.12800,39.35752
38.12900,39.35852
38.13000,39.35952
38.13100,39.36052
38.13200,39.36152
38.13300,39.36252
38.13400,39.36352
38.13500,39.36452
38.13600,39.36552
38.13700,39.36652
38.13800,39.36752
38.13900,39.36852
38.14000,39.36952
38.14100,39.37052
38.14200,39.37152
38.14300,39.37252
38.14400,39.37352
38.14500,39.37452
38.14600,39.37552
38.14700,39.37652
38.14800,39.37752
38.14900,39.37852
38.15000,39.37952
38.15100,39.38052
38.15200,39.38152
38.15300,39.38252
38.15400,39.38352
38.15500,39.38452
38.15600,39.38552
38.15700,39.38652
38.15800,39.38752
38.15900,39.38852
38.16000,39.38952
38.16100,39.39052
38.16200,39.39152
38.16300,39.39252
38.16400,39.39352
38.16500,39.39452
38.16600,39.39552
38.16700,39.39652
38.16800,39.39752
38.16900,39.39852
38.17000,39.39952
38.17100,39.40052
38.17200,39.40152
38.17300,39.40252
38.17400,39.40352
38.17500,39.40452
38.17600,39.40552
38.17700,39.40652
38.17800,39.40752
38.17900,39.40852
38.18000,39.40952
38.18100,39.41052
38.18200,39.41152
38.18300,39.41252
38.18400,39.41352
38.18500,39.41452
38.18600,39.41552
38.18700,39.41652
38.18800,39.41752
38.18900,39.41852
38.19000,39.41952
38.19100,39.42052
38.19200,39.42152
38.19300,39.42252
38.19400,39.42352
38.19500,39.42452
38.19600,39.42552
38.19700,39.42652
38.19800,39.42752
38.19900,39.42852
38.20000,39.42952
38.20100,39.43052
38.20200,39.43152
38.20300,39.43252
38.20400,39.43352
38.20500,39.43452
38.20600,39.43552
38.20700,39.43652
38.20800,39.43752
38.20900,39.43852
38.21000,39.43952
38.21100,39.44052
38.21200,39.44152
38.21300,39.44252
38.21400,39.44352
38.21500,39.44452
38.21600,39.44552
38.21700,39.44652
38.21800,39.44752
38.21900,39.44852
38.22000,39.44952
38.22100,39.45052
38.22200,39.45152
38.22300,39.45252
38.22400,39.45352
38.22500,39.45452
38.22600,39.45552
38.22700,39.45652
38.22800,39.45752
38.22900,39.45852
38.23000,39.45952
38.23100,39.46052
38.23200,39.46152
38.23300,39.46252
38.23400,39.46352
38.23500,39.46452
38.23600,39.46552
38.23700,39.46652
38.23800,39.46752
38.23900,39.46852
38.24000,39.46952
38.24100,39.47052
38.24200,39.47152
38.24300,39.47252
38.24400,39.47352
38.24500,39.47452
38.24600,39.47552
38.24700,39.47652
38.24800,39.47752
38.24900,39.47852
38.25000,39.47952
38.25100,39.48052
38.25200,39.48252
38.25300,39.48352
38.25400,39.48452
38.25500,39.48552
38.25600,39.48652
38.25700,39.48752
38.25800,39.48952
38.25900,39.49052
38.26000,39.49152
38.26100,39.49252
38.26200,39.49352
38.26300,39.49452
38.26400,39.49552
38.26500,39.49652
38.26600,39.49752
38.26700,39.49852
38.26800,39.49952
38.26900,39.50052
38.27000,39.50152
38.27100,39.50252
38.27200,39.50352
38.27300,39.50452
38.27400,39.50552
38.27500,39.50652
38.27600,39.50752
38.27700,39.50852
38.27800,39.50952
38.27900,39.51052
38.28000,39.51152
38.28100,39.51252
38.28200,39.51352
38.28300,39.51452
38.28400,39.51552
38.28500,39.51652
38.28600,39.51752
38.28700,39.51852
38.28800,39.51952
38.28900,39.52052
38.29000,39.52152
38.29100,39.52252
38.29200,39.52352
38.29300,39.52452
38.29400,39.52552
38.29500,39.52652
38.29600,39.52752
38.29700,39.52852
38.29800,39.52952
38.29900,39.53052
38.30000,39.53152
38.30100,39.53252
38.30200,39.53352
38.30300,39.53452
38.30400,39.53552
38.30500,39.53652
38.30600,39.53752
38.30700,39.53852
38.30800,39.53952
38.30900,39.54052
38.31000,39.54152
38.31100,39.54252
38.31200,39.54352
38.31300,39.54452
38.31400,39.54552
38.31500,39.54652
38.31600,39.54752
38.31700,39.54852
38.31800,39.54952
38.31900,39.55052
38.32000,39.55152
38.32100,39.55252
38.32200,39.55352
38.32300,39.55452
38.32400,39.55552
38.32500,39.55752
38.32600,39.55852
38.32700,39.55952
38.32800,39.56052
38.32900,39.56152
38.33000,39.56252
38.33100,39.56352
38.33200,39.56452
38.33300,39.56552
38.33400,39.56652
38.33500,39.56752
38.33600,39.56852
38.33700,39.56952
38.33800,39.57052
38.33900,39.57152
38.34000,39.57252
38.34100,39.57352
38.34200,39.57452
38.34300,39.57552
38.34400,39.57652
38.34500,39.57752
38.34600,39.57852
38.34700,39.57952
38.34800,39.58052
38.34900,39.58152
38.35000,39.58252
38.35100,39.58352
38.35200,39.58452
38.35300,39.58552
38.35400,39.58652
38.35500,39.58752
38.35600,39.58852
38.35700,39.58952
38.35800,39.59052
38.35900,39.59152
38.36000,39.59252
38.36100,39.59352
38.36200,39.59452
38.36300,39.59552
38.36400,39.59652
38.36500,39.59752
38.36600,39.59852
38.36700,39.59952
38.36800,39.60052
38.36900,39.60152
38.37000,39.60252
38.37100,39.60352
38.37200,39.60452
38.37300,39.60552
38.37400,39.60652
38.37500,39.60752
38.37600,39.60852
38.37700,39.60952
38.37800,39.61052
38.37900,39.61152
38.38000,39.61252
38.38100,39.61352
38.38200,39.61452
38.38300,39.61552
38.38400,39.61652
38.38500,39.61752
38.38600,39.61852
38.38700,39.61952
38.38800,39.62052
38.38900,39.62152
38.39000,39.62252
38.39100,39.62352
38.39200,39.62452
38.39300,39.62552
38.39400,39.62652
38.39500,39.62752
38.39600,39.62852
38.39700,39.62952
38.39800,39.63052
38.39900,39.63152
38.40000,39.63252
38.40100,39.63352
38.40200,39.63452
38.40300,39.63552
38.40400,39.63652
38.40500,39.63752
38.40600,39.63852
38.40700,39.63952
38.40800,39.64052
38.40900,39.64152
38.41000,39.64952
38.41100,39.65052
38.41200,39.65152
38.41300,39.65252
38.41400,39.65352
38.41500,39.65452
38.41600,39.65552
38.41700,39.65652
38.41800,39.65752
38.41900,39.65852
38.42000,39.65952
38.42100,39.66052
38.42200,39.66152
38.42300,39.66252
38.42400,39.66352
38.42500,39.66452
38.42600,39.66552
38.42700,39.66652
38.42800,39.66752
38.42900,39.66852
38.43000,39.66952
38.43100,39.67052
38.43200,39.67152
38.43300,39.67252
38.43400,39.67352
38.43500,39.67452
38.43600,39.67552
38.43700,39.67652
38.43800,39.67752
38.43900,39.67852
38.44000,39.67952
38.44100,39.68052
38.44200,39.68152
38.44300,39.68252
38.44400,39.68352
38.44500,39.68452
38.44600,39.68552
38.44700,39.68652
38.44800,39.68752
38.44900,39.68852
38.45000,39.68952
38.45100,39.69052
38.45200,39.69152
38.45300,39.69252
38.45400,39.69352
38.45500,39.69452
38.45600,39.69552
38.45700,39.69652
38.45800,39.69752
38.45900,39.69852
38.46000,39.69952
38.46100,39.70052
38.46200,39.70152
38.46300,39.70252
38.46400,39.70352
38.46500,39.70452
38.46600,39.70552
38.46700,39.70652
38.46800,39.70752
38.46900,39.70852
38.47000,39.70952
38.47100,39.71052
38.47200,39.71152
38.47300,39.71252
38.47400,39.71352
38.47500,39.71452
38.47600,39.71552
38.47700,39.71652
38.47800,39.71752
38.47900,39.71852
38.48000,39.71952
38.48100,39.72052
38.48200,39.72152
38.48300,39.72252
38.48400,39.72352
38.48500,39.72452
38.48600,39.72552
38.48700,39.72652
38.48800,39.72752
38.48900,39.72852
38.49000,39.72952
38.49100,39.73052
38.49200,39.73152
38.49300,39.73252
38.49400,39.73352
38.49500,39.73452
38.49600,39.73552
38.49700,39.73652
38.50000,39.73752
38.50100,39.73852
38.50200,39.73952
38.50300,39.74052
38.50400,39.74152
38.50500,39.74252
38.50600,39.74352
38.50700,39.74452
38.50800,39.74552
38.50900,39.74652
38.51000,39.74752
38.51100,39.74852
38.51200,39.74952
38.51300,39.75052
38.51400,39.75152
38.51500,39.75252
38.51600,39.75352
38.51700,39.75452
38.51800,39.75552
38.51900,39.75652
38.52000,39.75752
38.52100,39.75852
38.52200,39.75952
38.52300,39.76052
38.52400,39.76152
38.52500,39.76252
38.52600,39.76352
38.52700,39.76452
38.52800,39.76552
38.52900,39.76652
38.53000,39.76752
38.53100,39.76852
38.53200,39.76952
38.53300,39.77052
38.53400,39.77152
38.53500,39.77252
38.53600,39.77352
38.53700,39.77452
38.53800,39.77552
38.53900,39.77652
38.54000,39.77752
38.54100,39.77852
38.54200,39.77952
38.54300,39.78052
38.54400,39.78152
38.54500,39.78252
38.54600,39.78352
38.54700,39.78452
38.54800,39.78552
38.54900,39.78652
38.55000,39.78752
38.55100,39.78852
38.55200,39.78952
38.55300,39.79052
38.55400,39.79152
38.55500,39.79252
38.55600,39.79352
38.55700,39.79452
38.55800,39.79552
38.55900,39.79652
38.56000,39.79752
38.56100,39.79852
38.56200,39.79952
38.56300,39.80052
38.56400,39.80152
38.56500,39.80252
38.56600,39.80352
38.56700,39.80452
38.56800,39.80552
38.56900,39.80652
38.57000,39.80752
38.57100,39.80852
38.57200,39.80952
38.57300,39.81052
38.57400,39.81152
38.57500,39.81252
38.57600,39.81352
38.57700,39.81452
38.57800,39.81552
38.57900,39.81652
38.58000,39.81752
38.58100,39.81852
38.58200,39.81952
38.58300,39.82052
38.58400,39.82152
38.58500,39.82252
38.58600,39.82352
38.58700,39.82452
38.58800,39.82552
38.58900,39.82652
38.59000,39.82752
38.59100,39.82852
38.59200,39.82952
38.59300,39.83052
38.59400,39.83152
38.59500,39.83252
38.59600,39.83352
38.59700,39.83452
38.59800,39.83552
38.59900,39.83652
38.60000,39.83752
38.60100,39.83852
38.60200,39.83952
38.60300,39.84052
38.60400,39.84152
38.60500,39.84252
38.60600,39.84352
38.60700,39.84452
38.60800,39.84552
38.60900,39.84652
38.61000,39.84752
38.61100,39.84852
38.61200,39.84952
38.61300,39.85052
38.61400,39.85152
38.61500,39.85252
38.61600,39.85352
38.61700,39.85452
38.61800,39.85552
38.61900,39.85652
38.62000,39.85752
38.62100,39.85852
38.62200,39.85952
38.62300,39.86052
38.62400,39.86152
38.62500,39.86252
38.62600,39.86352
38.62700,39.86452
38.62800,39.86552
38.62900,39.86652
38.63000,39.86752
38.63100,39.86852
38.63200,39.86952
38.63300,39.87052
38.63400,39.87152
38.63500,39.87252
38.63600,39.87352
38.63700,39.87452
38.63800,39.87552
38.63900,39.87652
38.64000,39.87752
38.64100,39.87852
38.64200,39.87952
38.64300,39.88052
38.64400,39.88152
38.64500,39.88252
38.64600,39.88352
38.64700,39.88452
38.64800,39.88552
38.64900,39.88652
38.65000,39.88752
38.65100,39.88852
38.65200,39.88952
38.65300,39.89052
38.65400,39.89152
38.65500,39.89252
38.65600,39.89352
38.65700,39.89452
38.65800,39.89552
38.65900,39.89952
38.66000,39.90052
38.66100,39.90152
38.66200,39.90252
38.66300,39.90352
38.66400,39.90452
38.66500,39.90552
38.66600,39.90652
38.66700,39.90752
38.66800,39.90852
38.66900,39.90952
38.67000,39.91052
38.67100,39.91152
38.67200,39.91252
38.67300,39.91352
38.67400,39.91452
38.67500,39.91552
38.67600,39.91652
38.67700,39.91752
38.67800,39.91852
38.67900,39.91952
38.68000,39.92052
38.68100,39.92152
38.68200,39.92252
38.68300,39.92352
38.68400,39.92452
38.68500,39.92652
38.68600,39.92752
38.68700,39.92852
38.68800,39.92952
38.68900,39.93052
38.69000,39.93152
38.69100,39.93252
38.69200,39.93352
38.69300,39.93452
38.69400,39.93552
38.69500,39.93652
38.69600,39.93752
38.69700,39.93852
38.69800,39.94052
38.69900,39.94152
38.70000,39.94252
38.70100,39.94352
38.70200,39.94452
38.70300,39.94552
38.70400,39.94652
38.70500,39.94752
38.70600,39.94852
38.70700,39.94952
38.70800,39.95052
38.70900,39.95152
38.71000,39.95252
38.71100,39.95352
38.71200,39.95452
38.71300,39.95552
38.71400,39.95652
38.71500,39.95752
38.71600,39.95852
38.71700,39.95952
38.71800,39.96052
38.71900,39.96152
38.72000,39.96252
38.72100,39.96352
38.72200,39.96452
38.72300,39.96552
38.72400,39.96652
38.72500,39.96752
38.72600,39.96852
38.72700,39.96952
38.72800,39.97052
38.72900,39.97152
38.73000,39.97252
38.73100,39.97352
38.73200,39.97452
38.73300,39.97552
38.73400,39.97652
38.73500,39.97752
38.73600,39.97852
38.73700,39.97952
38.73800,39.98052
38.73900,39.98152
38.74000,39.98252
38.74100,39.98352
38.74200,39.98452
38.74300,39.98552
38.74400,39.98652
38.74500,39.98752
38.74600,39.98852
38.74700,39.98952
38.74800,39.99052
38.74900,39.99152
38.75000,39.99252
38.75100,39.99352
38.75200,39.99452
38.75300,39.99552
38.75400,39.99652
38.75500,39.99752
38.75600,39.99852
38.75700,39.99952
38.75800,40.00052
38.75900,40.00152
38.76000,40.00252
38.76100,40.00352
38.76200,40.00452
38.76300,40.00552
38.76400,40.00652
38.76600,40.00752
38.76700,40.00852
38.76800,40.00952
38.76900,40.01052
38.77000,40.01152
38.77100,40.01252
38.77200,40.01352
38.77300,40.01452
38.77400,40.01552
38.77500,40.01652
38.77600,40.01752
38.77700,40.01852
38.77800,40.01952
38.77900,40.02052
38.78000,40.02152
38.78400,40.02252
38.78500,40.02352
38.78600,40.02452
38.78700,40.02552
38.78800,40.02652
38.78900,40.02752
38.79000,40.02852
38.79100,40.02952
38.79200,40.03052
38.79300,40.03152
38.79400,40.03252
38.79500,40.03352
38.79600,40.03452
38.79700,40.03552
38.79800,40.03652
38.79900,40.03752
38.80000,40.03852
38.80100,40.03952
38.80200,40.04052
38.80300,40.04152
38.80400,40.04252
38.80500,40.04352
38.80600,40.04452
38.80700,40.04552
38.80800,40.04652
38.80900,40.04752
38.81000,40.04852
38.81100,40.04952
38.81200,40.05052
38.81300,40.05152
38.81400,40.05252
38.81500,40.05352
38.81600,40.05452
38.81700,40.05552
38.81800,40.05652
38.81900,40.05752
38.82000,40.05852
38.82100,40.05952
38.82200,40.06052
38.82300,40.06152
38.82400,40.06252
38.82500,40.06352
38.82600,40.06452
38.82700,40.06552
38.82800,40.06652
38.82900,40.06752
38.83000,40.06852
38.83100,40.06952
38.83200,40.07052
38.83300,40.07152
38.83400,40.07252
38.83500,40.07352
38.83600,40.07452
38.83700,40.07552
38.83800,40.07652
38.83900,40.07752
38.84000,40.07852
38.84100,40.07952
38.84200,40.08052
38.84300,40.08152
38.84400,40.08252
38.84500,40.08352
38.84600,40.08452
38.84700,40.08552
38.84800,40.08652
38.84900,40.08752
38.85000,40.08852
38.85100,40.08952
38.85200,40.09052
38.85300,40.09152
38.85400,40.09252
38.85500,40.09352
38.85600,40.09452
38.85700,40.09552
38.85800,40.09652
38.85900,40.09752
38.86000,40.09852
38.86100,40.09952
38.86200,40.10052
38.86300,40.10152
38.86400,40.10252
38.86500,40.10352
38.87100,40.10452
38.87200,40.10552
38.87300,40.10652
38.87400,40.10752
38.87500,40.10852
38.87600,40.10952
38.87700,40.11052
38.87800,40.11152
38.87900,40.11252
38.88000,40.11352
38.88100,40.11452
38.88200,40.11552
38.88300,40.11652
38.88400,40.11752
38.88500,40.11852
38.88600,40.11952
38.88700,40.12052
38.88800,40.12152
38.88900,40.12252
38.89000,40.12352
38.89100,40.12452
38.89200,40.12552
38.89300,40.12652
38.89400,40.12752
38.89500,40.12852
38.89600,40.12952
38.89700,40.13052
38.89800,40.13152
38.89900,40.13252
38.90000,40.13352
38.90100,40.13452
38.90200,40.13552
38.90300,40.13652
38.90400,40.13752
38.90500,40.13852
38.90600,40.13952
38.90700,40.14052
38.90800,40.14152
38.90900,40.14252
38.91000,40.14352
38.91100,40.14452
38.91200,40.14552
38.91300,40.14652
38.91400,40.14752
38.91500,40.14852
38.91600,40.14952
38.91700,40.15052
38.91800,40.15152
38.91900,40.15252
38.92000,40.15352
38.92100,40.15452
38.92200,40.15552
38.92300,40.15652
38.92400,40.15752
38.92500,40.15852
38.92600,40.15952
38.92700,40.16052
38.92800,40.16152
38.92900,40.16252
38.93000,40.16352
38.93100,40.16452
38.93200,40.16552
38.93300,40.16652
38.93400,40.16752
38.93500,40.16852
38.93600,40.16952
38.93700,40.17052
38.93800,40.17152
38.93900,40.17252
38.94000,40.17352
38.94100,40.17452
38.94200,40.17552
38.94300,40.17652
38.94400,40.17752
38.94500,40.17852
38.94600,40.17952
38.94700,40.18052
38.94800,40.18152
38.94900,40.18252
38.95000,40.18352
38.95100,40.18452
38.95200,40.18552
38.95300,40.18652
38.95400,40.18752
38.95500,40.18852
38.95600,40.18952
38.95700,40.19052
38.95800,40.19152
38.95900,40.19252
38.96000,40.19352
38.96100,40.19452
38.96200,40.19552
38.96300,40.19652
38.96400,40.19752
38.96500,40.19852
38.96600,40.19952
38.96700,40.20052
38.96800,40.20152
38.96900,40.20252
38.98200,40.20352
39.00600,40.20452
39.00700,40.20552
39.00800,40.20652
39.00900,40.20752
39.01000,40.20852
39.01100,40.20952
39.01200,40.21052
39.01300,40.21152
39.01400,40.21252
39.01500,40.21352
39.01600,40.21452
39.03300,40.21552
39.03400,40.21652
39.03500,40.21752
39.03600,40.21852
39.03700,40.21952
39.03800,40.22052
39.03900,40.22152
39.04000,40.22252
39.04100,40.22352
39.04300,40.22452
39.04400,40.22552
39.04500,40.22652
39.05300,40.22752
39.05400,40.22852
39.05500,40.22952
39.05600,40.23052
39.05800,40.23152
39.05900,40.23252
39.06000,40.23352
39.06100,40.23452
39.06200,40.23552
39.06300,40.23652
39.06400,40.23752
39.06500,40.23852
39.06600,40.23952
39.06700,40.24052
39.06800,40.24152
39.06900,40.24252
39.07000,40.24352
39.07100,40.24452
39.07200,40.24552
39.07300,40.24652
39.07400,40.24752
39.07500,40.24852
39.07600,40.24952
39.07700,40.25052
39.07800,40.25152
39.07900,40.25252
39.08000,40.25352
39.08100,40.25452
39.08200,40.25552
39.08300,40.25652
39.08400,40.25752
39.08500,40.25852
39.08600,40.25952
39.08700,40.26052
39.08800,40.26152
39.08900,40.26252
39.09000,40.26352
39.09100,40.26452
39.09200,40.26552
39.09300,40.26652
39.09400,40.26752
39.09500,40.26852
39.09600,40.26952
39.09700,40.27052
39.09800,40.27152
39.09900,40.27252
39.10000,40.27352
39.10100,40.27452
39.10200,40.27552
39.10300,40.27652
39.10400,40.27752
39.10500,40.27852
39.10600,40.27952
39.10700,40.28052
39.10800,40.28152
39.10900,40.28252
39.11000,40.28352
39.11100,40.28452
39.11200,40.28552
39.11300,40.28652
39.11400,40.28752
39.11500,40.28852
39.11600,40.28952
39.11700,40.29052
39.11800,40.29152
39.11900,40.29252
39.12000,40.29352
39.12100,40.29452
39.12200,40.29552
39.12300,40.29652
39.12400,40.29752
39.12500,40.29852
39.12600,40.29952
39.12700,40.30052
39.12800,40.30152
39.12900,40.30252
39.13000,40.30352
39.13100,40.30452
39.13200,40.30552
39.13300,40.30652
39.13400,40.30752
39.13500,40.30852
39.13600,40.30952
39.13700,40.31052
39.13800,40.31152
39.13900,40.31252
39.14000,40.31352
39.14100,40.31452
39.14200,40.31552
39.14300,40.31652
39.14400,40.31752
39.14500,40.31852
39.14600,40.31952
39.14700,40.32052
39.14800,40.32152
39.14900,40.32252
39.15000,40.32352
39.15100,40.32452
39.15200,40.32552
39.15300,40.32652
39.15400,40.32752
39.15500,40.32852
39.15600,40.32952
39.15700,40.33052
39.15800,40.33152
39.15900,40.33252
39.16000,40.33352
39.16100,40.33452
39.16200,40.33552
39.16300,40.33652
39.16400,40.33752
39.16500,40.33852
39.16600,40.33952
39.16700,40.34052
39.16800,40.34152
39.16900,40.34252
39.17000,40.34352
39.17100,40.34452
39.17200,40.34552
39.17300,40.34652
39.17400,40.34752
39.17500,40.34852
39.17600,40.34952
39.17700,40.35052
39.17800,40.35152
39.17900,40.35252
39.18000,40.35352
39.18100,40.35452
39.18200,40.35552
39.18300,40.35652
39.18400,40.35752
39.18500,40.35852
39.18600,40.35952
39.18700,40.36052
39.18800,40.36152
39.18900,40.36252
39.19000,40.36352
39.19100,40.36452
39.19200,40.36552
39.19300,40.36652
39.19400,40.36752
39.19500,40.36852
39.19600,40.36952
39.19700,40.37052
39.19800,40.37152
39.19900,40.37252
39.20000,40.37352
39.20100,40.37452
39.20200,40.37552
39.20300,40.37652
39.20400,40.37752
39.20500,40.37852
39.20600,40.37952
39.20700,40.38052
39.20800,40.38152
39.20900,40.38252
39.21000,40.38352
39.21100,40.38452
39.21200,40.38552
39.21300,40.38652
39.21400,40.38752
39.21500,40.38852
39.21600,40.38952
39.21700,40.39052
39.21800,40.39152
39.21900,40.39252
39.22000,40.39352
39.22100,40.39452
39.22200,40.39552
39.22300,40.39652
39.22400,40.39752
39.22500,40.39852
39.22600,40.39952
39.22700,40.40052
39.22800,40.40152
39.22900,40.40252
39.23000,40.40352
39.23100,40.40452
39.23200,40.40552
39.23300,40.40652
39.23400,40.40752
39.23500,40.40852
39.23600,40.40952
39.23700,40.41052
39.23800,40.41152
39.23900,40.41252
39.24000,40.41352
39.24100,40.42452
39.24200,40.42552
39.24300,40.42652
39.24400,40.42752
39.24500,40.42852
39.24600,40.42952
39.24700,40.43052
39.24800,40.43152
39.24900,40.43252
39.25000,40.43352
39.25100,40.43452
39.25200,40.43552
39.25300,40.43652
39.25400,40.43752
39.25500,40.43852
39.25600,40.43952
39.25700,40.44052
39.25800,40.44152
39.25900,40.44252
39.26000,40.44352
39.26100,40.44452
39.26200,40.44552
39.26300,40.44652
39.26400,40.45752
39.26500,40.45852
39.26600,40.45952
39.26700,40.47252
39.26800,40.47952
39.26900,40.54752
39.27000,40.55252
39.27100,40.55452
39.27200,40.55552
39.27300,40.56352
39.27400,40.56452
39.27500,40.57552
39.27600,40.57652
39.27700,40.57752
39.27800,40.57852
39.27900,40.57952
39.28000,40.58052
39.28100,40.58152
39.28200,40.58252
39.28300,40.58352
39.28400,40.58452
39.28500,40.58552
39.28600,40.58652
39.28700,40.58752
39.28800,40.58852
39.28900,40.58952
39.29000,40.59052
39.29100,40.59152
39.29200,40.59252
39.29300,40.59352
39.29400,40.59452
39.29500,40.59552
39.29600,40.59652
39.29700,40.59952
39.29800,40.60052
39.29900,40.60152
39.30000,40.60252
39.30100,40.60352
39.30200,40.60452
39.30300,40.60552
39.30400,40.60652
39.30500,40.60752
39.30600,40.60852
39.30700,40.61052
39.30800,40.61152
39.30900,40.61252
39.31000,40.61352
39.31100,40.61452
39.31200,40.61552
39.31300,40.61652
39.31400,40.61752
39.31500,40.61852
39.31600,40.61952
39.31700,40.62052
39.31800,40.62152
39.31900,40.62252
39.32000,40.62352
39.32100,40.62452
39.32200,40.62552
39.32300,40.62652
39.32400,40.62752
39.32500,40.62852
39.32600,40.62952
39.32700,40.63052
39.32800,40.63152
39.32900,40.63252
39.33000,40.63352
39.33100,40.63452
39.33200,40.63552
39.33300,40.63652
39.33400,40.63752
39.33500,40.63852
39.33600,40.63952
39.33700,40.64052
39.33800,40.64152
39.33900,40.64252
39.34000,40.64352
39.34100,40.64452
39.34200,40.64552
39.34300,40.64652
39.34400,40.64752
39.34500,40.64852
39.34600,40.64952
39.34700,40.65052
39.34800,40.65152
39.34900,40.65252
39.35000,40.65352
39.35100,40.65452
39.35200,40.65552
39.35300,40.65652
39.35400,40.65752
39.35500,40.65852
39.35600,40.65952
39.35700,40.66052
39.35800,40.66152
39.35900,40.66252
39.36000,40.66352
39.36100,40.66452
39.36200,40.66552
39.36300,40.66652
39.36400,40.66752
39.36500,40.66852
39.36600,40.66952
39.36700,40.67052
39.36800,40.67152
39.36900,40.67252
39.37000,40.67352
39.37100,40.67452
39.37200,40.67552
39.37300,40.67652
39.37400,40.67752
39.37500,40.67852
39.37600,40.67952
39.37700,40.68052
39.37800,40.68152
39.37900,40.68252
39.38000,40.68352
39.38100,40.68452
39.38200,40.68552
39.38300,40.68652
39.38400,40.68752
39.38500,40.68852
39.38600,40.68952
39.38700,40.69052
39.38800,40.69152
39.38900,40.69252
39.39000,40.69352
39.39100,40.69452
39.39200,40.69552
39.39300,40.69652
39.39400,40.69752
39.39500,40.69852
39.39600,40.69952
39.39700,40.70052
39.39800,40.70152
39.39900,40.70252
39.40000,40.70352
39.40100,40.70452
39.40200,40.70552
39.40300,40.70652
39.40400,40.70752
39.40500,40.70852
39.40600,40.70952
39.40700,40.71052
39.40800,40.71152
39.40900,40.71252
39.41000,40.71352
39.41100,40.71452
39.41200,40.71552
39.41300,40.71652
39.41400,40.71752
39.41500,40.71852
39.41600,40.71952
39.41700,40.72052
39.41800,40.72152
39.41900,40.72452
39.42000,40.72552
39.42100,40.72652
39.42200,40.72752
39.42300,40.72852
39.42400,40.72952
39.42500,40.73052
39.42600,40.73152
39.42700,40.73252
39.42800,40.73352
39.42900,40.73452
39.43000,40.73552
39.43100,40.73652
39.43200,40.73752
39.43300,40.73852
39.43400,40.73952
39.43500,40.74052
39.43600,40.74152
39.43700,40.74252
39.43800,40.74352
39.43900,40.74452
39.44000,40.74552
39.44100,40.74652
39.44200,40.74752
39.44300,40.74852
39.44400,40.74952
39.44500,40.75052
39.44600,40.75152
39.44700,40.75252
39.44800,40.75352
39.44900,40.75452
39.45000,40.75552
39.45100,40.75652
39.45200,40.75752
39.45300,40.75852
39.45400,40.75952
39.45500,40.76052
39.45600,40.76152
39.45700,40.76252
39.45800,40.76352
39.45900,40.76452
39.46000,40.76552
39.46100,40.76652
39.46200,40.76752
39.46300,40.76852
39.46400,40.76952
39.46500,40.77052
39.46600,40.77152
39.46700,40.77252
39.46800,40.77352
39.46900,40.77452
39.47000,40.77552
39.47100,40.77652
39.47200,40.77752
39.47300,40.77852
39.47400,40.77952
39.47500,40.78052
39.47600,40.78152
39.47700,40.78252
39.47800,40.78352
39.47900,40.78452
39.48000,40.78552
39.48100,40.78652
39.48200,40.78752
39.48300,40.78852
39.48400,40.78952
39.48500,40.79052
39.48600,40.79152
39.48700,40.79252
39.48800,40.79352
39.48900,40.79452
39.49000,40.79552
39.49100,40.79652
39.49200,40.79752
39.49300,40.79852
39.49400,40.79952
39.49500,40.80052
39.49600,40.80152
39.49700,40.80252
39.49800,40.80352
39.49900,40.80452
39.50000,40.80552
39.50100,40.80652
39.50300,40.80752
39.50400,40.80852
39.50500,40.80952
39.50600,40.81052
39.50700,40.81152
39.50800,40.81252
39.50900,40.81352
39.51000,40.81452
39.51100,40.81552
39.51200,40.81652
39.51300,40.81752
39.51400,40.81852
39.51500,40.81952
39.51600,40.82052
39.51700,40.82152
39.51800,40.82252
39.51900,40.82352
39.52000,40.82452
39.52100,40.82552
39.52200,40.82652
39.52300,40.82752
39.52400,40.82852
39.52500,40.82952
39.52600,40.83452
39.52700,40.83552
39.52800,40.83652
39.52900,40.83752
39.53000,40.83852
39.53100,40.83952
39.53200,40.84052
39.53300,40.84152
39.53400,40.84252
39.53500,40.84352
39.53600,40.84452
39.53700,40.84552
39.53800,40.84652
39.53900,40.84752
39.54000,40.84852
39.54100,40.84952
39.54200,40.85052
39.54300,40.85152
39.54400,40.85252
39.54500,40.85352
39.54600,40.85452
39.54700,40.85552
39.54800,40.85652
39.54900,40.85752
39.55000,40.85852
39.55100,40.85952
39.55200,40.86052
39.55300,40.86152
39.55400,40.86252
39.55500,40.86352
39.55600,40.86452
39.55700,40.86552
39.55800,40.86652
39.55900,40.86752
39.56000,40.86852
39.56100,40.86952
39.56200,40.87052
39.56300,40.87152
39.56400,40.87252
39.56500,40.87352
39.56600,40.87452
39.56700,40.87552
39.56800,40.87652
39.56900,40.87752
39.57000,40.87852
39.57100,40.87952
39.57200,40.88052
39.57300,40.88152
39.57400,40.88252
39.57500,40.88352
39.57600,40.88452
39.57700,40.88552
39.57800,40.88652
39.57900,40.88752
39.58000,40.88852
39.58100,40.88952
39.58200,40.89052
39.58300,40.89152
39.58400,40.89252
39.58500,40.89352
39.58600,40.89452
39.58700,40.89552
39.58800,40.89652
39.58900,40.89752
39.59000,40.89852
39.59100,40.89952
39.59200,40.90352
39.59300,40.90452
39.59400,40.90552
39.59500,40.90752
39.59600,40.90852
39.59700,40.90952
39.59800,40.91052
39.59900,40.91152
39.60000,40.91252
39.60100,40.91352
39.60200,40.91452
39.60300,40.91552
39.60400,40.91652
39.60500,40.91752
39.60600,40.91852
39.60700,40.91952
39.60800,40.92052
39.60900,40.92152
39.61000,40.92252
39.61100,40.92352
39.61200,40.92452
39.61300,40.92552
39.61400,40.92652
39.61500,40.92752
39.61600,40.92852
39.61700,40.92952
39.61800,40.93052
39.61900,40.93152
39.62000,40.93252
39.62100,40.93352
39.62400,40.93452
39.62500,40.93552
39.62600,40.93652
39.62700,40.93752
39.62800,40.93852
39.62900,40.93952
39.63000,40.94052
39.63100,40.94152
39.63200,40.94252
39.63300,40.94352
39.63400,40.94452
39.63500,40.94552
39.63600,40.94652
39.63700,40.94752
39.63800,40.94852
39.63900,40.94952
39.64000,40.95052
39.64100,40.95152
39.64200,40.95252
39.64300,40.95352
39.64400,40.95452
39.64500,40.95552
39.64600,40.95652
39.64700,40.95752
39.64800,40.95852
39.64900,40.95952
39.65000,40.96052
39.65100,40.96152
39.65200,40.96252
39.65300,40.96352
39.65400,40.96452
39.65500,40.96552
39.65600,40.96652
39.65700,40.96752
39.65800,40.96852
39.65900,40.96952
39.66000,40.97052
39.66100,40.97152
39.66200,40.97252
39.66300,40.97352
39.66400,40.97452
39.66500,40.97552
39.66600,40.97652
39.66700,40.97752
39.66800,40.97852
39.66900,40.97952
39.67000,40.98052
39.67100,40.98152
39.67200,40.98252
39.67300,40.98352
39.67400,40.98452
39.67500,40.98552
39.67600,40.98652
39.67700,40.98752
39.67800,40.98852
39.67900,40.98952
39.68000,40.99052
39.68100,40.99152
39.68200,40.99252
39.68300,40.99352
39.68400,40.99452
39.68500,40.99552
39.68600,40.99652
39.68700,40.99752
39.68800,40.99852
39.68900,40.99952
39.69000,41.00052
39.69100,41.00152
39.69200,41.00252
39.69300,41.00352
39.69400,41.00452
39.69500,41.00552
39.69600,41.00652
39.69700,41.00752
39.69800,41.00852
39.69900,41.00952
39.70000,41.01052
39.70100,41.01152
39.70200,41.01252
39.70300,41.01352
39.70400,41.01452
39.70500,41.01552
39.70600,41.01652
39.70700,41.01752
39.70800,41.01852
39.70900,41.01952
39.71000,41.02052
39.71100,41.02152
39.71200,41.02252
39.71300,41.02352
39.71400,41.02452
39.71500,41.02552
39.71600,41.02652
39.71700,41.02752
39.71800,41.02852
39.71900,41.02952
39.72000,41.03052
39.72100,41.03152
39.72200,41.03252
39.72300,41.03352
39.72400,41.03452
39.72500,41.03552
39.72600,41.03652
39.72700,41.03752
39.72800,41.03852
39.72900,41.03952
39.73000,41.04052
39.73100,41.04152
39.73200,41.04252
39.73300,41.04352
39.73400,41.04452
39.73500,41.04552
39.73600,41.04652
39.73700,41.04752
39.73800,41.04852
39.73900,41.04952
39.74100,41.05052
39.74200,41.05152
39.74300,41.05252
39.74400,41.05352
39.74500,41.05452
39.74600,41.05552
39.74700,41.05652
39.74800,41.05752
39.74900,41.05852
39.75000,41.05952
39.75100,41.06052
39.75200,41.06152
39.75300,41.06252
39.75400,41.06352
39.75500,41.06452
39.75600,41.06552
39.75700,41.06652
39.75800,41.06752
39.75900,41.06852
39.76000,41.06952
39.76100,41.07052
39.76200,41.07152
39.76300,41.07252
39.76400,41.07352
39.76500,41.07452
39.76600,41.07552
39.76700,41.07652
39.76800,41.07752
39.76900,41.07852
39.77000,41.07952
39.77100,41.08052
39.77200,41.08152
39.77300,41.08252
39.77400,41.08352
39.77500,41.08452
39.77600,41.08552
39.77700,41.08652
39.77800,41.08752
39.77900,41.08852
39.78000,41.08952
39.78100,41.09052
39.78200,41.09152
39.78300,41.09252
39.78400,41.09352
39.78500,41.09452
39.78600,41.09552
39.78700,41.09652
39.78800,41.09752
39.78900,41.09852
39.79000,41.09952
39.79100,41.10052
39.79200,41.10152
39.79300,41.10252
39.79400,41.10352
39.79500,41.10452
39.79600,41.10552
39.79700,41.10652
39.79800,41.10752
39.79900,41.10852
39.80000,41.10952
39.80100,41.11052
39.80200,41.11152
39.80300,41.11252
39.80400,41.11352
39.80500,41.11452
39.80600,41.11552
39.80700,41.11652
39.80800,41.11752
39.80900,41.11852
39.81000,41.11952
39.81100,41.12052
39.81200,41.12152
39.81300,41.12252
39.81400,41.12352
39.81500,41.12452
39.81600,41.12552
39.81700,41.12652
39.81800,41.12752
39.81900,41.12852
39.82000,41.12952
39.82100,41.13052
39.82200,41.13152
39.82300,41.13252
39.82400,41.13352
39.82500,41.13452
39.82600,41.13552
39.82700,41.13652
39.82800,41.13752
39.82900,41.13852
39.83000,41.13952
39.83100,41.14052
39.83200,41.14152
39.83300,41.14252
39.83400,41.14352
39.83500,41.14452
39.83600,41.14552
39.83700,41.14652
39.83800,41.14752
39.83900,41.14852
39.84000,41.14952
39.84100,41.15052
39.84200,41.15152
39.84300,41.15252
39.84400,41.15352
39.84500,41.15452
39.84600,41.15552
39.84700,41.15652
39.84800,41.15752
39.84900,41.15852
39.85000,41.15952
39.85100,41.16052
39.85200,41.16152
39.85300,41.16252
39.85400,41.16352
39.85500,41.16452
39.85600,41.16552
39.85700,41.16652
39.85800,41.16752
39.85900,41.16852
39.86000,41.16952
39.86100,41.17052
39.86200,41.17152
39.86300,41.17252
39.86400,41.17352
39.86500,41.17452
39.86600,41.17552
39.86700,41.17652
39.86800,41.17752
39.86900,41.17852
39.87000,41.17952
39.87100,41.18052
39.87200,41.18152
39.87300,41.18252
39.87400,41.18352
39.87500,41.18452
39.87600,41.18552
39.87700,41.18652
39.87800,41.18752
39.87900,41.18852
39.88000,41.18952
39.88100,41.19052
39.88200,41.19152
39.88300,41.19252
39.88400,41.19352
39.88500,41.19452
39.88600,41.19552
39.88700,41.19652
39.88800,41.19752
39.88900,41.19852
39.89000,41.19952
39.89100,41.20052
39.89200,41.20152
39.89300,41.20252
39.89400,41.20352
39.89500,41.20452
39.89600,41.20552
39.89700,41.20652
39.89800,41.20752
39.89900,41.20852
39.90000,41.20952
39.90100,41.21052
39.90200,41.21152
39.90300,41.21252
39.90400,41.21352
39.90500,41.21452
39.90600,41.21552
39.90700,41.21652
39.90800,41.21752
39.90900,41.21852
39.91000,41.21952
39.91100,41.22052
39.91200,41.22152
39.91300,41.22252
39.91400,41.22352
39.91500,41.22452
39.91600,41.22552
39.91700,41.22652
39.91800,41.22752
39.91900,41.22852
39.92000,41.22952
39.92100,41.23052
39.92200,41.23152
39.92300,41.23252
39.92400,41.23352
39.92500,41.23452
39.92600,41.23552
39.92700,41.23652
39.92800,41.23752
39.92900,41.23852
39.93000,41.23952
39.93100,41.24052
39.93200,41.24152
39.93300,41.24252
39.93400,41.24352
39.93500,41.24452
39.93600,41.24552
39.93700,41.24652
39.93800,41.24752
39.93900,41.24852
39.94000,41.24952
39.94100,41.25052
39.94200,41.25152
39.94300,41.25252
39.94400,41.25352
39.94500,41.25452
39.94600,41.25552
39.94700,41.25652
39.94800,41.25752
39.94900,41.25852
39.95000,41.25952
39.95100,41.26052
39.95200,41.26152
39.95300,41.26252
39.95400,41.26352
39.95500,41.26452
39.95600,41.26552
39.95700,41.26652
39.95800,41.26752
39.95900,41.26852
39.96000,41.26952
39.96100,41.27052
39.96200,41.27152
39.96300,41.27252
39.96400,41.27352
39.96500,41.27452
39.96600,41.27552
39.96700,41.27652
39.96800,41.27752
39.96900,41.27852
39.97000,41.27952
39.97100,41.28052
39.97400,41.28152
39.97500,41.28252
39.97600,41.28352
39.97700,41.28452
39.97800,41.28552
39.97900,41.28652
39.98000,41.28752
39.98100,41.28852
39.98200,41.28952
39.98300,41.29052
39.98500,41.29152
39.98600,41.29252
39.98700,41.29352
39.98800,41.29452
39.98900,41.29552
39.99000,41.29652
39.99100,41.29752
39.99200,41.29852
39.99300,41.29952
39.99500,41.30052
39.99600,41.30152
39.99700,41.30252
39.99800,41.30352
39.99900,41.30452
40.00000,41.30552
40.00100,41.30652
40.00200,41.30752
40.00300,41.30852
40.00400,41.30952
40.00500,41.31052
40.00600,41.31152
40.00700,41.31252
40.00800,41.31352
40.00900,41.31452
40.01000,41.31552
40.01100,41.31652
40.01200,41.31752
40.01300,41.31852
40.01400,41.31952
40.01500,41.32052
40.01600,41.32152
40.01700,41.32252
40.01800,41.32352
40.01900,41.32452
40.02000,41.32552
40.02100,41.32652
40.02200,41.32752
40.02300,41.32852
40.02400,41.32952
40.02500,41.33052
40.02600,41.33152
40.02700,41.33252
40.02800,41.33352
40.02900,41.33452
40.03000,41.33552
40.03100,41.33652
40.03200,41.33752
40.03300,41.33852
40.03400,41.33952
40.03500,41.34052
40.03600,41.34152
40.03700,41.34252
40.03800,41.34352
40.03900,41.34452
40.04000,41.34552
40.04100,41.34652
40.04200,41.34752
40.04300,41.34852
40.04400,41.34952
40.04500,41.35052
40.04600,41.35152
40.04700,41.35252
40.04800,41.35352
40.04900,41.35452
40.05000,41.35552
40.05100,41.35652
40.05200,41.35752
40.05300,41.35852
40.05400,41.35952
40.05500,41.36052
40.05600,41.36152
40.05700,41.36252
40.05800,41.36352
40.05900,41.36452
40.06000,41.36552
40.06100,41.36652
40.06200,41.36752
40.06300,41.36852
40.06400,41.36952
40.06500,41.37052
40.06600,41.37152
40.06700,41.37252
40.06800,41.37352
40.06900,41.37452
40.07000,41.37552
40.07100,41.37652
40.07200,41.37752
40.07300,41.37852
40.07400,41.37952
40.07500,41.38052
40.07600,41.38152
40.07700,41.38252
40.07800,41.38352
40.07900,41.38452
40.08000,41.38552
40.08100,41.38652
40.08200,41.38752
40.08300,41.38852
40.08400,41.38952
40.08500,41.39052
40.08600,41.39152
40.08700,41.39252
40.08800,41.39352
40.08900,41.39452
40.09000,41.39552
40.09100,41.39652
40.09200,41.39752
40.09300,41.39852
40.09400,41.39952
40.09500,41.40052
40.09600,41.40152
40.09700,41.40252
40.09800,41.40352
40.09900,41.40452
40.10000,41.40552
40.10100,41.40652
40.10200,41.40752
40.10300,41.40852
40.10400,41.40952
40.10500,41.41052
40.10600,41.41152
40.10700,41.41252
40.10800,41.41352
40.10900,41.41452
40.11000,41.41552
40.11100,41.41652
40.11200,41.41752
40.11300,41.41852
40.11400,41.41952
40.11500,41.42052
40.11600,41.42152
40.11700,41.42252
40.11800,41.42352
40.11900,41.42452
40.12000,41.42552
40.12300,41.42652
40.12400,41.42752
40.12500,41.42852
40.12600,41.42952
40.12700,41.43052
40.12800,41.43152
40.12900,41.43252
40.13000,41.43352
40.13100,41.43452
40.13200,41.43552
40.13300,41.43652
40.13400,41.43752
40.13500,41.43852
40.13600,41.43952
40.13700,41.44052
40.13800,41.44152
40.13900,41.44252
40.14000,41.44352
40.14100,41.44452
40.14200,41.44552
40.14300,41.44652
40.14400,41.44752
40.14500,41.44852
40.14600,41.44952
40.14700,41.45052
40.14800,41.45152
40.14900,41.45252
40.15000,41.45352
40.15100,41.45452
40.15200,41.45552
40.15300,41.45652
40.15400,41.45752
40.15500,41.45852
40.15600,41.45952
40.15700,41.46052
40.15800,41.46152
40.15900,41.46252
40.16000,41.46352
40.16100,41.46452
40.16200,41.46552
40.16300,41.46652
40.16400,41.46752
40.16500,41.46852
40.16600,41.46952
40.16700,41.47052
40.16800,41.47152
40.16900,41.47252
40.17000,41.47352
40.17100,41.47452
40.17200,41.47552
40.17300,41.47652
40.17400,41.47752
40.17500,41.47852
40.17600,41.47952
40.17700,41.48052
40.17800,41.48152
40.17900,41.48252
40.18000,41.48352
40.18100,41.48452
40.18200,41.48552
40.18300,41.48652
40.18400,41.48752
40.18500,41.48852
40.18600,41.48952
40.18700,41.49052
40.18800,41.49152
40.18900,41.49252
40.19000,41.49352
40.19100,41.49452
40.19200,41.49552
40.19300,41.49652
40.19400,41.49752
40.19500,41.49852
40.19600,41.49952
40.19700,41.50052
40.19800,41.50152
40.19900,41.50252
40.20000,41.50352
40.20100,41.50452
40.20200,41.50552
40.20300,41.50652
40.20400,41.50752
40.20500,41.50852
40.20600,41.50952
40.20700,41.51052
40.20800,41.51152
40.20900,41.51252
40.21000,41.51352
40.21100,41.51452
40.21200,41.51552
40.21300,41.51652
40.21400,41.51752
40.21500,41.51852
40.21600,41.51952
40.21700,41.52052
40.21800,41.52152
40.21900,41.52252
40.22000,41.52352
40.22100,41.52452
40.22200,41.52552
40.22300,41.52652
40.22400,41.52752
40.22500,41.52852
40.22600,41.52952
40.22700,41.53052
40.22800,41.53152
40.22900,41.53252
40.23000,41.53352
40.23100,41.53452
40.23200,41.53552
40.23300,41.53652
40.23400,41.53752
40.23500,41.53852
40.23600,41.53952
40.23700,41.54052
40.23800,41.54152
40.23900,41.54252
40.24000,41.54352
40.24100,41.54452
40.24200,41.54552
40.24300,41.54652
40.24400,41.54752
40.24500,41.54852
40.24600,41.54952
40.24700,41.55052
40.24800,41.55152
40.24900,41.55252
40.25000,41.55352
40.25100,41.55452
40.25200,41.55552
40.25300,41.55652
40.25400,41.55752
40.25500,41.55852
40.25600,41.55952
40.25700,41.56052
40.25800,41.56152
40.25900,41.56252
40.26000,41.56352
40.26100,41.56452
40.26200,41.56552
40.26300,41.56652
40.26400,41.56752
40.26500,41.56852
40.26600,41.56952
40.26700,41.57052
40.26800,41.57152
40.26900,41.57252
40.27000,41.57352
40.27100,41.57452
40.27200,41.57552
40.27300,41.57652
40.27400,41.57752
40.27500,41.57852
40.27600,41.57952
40.27700,41.58052
40.27800,41.58152
40.27900,41.58252
40.28000,41.58352
40.28100,41.58452
40.28200,41.58552
40.28300,41.58652
40.28400,41.58752
40.28500,41.58852
40.28600,41.58952
40.28700,41.59052
40.28800,41.59152
40.28900,41.59252
40.29000,41.59352
40.29100,41.59452
40.29200,41.59552
40.29300,41.59652
40.29400,41.59752
40.29500,41.59852
40.29600,41.59952
40.29700,41.60052
40.29800,41.60152
40.29900,41.60252
40.30000,41.60352
40.30100,41.60452
40.30200,41.60552
40.30300,41.60652
40.30400,41.60752
40.30500,41.60852
40.30600,41.60952
40.30700,41.61052
40.30800,41.61152
40.30900,41.61252
40.31000,41.61352
40.31100,41.61452
40.31200,41.61552
40.31300,41.61652
40.31400,41.61752
40.31500,41.61852
40.31600,41.61952
40.31700,41.62052
40.31800,41.62152
40.31900,41.62252
40.32000,41.62352
40.32100,41.62452
40.32200,41.62552
40.32300,41.62652
40.32400,41.62752
40.32500,41.62852
40.32600,41.62952
40.32700,41.63052
40.32800,41.63152
40.32900,41.63252
40.33000,41.63352
40.33100,41.63452
40.33200,41.63552
40.33300,41.63652
40.33400,41.63752
40.33500,41.63852
40.33600,41.63952
40.33700,41.64052
40.33800,41.64152
40.33900,41.64252
40.34000,41.64352
40.34100,41.64452
40.34200,41.64552
40.34300,41.64652
40.34400,41.64752
40.34500,41.64852
40.34600,41.64952
40.34700,41.65052
40.34800,41.65152
40.34900,41.65252
40.35000,41.65352
40.35100,41.65452
40.35200,41.65552
40.35300,41.65652
40.35400,41.65752
40.35500,41.65852
40.35600,41.65952
40.35700,41.66052
40.35800,41.66152
40.35900,41.66252
40.36000,41.66352
40.36100,41.66452
40.36200,41.66552
40.36300,41.66652
40.36400,41.66752
40.36500,41.66852
40.36600,41.66952
40.36700,41.67052
40.37300,41.67152
40.37400,41.67252
40.37500,41.67352
40.37600,41.67452
40.37700,41.67552
40.37800,41.67652
40.37900,41.67752
40.38000,41.67852
40.38100,41.67952
40.38200,41.68052
40.38300,41.68152
40.38400,41.68252
40.38500,41.68352
40.38600,41.68452
40.38700,41.68552
40.38800,41.68652
40.38900,41.68752
40.39000,41.68852
40.39100,41.68952
40.39200,41.69052
40.39300,41.69152
40.39400,41.69252
40.39500,41.69352
40.39600,41.69452
40.39700,41.69552
40.39800,41.69652
40.39900,41.69752
40.40000,41.69852
40.40100,41.69952
40.40200,41.70052
40.40300,41.70152
40.40400,41.70252
40.40500,41.70352
40.40600,41.70452
40.40700,41.70552
40.40800,41.70652
40.40900,41.70752
40.41000,41.70852
40.41100,41.70952
40.41200,41.71052
40.41300,41.71152
40.41400,41.71252
40.41500,41.71352
40.41600,41.71452
40.41700,41.71552
40.41800,41.71652
40.41900,41.71752
40.42000,41.71852
40.42100,41.71952
40.42200,41.72052
40.42300,41.72152
40.42400,41.72252
40.42500,41.72352
40.42600,41.72452
40.42700,41.72552
40.42800,41.72652
40.42900,41.72752
40.43000,41.72852
40.43100,41.72952
40.43200,41.73052
40.43300,41.73152
40.43400,41.73252
40.43500,41.73352
40.43600,41.73452
40.43700,41.73552
40.43800,41.73652
40.43900,41.73752
40.44000,41.73852
40.44100,41.73952
40.44200,41.74052
40.44300,41.74152
40.44400,41.74252
40.44500,41.74352
40.44600,41.74452
40.44700,41.74552
40.44800,41.74652
40.44900,41.74752
40.45000,41.74852
40.45100,41.74952
40.45200,41.75052
40.45300,41.75152
40.45400,41.75252
40.45500,41.75352
40.45600,41.75452
40.45700,41.75552
40.45800,41.75652
40.45900,41.75752
40.46000,41.75852
40.46100,41.75952
40.46200,41.76052
40.46300,41.76152
40.46400,41.76252
40.46500,41.76352
40.46600,41.76452
40.46700,41.76552
40.46800,41.76652
40.46900,41.76752
40.47000,41.76852
40.47100,41.76952
40.47200,41.77052
40.47300,41.77152
40.47400,41.77252
40.47500,41.77352
40.47600,41.77452
40.47700,41.77552
40.47800,41.77652
40.47900,41.77752
40.48000,41.77852
40.48100,41.77952
40.48200,41.78052
40.48300,41.78152
40.48400,41.78252
40.48500,41.78352
40.48600,41.78452
40.48700,41.78552
40.48800,41.78652
40.48900,41.78752
40.49000,41.78852
40.49100,41.78952
40.49200,41.79052
40.49300,41.79152
40.49400,41.79252
40.49500,41.79352
40.49600,41.79452
40.49700,41.79552
40.49800,41.79652
40.49900,41.79752
40.50000,41.79852
40.50100,41.79952
40.50200,41.80052
40.50300,41.80152
40.50400,41.80252
40.50500,41.80352
40.50600,41.80452
40.50700,41.80552
40.50800,41.80652
40.50900,41.80752
40.51000,41.80852
40.51100,41.81052
40.51200,41.81152
40.51300,41.81252
40.51400,41.81352
40.51500,41.81452
40.51600,41.81552
40.51700,41.81652
40.51800,41.81752
40.51900,41.81852
40.52000,41.81952
40.52100,41.82052
40.52200,41.82152
40.52300,41.82252
40.52400,41.82352
40.52500,41.82452
40.52600,41.82552
40.52700,41.82652
40.52800,41.82752
40.52900,41.82852
40.53000,41.82952
40.53100,41.83052
40.53200,41.83152
40.53300,41.83252
40.53400,41.83352
40.53500,41.83452
40.53600,41.83552
40.53700,41.83652
40.53800,41.83752
40.53900,41.83852
40.54000,41.83952
40.54100,41.84052
40.54200,41.84152
40.54300,41.84252
40.54400,41.84352
40.54500,41.84452
40.54600,41.84552
40.54700,41.84652
40.54800,41.84752
40.54900,41.84852
40.55000,41.84952
40.55100,41.85052
40.55200,41.85152
40.55300,41.85252
40.55400,41.85352
40.55500,41.85452
40.55600,41.85552
40.55700,41.85652
40.55800,41.85752
40.55900,41.85852
40.56000,41.85952
40.56100,41.86052
40.56200,41.86152
40.56300,41.86252
40.56400,41.86352
40.56500,41.86452
40.56600,41.86552
40.56700,41.86652
40.56800,41.86752
40.56900,41.86852
40.57000,41.86952
40.57100,41.87052
40.57200,41.87152
40.57300,41.87252
40.57400,41.87352
40.57500,41.87452
40.57600,41.87552
40.57700,41.87652
40.57800,41.87752
40.57900,41.87852
40.58000,41.87952
40.58100,41.88052
40.58200,41.88152
40.58300,41.88252
40.58400,41.88352
40.58500,41.90552
40.58600,41.90652
40.58700,41.90752
40.58800,41.90852
40.58900,41.90952
40.59000,41.91052
40.59100,41.91152
40.59200,41.91252
40.59300,41.91352
40.59400,41.91852
40.59500,41.91952
40.59600,41.92052
40.59700,41.92152
40.59800,41.92252
40.59900,41.92352
40.60000,41.92452
40.60100,41.92552
40.60200,41.92652
40.60300,41.92752
40.60400,41.92852
40.60500,41.92952
40.60600,41.93052
40.60700,41.93152
40.60800,41.93252
40.60900,41.93352
40.61000,41.93452
40.61100,41.93552
40.61200,41.93652
40.61300,41.93752
40.61400,41.93852
40.61500,41.93952
40.61600,41.94652
40.61700,41.94752
40.61800,41.94852
40.61900,41.94952
40.62000,41.95052
40.62100,41.95152
40.62200,41.95252
40.62300,41.95352
40.62400,41.95452
40.62500,41.95552
40.62600,41.95652
40.62700,41.95752
40.62800,41.95852
40.62900,41.95952
40.63000,41.96052
40.63100,41.96152
40.63200,41.96252
40.63300,41.96352
40.63400,41.96452
40.63500,41.96552
40.63600,41.96652
40.63700,41.96752
40.63800,41.96852
40.63900,41.96952
40.64000,41.97052
40.64100,41.97152
40.64200,41.97252
40.64300,41.97352
40.64400,41.97452
40.64500,41.97552
40.64600,41.97652
40.64700,41.97752
40.64800,41.97852
40.64900,41.97952
40.65000,41.98052
40.65100,41.98152
40.65200,41.98252
40.65300,41.98352
40.65400,41.98452
40.65500,41.98552
40.65600,41.98652
40.65700,41.98752
40.65800,41.98852
40.65900,41.98952
40.66000,41.99052
40.66100,41.99152
40.66200,41.99252
40.66300,41.99352
40.66400,41.99452
40.66500,41.99552
40.66600,41.99652
40.66700,41.99752
40.66800,41.99852
40.66900,41.99952
40.67000,42.00052
40.67100,42.00152
40.67200,42.00252
40.67300,42.00352
40.67400,42.00452
40.67500,42.00552
40.67600,42.00652
40.67700,42.00752
40.67800,42.00852
40.67900,42.00952
40.68000,42.01052
40.68100,42.01152
40.68200,42.01252
40.68300,42.01352
40.68400,42.01452
40.68500,42.01552
40.68600,42.01652
40.68700,42.01752
40.68800,42.01852
40.68900,42.01952
40.69000,42.02052
40.69100,42.02152
40.69200,42.02252
40.69300,42.02352
40.69400,42.02452
40.69500,42.02552
40.69600,42.02652
40.69700,42.02752
40.69800,42.02852
40.69900,42.02952
40.70000,42.03052
40.70100,42.03152
40.70200,42.03252
40.70300,42.03352
40.70400,42.03452
40.70500,42.03552
40.70600,42.03652
40.70700,42.03752
40.70800,42.03852
40.70900,42.03952
40.71000,42.04052
40.71100,42.04152
40.71200,42.04252
40.71300,42.04352
40.71400,42.04452
40.71500,42.04552
40.71600,42.04652
40.71700,42.04752
40.71800,42.04852
40.71900,42.04952
40.72000,42.05052
40.72100,42.05152
40.72200,42.05252
40.72300,42.05352
40.72400,42.05452
40.72500,42.05552
40.72600,42.05652
40.72700,42.05752
40.72800,42.05852
40.72900,42.05952
40.73000,42.06052
40.73100,42.06152
40.73200,42.06252
40.73300,42.06352
40.73400,42.06652
40.73500,42.06752
40.73600,42.06852
40.73700,42.06952
40.73800,42.07052
40.73900,42.07152
40.74000,42.07252
40.74100,42.07352
40.74200,42.07452
40.74300,42.07552
40.74400,42.07652
40.74500,42.07752
40.74600,42.07852
40.74700,42.07952
40.74800,42.08052
40.74900,42.08152
40.75000,42.08252
40.75100,42.08352
40.75200,42.08452
40.75300,42.08552
40.75400,42.08652
40.75500,42.08752
40.75600,42.08852
40.75700,42.08952
40.75800,42.09052
40.75900,42.09152
40.76000,42.09652
40.76100,42.09752
40.76200,42.09852
40.76300,42.09952
40.76400,42.10052
40.76500,42.10152
40.76600,42.10252
40.76700,42.10352
40.76800,42.10452
40.76900,42.10552
40.77000,42.10652
40.77100,42.10752
40.77200,42.10852
40.77300,42.10952
40.77400,42.11052
40.77500,42.11152
40.77600,42.11252
40.77700,42.11352
40.77800,42.11452
40.77900,42.11552
40.78000,42.11652
40.78100,42.11752
40.78200,42.11852
40.78300,42.11952
40.78400,42.12052
40.78500,42.12152
40.78600,42.12252
40.78700,42.12352
40.78800,42.12452
40.78900,42.12552
40.79000,42.12652
40.79100,42.12752
40.79200,42.12852
40.79300,42.12952
40.79400,42.13052
40.79500,42.13152
40.79600,42.13252
40.79700,42.13352
40.79800,42.13452
40.79900,42.13552
40.80000,42.13652
40.80100,42.13752
40.80200,42.13852
40.80300,42.13952
40.80400,42.14052
40.80500,42.14152
40.80600,42.14252
40.80700,42.14352
40.80800,42.14452
40.80900,42.14552
40.81000,42.14652
40.81100,42.14752
40.81200,42.14852
40.81300,42.14952
40.81400,42.15052
40.81500,42.15152
40.81600,42.15252
40.81700,42.15352
40.81800,42.15452
40.81900,42.15552
40.82000,42.15652
40.82100,42.15752
40.82200,42.15852
40.82300,42.15952
40.82400,42.16052
40.82500,42.16152
40.82600,42.16252
40.82700,42.17752
40.82800,42.18152
40.82900,42.18252
40.83000,42.18352
40.83100,42.18452
40.83200,42.18552
40.83300,42.18652
40.83400,42.18752
40.83500,42.18852
40.83600,42.18952
40.83700,42.19052
40.83800,42.19152
40.83900,42.19252
40.84000,42.19352
40.84100,42.19452
40.84200,42.19552
40.84300,42.19652
40.84400,42.19752
40.84500,42.19852
40.84600,42.19952
40.84700,42.20052
40.84800,42.20152
40.84900,42.20252
40.85000,42.20352
40.85100,42.20452
40.85200,42.20552
40.85300,42.20652
40.85400,42.20752
40.85500,42.20852
40.85600,42.20952
40.85700,42.21052
40.85800,42.21152
40.85900,42.21252
40.86000,42.21352
40.86100,42.21452
40.86200,42.21552
40.86300,42.21652
40.86400,42.21752
40.86500,42.21852
40.86600,42.21952
40.86700,42.22052
40.86800,42.22152
40.86900,42.22252
40.87000,42.22352
40.87100,42.22452
40.87200,42.22552
40.87300,42.22652
40.87400,42.22752
40.87500,42.22852
40.87600,42.22952
40.87700,42.23052
40.87800,42.23152
40.87900,42.23252
40.88000,42.23352
40.88100,42.23452
40.88200,42.23552
40.88300,42.23652
40.88400,42.23752
40.88500,42.23852
40.88600,42.23952
40.88700,42.24052
40.88800,42.24152
40.88900,42.24252
40.89000,42.24352
40.89100,42.24452
40.89200,42.24552
40.89300,42.24652
40.89400,42.24752
40.89500,42.24852
40.89600,42.24952
40.89700,42.25052
40.89800,42.25152
40.89900,42.25252
40.90000,42.25352
40.90100,42.25452
40.90200,42.25552
40.90300,42.25652
40.90400,42.25752
40.90500,42.25852
40.90600,42.25952
40.90700,42.26052
40.90800,42.26152
40.90900,42.26252
40.91000,42.26352
40.91100,42.26452
40.91200,42.26552
40.91300,42.26652
40.91400,42.26752
40.91500,42.26852
40.91600,42.26952
40.91700,42.27052
40.91800,42.27152
40.91900,42.27252
40.92100,42.27352
40.92600,42.27452
40.95300,42.27552
40.95400,42.27652
40.95500,42.27752
40.95600,42.27852
40.95700,42.27952
40.95800,42.28052
40.95900,42.28152
40.96000,42.28252
40.96100,42.28352
40.96200,42.28452
40.96300,42.28552
40.96400,42.28652
40.96500,42.28752
40.96600,42.28852
40.96700,42.28952
40.96800,42.29052
40.96900,42.29152
40.97000,42.29252
40.97100,42.29352
40.97200,42.29452
40.97300,42.29552
40.97400,42.29652
40.97500,42.29752
40.97600,42.29852
40.97700,42.29952
40.97800,42.30052
40.97900,42.30152
40.98000,42.30252
40.98100,42.30352
40.98200,42.30452
40.98300,42.30552
40.98400,42.30652
40.98500,42.30752
40.98600,42.30852
40.98700,42.30952
40.98800,42.31052
40.98900,42.31152
40.99000,42.31252
40.99100,42.31352
40.99200,42.31452
40.99300,42.31552
40.99400,42.31652
40.99500,42.31752
40.99600,42.31852
40.99700,42.31952
40.99800,42.32052
40.99900,42.32152
41.00000,42.32252
41.00100,42.32352
41.00200,42.32452
41.00300,42.32552
41.00400,42.32652
41.00500,42.32752
41.00600,42.32852
41.00700,42.32952
41.00800,42.33052
41.00900,42.33152
41.01000,42.33252
41.01100,42.33352
41.01200,42.33452
41.01300,42.33552
41.01400,42.33652
41.01500,42.33752
41.01600,42.33852
41.01700,42.33952
41.01800,42.34052
41.01900,42.34152
41.02000,42.34252
41.02100,42.34352
41.02200,42.34452
41.02300,42.34552
41.02400,42.34652
41.02500,42.34752
41.02600,42.34852
41.02700,42.34952
41.02800,42.35052
41.02900,42.35152
41.03000,42.35252
41.03100,42.35352
41.03200,42.35452
41.03300,42.35552
41.03400,42.35652
41.03500,42.35752
41.03600,42.35852
41.03700,42.35952
41.03800,42.36052
41.03900,42.36152
41.04000,42.36252
41.04100,42.36352
41.04200,42.36452
41.04300,42.36552
41.04400,42.36652
41.04500,42.36752
41.04600,42.36852
41.04700,42.36952
41.04800,42.37052
41.04900,42.37252
41.05000,42.37352
41.05100,42.37452
41.05200,42.37552
41.05300,42.37652
41.05400,42.37752
41.05500,42.37852
41.05600,42.37952
41.05700,42.38052
41.05800,42.38152
41.05900,42.38252
41.06000,42.38352
41.06100,42.38452
41.06200,42.38552
41.06300,42.38652
41.06400,42.38752
41.06500,42.38852
41.06600,42.39152
41.06700,42.39252
41.06800,42.39352
41.06900,42.39452
41.07000,42.39552
41.07100,42.39652
41.07200,42.39852
41.07300,42.39952
41.07400,42.40052
41.07500,42.40152
41.07600,42.40252
41.07700,42.40352
41.07800,42.40452
41.07900,42.40552
41.08000,42.40652
41.08100,42.40752
41.08200,42.40852
41.08300,42.40952
41.08400,42.41052
41.08500,42.41152
41.08600,42.41252
41.08700,42.41352
41.08800,42.41452
41.08900,42.41552
41.09000,42.41652
41.09100,42.41752
41.09200,42.41852
41.09300,42.41952
41.09400,42.42052
41.09500,42.42152
41.09600,42.42252
41.09700,42.42352
41.09800,42.42452
41.09900,42.42552
41.10000,42.42652
41.10100,42.42752
41.10200,42.42852
41.10300,42.42952
41.10400,42.43052
41.10500,42.43152
41.10600,42.43252
41.10700,42.43352
41.10800,42.43452
41.10900,42.43552
41.11000,42.43652
41.11100,42.43752
41.11200,42.43852
41.11300,42.43952
41.11400,42.44052
41.11500,42.44152
41.11600,42.44252
41.11700,42.44352
41.11800,42.44452
41.11900,42.44552
41.12000,42.44652
41.12100,42.44752
41.12200,42.44852
41.12300,42.44952
41.12400,42.45052
41.12500,42.45152
41.12600,42.45252
41.12700,42.45352
41.12800,42.45452
41.12900,42.45552
41.13000,42.45652
41.13100,42.45752
41.13200,42.45852
41.13300,42.45952
41.13400,42.46052
41.13500,42.46152
41.13600,42.46252
41.13700,42.46352
41.13800,42.46452
41.13900,42.46552
41.14000,42.46652
41.14100,42.46752
41.14200,42.46852
41.14300,42.46952
41.14400,42.47052
41.14500,42.47152
41.14600,42.47252
41.14700,42.47352
41.14800,42.47452
41.14900,42.47552
41.15000,42.47652
41.15100,42.47752
41.15200,42.47852
41.15300,42.47952
41.15400,42.48052
41.15500,42.48152
41.15600,42.48252
41.15700,42.48352
41.15800,42.48452
41.15900,42.48552
41.16000,42.48652
41.16100,42.48752
41.16200,42.48852
41.16300,42.48952
41.16400,42.49052
41.16500,42.49152
41.16600,42.49252
41.16700,42.49352
41.16800,42.49452
41.16900,42.49552
41.17000,42.49652
41.17100,42.49752
41.17200,42.49852
41.17300,42.49952
41.17400,42.50052
41.17500,42.50152
41.17600,42.50252
41.17700,42.50352
41.17800,42.50452
41.17900,42.50552
41.18000,42.50652
41.19300,42.50752
41.19400,42.50852
41.19500,42.50952
41.19600,42.51052
41.19700,42.51152
41.19800,42.51252
41.19900,42.51352
41.20000,42.51452
41.20100,42.51552
41.20200,42.51652
41.20300,42.51752
41.20400,42.51852
41.20500,42.51952
41.20600,42.52052
41.20700,42.52152
41.20800,42.52252
41.20900,42.52352
41.21000,42.52452
41.21100,42.52552
41.21200,42.52652
41.21300,42.52752
41.21400,42.52852
41.21500,42.52952
41.21600,42.53052
41.21700,42.53152
41.21800,42.53252
41.21900,42.53352
41.22000,42.53452
41.22100,42.53552
41.22200,42.53652
41.22300,42.53752
41.22400,42.53852
41.22500,42.53952
41.22600,42.54052
41.22700,42.54152
41.22800,42.54252
41.22900,42.54352
41.23000,42.54452
41.23100,42.54552
41.23200,42.54652
41.23300,42.54752
41.23400,42.54852
41.23500,42.54952
41.23600,42.55052
41.23700,42.55152
41.23800,42.55252
41.23900,42.55352
41.24000,42.55452
41.24100,42.55552
41.24200,42.55652
41.24300,42.55752
41.24400,42.55852
41.24500,42.55952
41.24600,42.56052
41.24700,42.56152
41.24800,42.56252
41.24900,42.56352
41.25000,42.56452
41.25100,42.56552
41.25200,42.56652
41.25300,42.56752
41.25400,42.56852
41.25500,42.56952
41.25600,42.57052
41.25700,42.57152
41.25800,42.57252
41.25900,42.57352
41.26000,42.57452
41.26100,42.57552
41.26200,42.57652
41.26300,42.57752
41.26400,42.57852
41.26500,42.57952
41.26600,42.58052
41.26700,42.58152
41.26800,42.58252
41.26900,42.58352
41.27000,42.58452
41.27100,42.58552
41.27200,42.58652
41.27300,42.58752
41.27400,42.58852
41.27500,42.58952
41.27600,42.59052
41.27700,42.59152
41.27800,42.59252
41.27900,42.59352
41.28000,42.59452
41.28100,42.59552
41.28200,42.59652
41.28300,42.59752
41.28400,42.59852
41.28500,42.59952
41.28600,42.60052
41.28700,42.60152
41.28800,42.60252
41.28900,42.60352
41.29000,42.60452
41.29100,42.60552
41.29200,42.60652
41.29300,42.60752
41.29400,42.60852
41.29500,42.60952
41.29600,42.61052
41.29700,42.61152
41.29800,42.61252
41.29900,42.61352
41.30000,42.61452
41.30100,42.61552
41.30200,42.61652
41.30300,42.61752
41.30400,42.61852
41.30500,42.61952
41.30600,42.62052
41.30700,42.62152
41.30800,42.62252
41.30900,42.62352
41.31000,42.62452
41.31100,42.62552
41.31200,42.62652
41.31300,42.62752
41.31400,42.62852
41.31500,42.62952
41.31600,42.63052
41.31700,42.63152
41.31800,42.63252
41.31900,42.63352
41.32000,42.63452
41.32100,42.63552
41.32200,42.63652
41.32300,42.63752
41.32400,42.63852
41.32500,42.63952
41.32600,42.64052
41.32700,42.64152
41.32800,42.64252
41.32900,42.64352
41.33000,42.64452
41.33100,42.64552
41.33200,42.64652
41.33300,42.64752
41.33400,42.64852
41.33500,42.64952
41.33600,42.65052
41.33700,42.65152
41.33800,42.65252
41.33900,42.65352
41.34000,42.65452
41.34100,42.65552
41.34200,42.65652
41.34300,42.65752
41.34400,42.65852
41.34500,42.65952
41.34600,42.66052
41.34700,42.66152
41.34800,42.66252
41.34900,42.66352
41.35000,42.66452
41.35100,42.66852
41.35200,42.66952
41.35300,42.67052
41.35400,42.67152
41.35500,42.67252
41.35600,42.67352
41.35700,42.67452
41.35800,42.67552
41.35900,42.67652
41.36000,42.67752
41.36100,42.68352
41.36200,42.68452
41.36300,42.68752
41.36400,42.68852
41.36500,42.68952
41.36600,42.69052
41.36700,42.69152
41.36800,42.69252
41.36900,42.69352
41.37000,42.69452
41.37100,42.69552
41.37200,42.69652
41.37300,42.69752
41.37400,42.69852
41.37500,42.69952
41.37600,42.70052
41.37700,42.70152
41.37800,42.70252
41.37900,42.70952
41.38000,42.71052
41.38100,42.71152
41.38200,42.71252
41.38300,42.71352
41.38400,42.71452
41.38500,42.71552
41.38600,42.71652
41.38700,42.71752
41.38800,42.71852
41.38900,42.71952
41.39000,42.72052
41.39100,42.72152
41.39200,42.72252
41.39300,42.72352
41.39400,42.72452
41.39500,42.72552
41.39600,42.72652
41.39700,42.72752
41.39800,42.72852
41.39900,42.72952
41.40000,42.73052
41.40100,42.73152
41.40200,42.73252
41.40300,42.73352
41.40400,42.73452
41.40500,42.73552
41.40600,42.73652
41.40700,42.73752
41.40800,42.73852
41.40900,42.73952
41.41000,42.74052
41.41100,42.74152
41.41200,42.74252
41.41300,42.74352
41.41400,42.74452
41.41500,42.74552
41.41600,42.74652
41.41700,42.74752
41.41800,42.74852
41.41900,42.74952
41.42000,42.75052
41.42100,42.75152
41.42200,42.75252
41.42300,42.75352
41.42400,42.75452
41.42500,42.75552
41.42600,42.75652
41.42700,42.75752
41.42800,42.75852
41.42900,42.75952
41.43000,42.76052
41.43100,42.76152
41.43200,42.76252
41.43300,42.76352
41.43400,42.76452
41.43500,42.76552
41.43600,42.76652
41.43700,42.76752
41.43800,42.76852
41.43900,42.76952
41.44000,42.77052
41.44100,42.77152
41.44200,42.77252
41.44300,42.77352
41.44400,42.77452
41.44500,42.77552
41.44600,42.77652
41.44700,42.77752
41.44800,42.77852
41.44900,42.77952
41.45000,42.78052
41.45100,42.78152
41.45200,42.78252
41.45300,42.78352
41.45400,42.78452
41.45500,42.78552
41.45600,42.78652
41.45700,42.78752
41.45800,42.78852
41.45900,42.78952
41.46000,42.79052
41.46100,42.79152
41.46200,42.79252
41.46300,42.79352
41.46400,42.79452
41.46500,42.79552
41.46600,42.79652
41.46700,42.79752
41.46800,42.79852
41.46900,42.79952
41.47000,42.80052
41.47100,42.80152
41.47200,42.80252
41.47300,42.80352
41.47400,42.80452
41.47500,42.80552
41.47600,42.80652
41.47700,42.80752
41.47800,42.80852
41.47900,42.80952
41.48000,42.81052
41.48100,42.81152
41.48200,42.81252
41.48300,42.81352
41.48400,42.81452
41.48500,42.81552
41.48600,42.81652
41.48700,42.81752
41.48800,42.81852
41.48900,42.81952
41.49000,42.82052
41.49100,42.82152
41.49200,42.82252
41.49300,42.82352
41.49400,42.82452
41.49500,42.82552
41.49600,42.82652
41.49700,42.82752
41.49800,42.82852
41.49900,42.82952
41.50000,42.83052
41.50100,42.83152
41.50200,42.83252
41.50300,42.83352
41.50400,42.83452
41.50500,42.83552
41.50600,42.83652
41.50700,42.83752
41.50800,42.83852
41.50900,42.83952
41.51000,42.84052
41.51100,42.84152
41.51200,42.84252
41.51300,42.84352
41.51400,42.84452
41.51500,42.84552
41.51600,42.84652
41.51700,42.84752
41.51800,42.84852
41.51900,42.84952
41.52000,42.85052
41.52100,42.85152
41.52200,42.85252
41.52300,42.85352
41.52400,42.85452
41.52500,42.85552
41.52600,42.85652
41.52700,42.85752
41.52800,42.85852
41.52900,42.85952
41.53000,42.86052
41.53100,42.86152
41.53200,42.86252
41.53300,42.86352
41.53400,42.86452
41.53500,42.86552
41.53600,42.86652
41.53700,42.86752
41.53800,42.86852
41.53900,42.86952
41.54000,42.87052
41.54100,42.87152
41.54200,42.87252
41.54300,42.87352
41.54400,42.87452
41.54500,42.87552
41.54600,42.87652
41.54700,42.87752
41.54800,42.87852
41.54900,42.87952
41.55000,42.88052
41.55100,42.88152
41.55200,42.88252
41.55300,42.88352
41.55400,42.88452
41.55500,42.88552
41.55600,42.88652
41.55700,42.88752
41.55800,42.88852
41.55900,42.88952
41.56000,42.89052
41.56600,42.89152
41.56700,42.89252
41.56800,42.89352
41.56900,42.89452
41.57000,42.89552
41.57100,42.89652
41.57200,42.89752
41.57300,42.89852
41.57400,42.89952
41.57500,42.90052
41.57600,42.90152
41.57700,42.90252
41.57800,42.90352
41.57900,42.90452
41.58000,42.90552
41.58100,42.90652
41.58200,42.90752
41.58300,42.90852
41.58400,42.90952
41.58500,42.91052
41.58600,42.91152
41.58700,42.91252
41.58800,42.91352
41.58900,42.91452
41.59000,42.91552
41.59100,42.91652
41.59200,42.91752
41.59300,42.91852
41.59400,42.91952
41.59500,42.92052
41.59600,42.92152
41.59700,42.92252
41.59800,42.92352
41.59900,42.92452
41.60000,42.92552
41.60100,42.92652
41.60200,42.92752
41.60300,42.92852
41.60400,42.92952
41.60500,42.93052
41.60600,42.93152
41.60700,42.93252
41.60800,42.93352
41.60900,42.93452
41.61000,42.93552
41.61100,42.93652
41.61200,42.93752
41.61300,42.93852
41.61400,42.93952
41.61500,42.94052
41.61600,42.94152
41.61700,42.94252
41.61800,42.94352
41.61900,42.94452
41.62000,42.94552
41.62100,42.94652
41.62200,42.94752
41.62300,42.94852
41.62400,42.94952
41.62500,42.95052
41.62600,42.95152
41.62700,42.95252
41.62800,42.95352
41.62900,42.95452
41.63000,42.95552
41.63100,42.95652
41.63200,42.95752
41.63300,42.95852
41.63400,42.95952
41.63500,42.96052
41.63600,42.96152
41.63700,42.96252
41.63800,42.96352
41.63900,42.96452
41.64000,42.96552
41.64100,42.96652
41.64200,42.96752
41.64300,42.96852
41.64400,42.96952
41.64500,42.97052
41.64600,42.97152
41.64700,42.97252
41.64800,42.97352
41.64900,42.97452
41.65000,42.97552
41.65100,42.97652
41.65200,42.97752
41.65300,42.97852
41.65400,42.97952
41.65500,42.98052
41.65600,42.98152
41.65700,42.98252
41.65800,42.98352
41.65900,42.98452
41.66000,42.98552
41.66100,42.98652
41.66200,42.98752
41.66300,42.98852
41.66400,42.98952
41.66500,42.99052
41.66600,42.99152
41.66700,42.99252
41.66800,42.99352
41.66900,42.99452
41.67000,42.99552
41.67100,42.99652
41.67200,42.99752
41.67300,42.99852
41.67400,42.99952
41.67500,43.00052
41.67600,43.00152
41.67700,43.00252
41.67800,43.00352
41.67900,43.00452
41.68000,43.00552
41.68100,43.00652
41.68200,43.00752
41.68300,43.00852
41.68400,43.00952
41.68500,43.01052
41.68600,43.01152
41.68700,43.01252
41.68800,43.01352
41.68900,43.01452
41.69000,43.01552
41.69100,43.01652
41.69200,43.01752
41.69300,43.01852
41.69400,43.01952
41.69500,43.02052
41.69600,43.02152
41.69700,43.02252
41.69800,43.02352
41.69900,43.02452
41.70000,43.02552
41.70100,43.02652
41.70200,43.02752
41.70300,43.02852
41.70400,43.02952
41.70500,43.03052
41.70600,43.03152
41.70700,43.03252
41.70800,43.03352
41.70900,43.03452
41.71000,43.03552
41.71100,43.03652
41.71200,43.03752
41.71300,43.03852
41.71400,43.03952
41.71500,43.04052
41.71600,43.04152
41.71700,43.04252
41.71800,43.04352
41.71900,43.04452
41.72000,43.04552
41.72100,43.04652
41.72200,43.04752
41.72300,43.04852
41.72400,43.04952
41.72500,43.05052
41.72600,43.05152
41.72700,43.05252
41.72800,43.05352
41.72900,43.05452
41.73000,43.05552
41.73100,43.05652
41.73200,43.05752
41.73300,43.05852
41.73400,43.05952
41.73500,43.06052
41.73600,43.06152
41.73700,43.06252
41.73800,43.06352
41.73900,43.06452
41.74000,43.06552
41.74100,43.06652
41.74200,43.06752
41.74300,43.06852
41.74400,43.06952
41.74500,43.07152
41.74600,43.07252
41.74700,43.07352
41.74800,43.07452
41.74900,43.07552
41.75000,43.07652
41.75100,43.07752
41.75200,43.07852
41.75300,43.07952
41.75400,43.08052
41.75500,43.08152
41.75600,43.08252
41.75700,43.08352
41.75800,43.08452
41.75900,43.08552
41.76000,43.08652
41.76100,43.08752
41.76200,43.08852
41.76300,43.08952
41.76400,43.09052
41.76500,43.09152
41.76600,43.09252
41.76700,43.09352
41.76800,43.09452
41.76900,43.09552
41.77000,43.09652
41.77100,43.09752
41.77200,43.09852
41.77300,43.09952
41.77400,43.10052
41.77500,43.10152
41.77600,43.10252
41.77700,43.10352
41.77800,43.10452
41.77900,43.10552
41.78000,43.10652
41.78100,43.10752
41.78200,43.10852
41.78300,43.10952
41.78400,43.11052
41.78500,43.11152
41.78600,43.11252
41.78700,43.11352
41.78800,43.11452
41.78900,43.11552
41.79000,43.11652
41.79100,43.11752
41.79200,43.11852
41.79300,43.11952
41.79400,43.12052
41.79500,43.12152
41.79600,43.12252
41.79700,43.12352
41.79800,43.12452
41.79900,43.12552
41.80000,43.12652
41.80100,43.12752
41.80200,43.12852
41.80300,43.12952
41.80400,43.13052
41.80500,43.13152
41.80600,43.13252
41.80700,43.13352
41.80800,43.13452
41.80900,43.13552
41.81000,43.13652
41.81100,43.13752
41.81200,43.13852
41.81300,43.13952
41.81400,43.14052
41.81500,43.14152
41.81600,43.14252
41.81700,43.14352
41.81800,43.14452
41.81900,43.14552
41.82000,43.14652
41.82100,43.14752
41.82200,43.14852
41.82300,43.14952
41.82400,43.15052
41.82500,43.15152
41.82600,43.15252
41.82700,43.15352
41.82800,43.15452
41.82900,43.15552
41.83000,43.15652
41.83100,43.15752
41.83200,43.15852
41.83300,43.15952
41.83400,43.16052
41.83500,43.16152
41.83600,43.16252
41.83700,43.16352
41.83800,43.16452
41.83900,43.16552
41.84000,43.16652
41.84100,43.16752
41.84200,43.16852
41.84300,43.16952
41.84400,43.17052
41.84500,43.17152
41.84600,43.17252
41.84700,43.17352
41.84800,43.17452
41.84900,43.17552
41.85000,43.17652
41.85100,43.17752
41.85200,43.17852
41.85300,43.17952
41.85400,43.18252
41.85500,43.18852
41.85600,43.18952
41.85700,43.19052
41.85800,43.19152
41.85900,43.19252
41.86000,43.19352
41.86100,43.19452
41.86200,43.19552
41.86300,43.19652
41.86400,43.19752
41.86500,43.20052
41.86600,43.20152
41.86700,43.20252
41.86800,43.20352
41.86900,43.20452
41.87000,43.20552
41.87100,43.20652
41.87200,43.20752
41.87300,43.20852
41.87400,43.20952
41.87500,43.21052
41.87600,43.21152
41.87700,43.21252
41.87800,43.21352
41.87900,43.21452
41.88000,43.21552
41.88100,43.21652
41.88200,43.21752
41.88300,43.21852
41.88400,43.21952
41.88500,43.22052
41.88600,43.22152
41.88700,43.22252
41.88800,43.22352
41.88900,43.22452
41.89000,43.22552
41.89100,43.22652
41.89200,43.22752
41.89300,43.22852
41.89400,43.22952
41.89500,43.23052
41.89600,43.23152
41.89700,43.23252
41.89800,43.23352
41.89900,43.23452
41.90000,43.23552
41.90100,43.23652
41.90200,43.23752
41.90300,43.23852
41.90400,43.23952
41.90500,43.24052
41.90600,43.24152
41.90700,43.24252
41.90800,43.24352
41.90900,43.24452
41.91000,43.24552
41.91100,43.24652
41.91200,43.24752
41.91300,43.24852
41.91400,43.24952
41.91500,43.25052
41.91600,43.25152
41.91700,43.25252
41.91800,43.25352
41.91900,43.25452
41.92000,43.25552
41.92100,43.25652
41.92200,43.25752
41.92300,43.25852
41.92400,43.25952
41.92500,43.26052
41.92600,43.26152
41.92700,43.26252
41.92800,43.26352
41.92900,43.26452
41.93000,43.26552
41.93100,43.26652
41.93200,43.26752
41.93300,43.26852
41.93400,43.26952
41.93500,43.27052
41.93600,43.27152
41.93700,43.27252
41.93800,43.27352
41.93900,43.27452
41.94000,43.27552
41.94100,43.27652
41.94200,43.27752
41.94300,43.27852
41.94400,43.27952
41.94500,43.28052
41.94600,43.28152
41.94700,43.28252
41.94800,43.28352
41.94900,43.28452
41.95000,43.28552
41.95100,43.28652
41.95200,43.28752
41.95300,43.28852
41.95400,43.28952
41.95500,43.29052
41.95600,43.29152
41.95700,43.29252
41.95800,43.29352
41.95900,43.29452
41.96000,43.29552
41.96100,43.29652
41.96200,43.29752
41.96300,43.29852
41.96400,43.29952
41.96500,43.30052
41.96600,43.30152
41.96700,43.30252
41.96800,43.30352
41.96900,43.30552
41.97000,43.30652
41.97100,43.30752
41.97200,43.30852
41.97300,43.30952
41.97400,43.31052
41.97500,43.31152
41.97600,43.31252
41.97700,43.31352
41.97800,43.31452
41.97900,43.31652
41.98000,43.31752
41.98100,43.31952
41.98200,43.32052
41.98300,43.32252
41.98400,43.32352
41.98500,43.32452
41.98600,43.32552
41.98700,43.32652
41.98800,43.32752
41.98900,43.32852
41.99000,43.32952
41.99100,43.33052
41.99200,43.33152
41.99300,43.33252
41.99400,43.33352
41.99500,43.34252
41.99600,43.34352
41.99700,43.34552
41.99800,43.34652
41.99900,43.34752
42.00000,43.34852
42.00100,43.34952
42.00200,43.35052
42.00300,43.35152
42.00400,43.35252
42.00500,43.35352
42.00600,43.35452
42.00700,43.35552
42.01200,43.35652
42.01300,43.35752
42.01400,43.35852
42.01500,43.35952
42.01600,43.36052
42.01700,43.36152
42.01800,43.36252
42.01900,43.36352
42.02000,43.36452
42.02100,43.36552
42.02200,43.36652
42.02300,43.36752
42.02400,43.36852
42.02500,43.36952
42.02600,43.37052
42.02700,43.37152
42.02800,43.37252
42.02900,43.37352
42.03000,43.37452
42.03100,43.37552
42.03200,43.37652
42.03300,43.37752
42.03400,43.37852
42.03500,43.37952
42.03600,43.38052
42.03700,43.38152
42.03800,43.38252
42.03900,43.38352
42.04000,43.38452
42.04100,43.38552
42.04200,43.38652
42.04300,43.38752
42.04400,43.38852
42.04500,43.38952
42.04600,43.39052
42.04700,43.39152
42.04800,43.39252
42.04900,43.39352
42.05000,43.39452
42.05100,43.39552
42.05200,43.39652
42.05300,43.39752
42.05400,43.39852
42.05500,43.39952
42.05600,43.40052
42.05700,43.40152
42.05800,43.40252
42.05900,43.40352
42.06000,43.40452
42.06100,43.40552
42.06200,43.40652
42.06300,43.40752
42.06400,43.40852
42.06500,43.40952
42.06600,43.41052
42.06700,43.41152
42.06800,43.41252
42.06900,43.41352
42.07000,43.41452
42.07100,43.41552
42.07200,43.41652
42.07300,43.41752
42.07400,43.41852
42.07500,43.41952
42.07600,43.42052
42.07700,43.42152
42.07800,43.42252
42.07900,43.42352
42.08000,43.42452
42.08100,43.42552
42.08200,43.42652
42.08300,43.42752
42.08400,43.42852
42.08500,43.42952
42.08600,43.43052
42.08700,43.43152
42.08800,43.43252
42.08900,43.43352
42.09000,43.43452
42.09100,43.43552
42.09200,43.43652
42.09300,43.43752
42.09400,43.43852
42.09500,43.43952
42.09600,43.44052
42.09700,43.44152
42.09800,43.44252
42.09900,43.44352
42.10000,43.44452
42.10100,43.44552
42.10200,43.44652
42.10300,43.44752
42.10400,43.44852
42.10500,43.44952
42.10600,43.45052
42.10700,43.45152
42.10800,43.45252
42.10900,43.45352
42.11000,43.45452
42.11100,43.45552
42.11200,43.45652
42.11300,43.45752
42.11400,43.45852
42.11500,43.45952
42.11600,43.46052
42.11700,43.46152
42.11800,43.46252
42.11900,43.46352
42.12000,43.46452
42.12100,43.46552
42.12200,43.46652
42.12300,43.46752
42.12400,43.46852
42.12500,43.46952
42.12600,43.47052
42.12700,43.47152
42.12800,43.47252
42.12900,43.47352
42.13000,43.47452
42.13100,43.47552
42.13200,43.47652
42.13300,43.47752
42.13400,43.47852
42.13500,43.48852
42.13600,43.48952
42.13700,43.49052
42.13800,43.49152
42.13900,43.49252
42.14000,43.49352
42.14100,43.49452
42.14200,43.49552
42.14300,43.49652
42.14400,43.49752
42.14500,43.49852
42.14600,43.49952
42.14700,43.50052
42.14800,43.50152
42.14900,43.50252
42.15000,43.50352
42.15100,43.50452
42.15200,43.50552
42.15300,43.50652
42.15400,43.50752
42.15500,43.50852
42.15600,43.50952
42.15700,43.51052
42.15800,43.51152
42.15900,43.51252
42.16000,43.51352
42.16100,43.51452
42.16200,43.51552
42.16300,43.51652
42.16400,43.51752
42.16500,43.51852
42.16600,43.51952
42.16700,43.52052
42.16800,43.52152
42.16900,43.52252
42.17000,43.52352
42.17100,43.52452
42.17200,43.52552
42.17300,43.52652
42.17400,43.52752
42.17500,43.52852
42.17600,43.52952
42.17700,43.53052
42.17800,43.53152
42.17900,43.53252
42.18000,43.53352
42.18100,43.53452
42.18200,43.53552
42.18300,43.53652
42.18400,43.53752
42.18500,43.53852
42.18600,43.53952
42.18700,43.54052
42.18800,43.54152
42.18900,43.54252
42.19000,43.54352
42.19100,43.54452
42.19200,43.54552
42.19300,43.54652
42.19400,43.54752
42.19500,43.54852
42.19600,43.54952
42.19700,43.55052
42.19800,43.55152
42.19900,43.55252
42.20000,43.55352
42.20100,43.55452
42.20200,43.55552
42.20300,43.55652
42.20400,43.55752
42.20500,43.55852
42.20600,43.55952
42.20700,43.56052
42.20800,43.56152
42.20900,43.56252
42.21000,43.56352
42.21100,43.56452
42.21200,43.56552
42.21300,43.56652
42.21400,43.56752
42.21500,43.56852
42.21600,43.56952
42.21700,43.57052
42.21800,43.57152
42.21900,43.57252
42.22000,43.57352
42.22100,43.57452
42.22200,43.57552
42.22300,43.57652
42.22400,43.57752
42.22500,43.57852
42.22600,43.57952
42.22700,43.58052
42.22800,43.58152
42.22900,43.58252
42.23000,43.58352
42.23100,43.58452
42.23200,43.58552
42.23300,43.58652
42.23400,43.58752
42.23500,43.58852
42.23600,43.58952
42.23700,43.59052
42.23800,43.59152
42.23900,43.59252
42.24000,43.59352
42.24100,43.59452
42.24200,43.59552
42.24300,43.59652
42.24400,43.59752
42.24500,43.59852
42.24600,43.59952
42.24700,43.60052
42.24800,43.60152
42.24900,43.60252
42.25000,43.60352
42.25100,43.60452
42.25200,43.60552
42.25300,43.60652
42.25400,43.60752
42.25500,43.60852
42.25600,43.60952
42.25700,43.61052
42.25800,43.61152
42.25900,43.61252
42.26000,43.61352
42.26100,43.61452
42.26200,43.61552
42.26300,43.61652
42.26400,43.61752
42.26500,43.61852
42.26600,43.61952
42.26700,43.62052
42.26800,43.62152
42.26900,43.62252
42.27000,43.62352
42.27100,43.62452
42.27200,43.62552
42.27300,43.62652
42.27400,43.62752
42.27500,43.62852
42.27600,43.62952
42.27700,43.63052
42.27800,43.63152
42.27900,43.63252
42.28000,43.63352
42.28100,43.63452
42.28200,43.63552
42.28300,43.63652
42.28400,43.63752
42.28500,43.63852
42.28600,43.63952
42.28700,43.64052
42.28800,43.64152
42.28900,43.64252
42.29000,43.64352
42.29100,43.64452
42.29200,43.64552
42.29300,43.64652
42.29400,43.64752
42.29500,43.64852
42.29600,43.64952
42.29700,43.65052
42.29800,43.65152
42.30000,43.65252
42.30100,43.65352
42.30200,43.65452
42.30400,43.65552
42.30500,43.65652
42.30600,43.65752
42.30700,43.65852
42.30800,43.65952
42.30900,43.66052
42.31100,43.66152
42.31400,43.66252
42.31600,43.66352
42.31800,43.66452
42.31900,43.66552
42.32000,43.66652
42.32100,43.66752
42.32200,43.66852
42.32300,43.66952
42.32400,43.67052
42.32500,43.67152
42.32600,43.67252
42.32700,43.67352
42.32800,43.67452
42.32900,43.67552
42.33000,43.67652
42.33100,43.67752
42.33200,43.67852
42.33300,43.67952
42.33400,43.68052
42.33500,43.68152
42.33600,43.68252
42.33700,43.68352
42.33800,43.68452
42.33900,43.68552
42.34000,43.68652
42.34100,43.68752
42.34200,43.68852
42.34500,43.68952
42.34600,43.69052
42.34700,43.69152
42.34800,43.69252
42.34900,43.69352
42.35000,43.69452
42.35100,43.69552
42.35200,43.69652
42.35300,43.69752
42.35400,43.69852
42.35500,43.69952
42.35600,43.70052
42.35700,43.70152
42.35800,43.70252
42.35900,43.70352
42.36000,43.70452
42.36100,43.70552
42.36200,43.70652
42.36300,43.70752
42.36400,43.70852
42.36500,43.70952
42.36600,43.71052
42.36700,43.71152
42.36800,43.71252
42.36900,43.71352
42.37000,43.71452
42.37100,43.71552
42.37200,43.71652
42.37300,43.71752
42.37400,43.71852
42.37500,43.71952
42.37600,43.72052
42.37700,43.72152
42.37800,43.72252
42.37900,43.72552
42.38000,43.72652
42.38100,43.72752
42.38200,43.72852
42.38300,43.72952
42.38400,43.73052
42.38500,43.73152
42.38600,43.73252
42.38700,43.73352
42.38800,43.73452
42.38900,43.73552
42.39000,43.73652
42.39100,43.73752
42.39200,43.73852
42.39300,43.73952
42.39400,43.74052
42.39500,43.74152
42.39600,43.74252
42.39700,43.74352
42.39800,43.74452
42.39900,43.74552
42.40000,43.74652
42.40100,43.74752
42.40200,43.74852
42.40300,43.74952
42.40400,43.75052
42.40500,43.75152
42.40600,43.75252
42.40700,43.75352
42.40800,43.75452
42.40900,43.75552
42.41000,43.75652
42.41100,43.75752
42.41200,43.75852
42.41300,43.75952
42.41400,43.76052
42.41500,43.76152
42.41600,43.76252
42.41700,43.76352
42.41800,43.76452
42.41900,43.76552
42.42000,43.76652
42.42100,43.76752
42.42200,43.76852
42.42300,43.76952
42.42400,43.77052
42.42500,43.77152
42.42600,43.77252
42.42700,43.77352
42.42800,43.77452
42.42900,43.77552
42.43000,43.77652
42.43100,43.77752
42.43200,43.77852
42.43300,43.77952
42.43400,43.78052
42.43500,43.78152
42.43600,43.78252
42.43700,43.78352
42.43800,43.78452
42.43900,43.78552
42.44000,43.78652
42.44100,43.78752
42.44200,43.78852
42.44300,43.78952
42.44400,43.79052
42.44500,43.79152
42.44600,43.79252
42.44700,43.79352
42.44800,43.79452
42.44900,43.79552
42.45000,43.79652
42.45100,43.79752
42.45200,43.79852
42.45300,43.79952
42.45400,43.80052
42.45500,43.80152
42.45600,43.80252
42.45700,43.80352
42.45800,43.80452
42.45900,43.80552
42.46000,43.80652
42.46100,43.80752
42.46200,43.80852
42.46300,43.80952
42.46400,43.81052
42.46500,43.81152
42.46600,43.81252
42.46700,43.81352
42.46800,43.81452
42.46900,43.81552
42.47000,43.81652
42.47100,43.81752
42.47200,43.81852
42.47300,43.81952
42.47400,43.82052
42.47500,43.82152
42.47600,43.82252
42.47700,43.82352
42.47800,43.82452
42.47900,43.82552
42.48000,43.82652
42.48100,43.82752
42.48200,43.82852
42.48300,43.82952
42.48400,43.83052
42.48500,43.83152
42.48600,43.83252
42.48700,43.83352
42.48800,43.83452
42.48900,43.83552
42.49000,43.83652
42.49100,43.83752
42.49200,43.83852
42.49300,43.84352
42.49400,43.84452
42.49500,43.84552
42.49600,43.84652
42.49700,43.84752
42.49800,43.84852
42.49900,43.84952
42.50000,43.85052
42.50100,43.85152
42.50200,43.85252
42.50300,43.85352
42.50400,43.85452
42.50500,43.85552
42.50600,43.85652
42.50700,43.85752
42.50800,43.85852
42.50900,43.85952
42.51000,43.86052
42.51100,43.86152
42.51200,43.86252
42.51300,43.86352
42.51400,43.86452
42.51500,43.86552
42.51600,43.86652
42.51700,43.86752
42.51800,43.86852
42.51900,43.86952
42.52000,43.87052
42.52100,43.87152
42.52200,43.87252
42.52300,43.87352
42.52400,43.87452
42.52500,43.87552
42.52600,43.87652
42.52700,43.87752
42.52800,43.87852
42.52900,43.87952
42.53000,43.88052
42.53100,43.88152
42.53200,43.88252
42.53300,43.88352
42.53400,43.88452
42.53500,43.88552
42.53600,43.88652
42.53700,43.88752
42.53800,43.88852
42.53900,43.88952
42.54000,43.89052
42.54100,43.89152
42.54200,43.89252
42.54300,43.89352
42.54400,43.89452
42.54500,43.89552
42.54600,43.89652
42.54700,43.89752
42.54800,43.89852
42.54900,43.89952
42.55000,43.90052
42.55100,43.90152
42.55200,43.90252
42.55300,43.90352
42.55400,43.90452
42.55500,43.90552
42.55600,43.90652
42.55700,43.90752
42.55800,43.90852
42.55900,43.90952
42.56000,43.91052
42.56100,43.91152
42.56200,43.91252
42.56300,43.91352
42.56400,43.91452
42.56500,43.91552
42.56600,43.91652
42.56700,43.91752
42.56800,43.91852
42.56900,43.91952
42.57000,43.92052
42.57100,43.92152
42.57200,43.92252
42.57300,43.92352
42.57400,43.92452
42.57500,43.92552
42.57600,43.92652
42.57700,43.92752
42.57800,43.92852
42.57900,43.92952
42.58000,43.93052
42.58100,43.93152
42.58200,43.93252
42.58300,43.93352
42.58400,43.93452
42.58500,43.93552
42.58600,43.93652
42.58700,43.93752
42.58800,43.93852
42.58900,43.93952
42.59000,43.94052
42.59100,43.94152
42.59200,43.94252
42.59300,43.94352
42.59400,43.94452
42.59500,43.94552
42.59600,43.94652
42.59700,43.94752
42.59800,43.94852
42.59900,43.94952
42.60000,43.95052
42.60100,43.95152
42.60200,43.95252
42.60300,43.95352
42.60400,43.95452
42.60500,43.95552
42.60600,43.95652
42.60700,43.95752
42.60800,43.95852
42.60900,43.95952
42.61000,43.96052
42.61100,43.96152
42.61200,43.96252
42.61300,43.96352
42.61400,43.96452
42.61500,43.96552
42.61600,43.96652
42.61700,43.96752
42.61800,43.96852
42.61900,43.96952
42.62000,43.97052
42.62100,43.97152
42.62200,43.97852
42.62300,43.97952
42.62400,43.98052
42.62500,43.98152
42.62600,43.98252
42.62700,43.98352
42.62800,43.98452
42.62900,43.98552
42.63000,43.98652
42.63100,43.98752
42.63200,43.98852
42.63300,43.98952
42.63400,43.99352
42.63500,43.99452
42.63600,43.99552
42.63700,43.99652
42.63800,43.99752
42.63900,43.99852
42.64000,43.99952
42.64100,44.00052
42.64200,44.00152
42.64300,44.00252
42.64400,44.00352
42.64500,44.00452
42.64600,44.00552
42.64700,44.00652
42.64800,44.00752
42.64900,44.00852
42.65000,44.00952
42.65100,44.01052
42.65200,44.01152
42.65300,44.01252
42.65400,44.01352
42.65500,44.01452
42.65600,44.01552
42.65700,44.01652
42.65800,44.01752
42.65900,44.01852
42.66000,44.01952
42.66100,44.02052
42.66200,44.02152
42.66300,44.02252
42.66400,44.02352
42.66500,44.02452
42.66600,44.02552
42.66700,44.02652
42.66800,44.02752
42.66900,44.02852
42.67000,44.02952
42.67100,44.03052
42.67200,44.03152
42.67300,44.03252
42.67400,44.03352
42.67500,44.03452
42.67600,44.03552
42.67700,44.03652
42.67800,44.03752
42.67900,44.03852
42.68000,44.03952
42.68100,44.04052
42.68200,44.04152
42.68300,44.04252
42.68400,44.04352
42.68500,44.04452
42.68600,44.04552
42.68700,44.04652
42.68800,44.04752
42.68900,44.04852
42.69000,44.04952
42.69100,44.05052
42.69200,44.05152
42.69300,44.05252
42.69400,44.05352
42.69500,44.05452
42.69600,44.05552
42.69700,44.05652
42.69800,44.05752
42.69900,44.05852
42.70000,44.05952
42.70100,44.06052
42.70200,44.06152
42.70300,44.06252
42.70400,44.06352
42.70500,44.06452
42.70600,44.06552
42.70700,44.06652
42.70800,44.06752
42.70900,44.06852
42.71000,44.06952
42.71100,44.07052
42.71200,44.07152
42.71300,44.07252
42.71400,44.07352
42.71500,44.07452
42.71600,44.07552
42.71700,44.07652
42.71800,44.07752
42.71900,44.07852
42.72000,44.07952
42.72100,44.08052
42.72200,44.08152
42.72300,44.08252
42.72400,44.08352
42.72500,44.08452
42.72600,44.08552
42.72700,44.08752
42.72800,44.08852
42.72900,44.08952
42.73000,44.09052
42.73100,44.09152
42.73200,44.09252
42.73300,44.09352
42.73400,44.09452
42.73500,44.09552
42.73600,44.09652
42.73700,44.09752
42.73800,44.09852
42.73900,44.09952
42.74000,44.10052
42.74100,44.10152
42.74200,44.10252
42.74300,44.10352
42.74400,44.10452
42.74500,44.10552
42.74600,44.10652
42.74700,44.10752
42.74800,44.10852
42.74900,44.10952
42.75000,44.11052
42.75100,44.11152
42.75200,44.11252
42.75300,44.11352
42.75400,44.11452
42.75500,44.11552
42.75600,44.11652
42.75700,44.11752
42.75800,44.11852
42.75900,44.11952
42.76000,44.12052
42.76100,44.12152
42.76200,44.12252
42.76300,44.12352
42.76400,44.12452
42.76500,44.12552
42.76600,44.12652
42.76800,44.12752
42.76900,44.12852
42.77000,44.12952
42.77100,44.13052
42.77200,44.13152
42.77300,44.13252
42.77500,44.13352
42.77600,44.13452
42.77700,44.13552
42.77800,44.13652
42.77900,44.13752
42.78000,44.13852
42.78100,44.13952
42.78200,44.14052
42.78300,44.14152
42.78400,44.14252
42.78500,44.14352
42.78600,44.14452
42.78700,44.14552
42.78800,44.14652
42.78900,44.14752
42.79000,44.14852
42.79100,44.14952
42.79200,44.15052
42.79300,44.15152
42.79400,44.15252
42.79500,44.15352
42.79600,44.15452
42.79700,44.15552
42.79800,44.15652
42.79900,44.15752
42.80000,44.15852
42.80100,44.15952
42.80200,44.16052
42.80300,44.16152
42.80400,44.16252
42.80500,44.16352
42.80600,44.16452
42.80700,44.16552
42.80800,44.16652
42.80900,44.16752
42.81000,44.16852
42.81100,44.16952
42.81200,44.17052
42.81300,44.17152
42.81400,44.17252
42.81500,44.17352
42.81600,44.17452
42.81700,44.17552
42.81800,44.17652
42.81900,44.17752
42.82000,44.17852
42.82100,44.17952
42.82200,44.18052
42.82300,44.18152
42.82400,44.18252
42.82500,44.18352
42.82600,44.18452
42.82700,44.18552
42.82900,44.18652
42.83000,44.18752
42.83100,44.18852
42.83200,44.18952
42.83300,44.19052
42.83400,44.19152
42.83500,44.19252
42.83600,44.19352
42.83700,44.19452
42.83800,44.19552
42.83900,44.19652
42.84000,44.19752
42.84100,44.19852
42.84200,44.19952
42.84300,44.20052
42.84400,44.20152
42.84500,44.20252
42.84800,44.20352
42.84900,44.20452
42.85000,44.20552
42.85100,44.20652
42.85200,44.20752
42.85300,44.20852
42.85400,44.20952
42.85500,44.21052
42.85600,44.21152
42.85700,44.21252
42.85800,44.21352
42.85900,44.21452
42.86000,44.21552
42.86100,44.21652
42.86200,44.21752
42.86300,44.21852
42.86400,44.21952
42.86500,44.22052
42.86600,44.22152
42.86700,44.22252
42.86800,44.22352
42.86900,44.22452
42.87000,44.22552
42.87100,44.22652
42.87200,44.22752
42.87300,44.22852
42.87400,44.22952
42.87500,44.23052
42.87600,44.23152
42.87700,44.23252
42.87800,44.23352
42.87900,44.23452
42.88000,44.23552
42.88100,44.23652
42.88200,44.23752
42.88300,44.23852
42.88400,44.23952
42.88500,44.24052
42.88600,44.24152
42.88700,44.24252
42.88800,44.24352
42.88900,44.24452
42.89000,44.24552
42.89100,44.24652
42.89200,44.24752
42.89300,44.24852
42.89400,44.24952
42.89500,44.25052
42.89600,44.25152
42.89700,44.25252
42.89800,44.25352
42.89900,44.25452
42.90000,44.25552
42.90100,44.25652
42.90200,44.25752
42.90300,44.25852
42.90400,44.25952
42.90500,44.26052
42.90600,44.26152
42.90700,44.26252
42.90800,44.26352
42.90900,44.26452
42.91000,44.26552
42.91100,44.26652
42.91200,44.26752
42.91300,44.26852
42.91400,44.26952
42.91500,44.27052
42.91600,44.27152
42.91700,44.27252
42.91800,44.27352
42.91900,44.27452
42.92000,44.27552
42.92100,44.27652
42.92200,44.27752
42.92300,44.27852
42.92400,44.27952
42.92500,44.28052
42.92600,44.28152
42.92700,44.28252
42.92800,44.28352
42.92900,44.28452
42.93000,44.28552
42.93100,44.28652
42.93200,44.28752
42.93300,44.28852
42.93400,44.28952
42.93500,44.29052
42.93600,44.29152
42.93700,44.29252
42.93800,44.29352
42.93900,44.29452
42.94000,44.29552
42.94100,44.29652
42.94200,44.29752
42.94300,44.29852
42.94400,44.29952
42.94500,44.30052
42.94600,44.30152
42.94700,44.30252
42.94800,44.30352
42.94900,44.30452
42.95000,44.30552
42.95100,44.30652
42.95200,44.30752
42.95300,44.30852
42.95400,44.30952
42.95500,44.31052
42.95600,44.31152
42.95700,44.31252
42.95800,44.31352
42.95900,44.31452
42.96000,44.31552
42.96100,44.31652
42.96200,44.31752
42.96300,44.31852
42.96400,44.31952
42.96500,44.32052
42.96600,44.32152
42.96700,44.32252
42.96800,44.32352
42.96900,44.32552
42.97000,44.32652
42.97100,44.32752
42.97200,44.32852
42.97300,44.32952
42.97400,44.33052
42.97500,44.33152
42.97600,44.33252
42.97700,44.33352
42.97800,44.33452
42.97900,44.33552
42.98000,44.33652
42.98100,44.33752
42.98200,44.33852
42.98300,44.33952
42.98400,44.34052
42.98500,44.34152
42.98600,44.34252
42.98700,44.34352
42.98800,44.34452
42.98900,44.34552
42.99000,44.34652
42.99100,44.34752
42.99200,44.34852
42.99300,44.34952
42.99400,44.35052
42.99500,44.35152
42.99600,44.35252
42.99700,44.35352
42.99800,44.35452
42.99900,44.35552
43.00000,44.35652
43.00100,44.35752
43.00200,44.35852
43.00300,44.35952
43.00400,44.36052
43.00500,44.36152
43.00600,44.36252
43.00700,44.36352
43.00800,44.36452
43.00900,44.36552
43.01000,44.36652
43.01100,44.36752
43.01200,44.36852
43.01300,44.36952
43.01400,44.37052
43.01500,44.37152
43.01600,44.37252
43.01700,44.37352
43.01800,44.37452
43.01900,44.37552
43.02000,44.37652
43.02100,44.37752
43.02200,44.37852
43.02300,44.37952
43.02400,44.38052
43.02500,44.38152
43.02600,44.38252
43.02700,44.38352
43.02800,44.38452
43.02900,44.38552
43.03000,44.38652
43.03100,44.38752
43.03200,44.38852
43.03300,44.38952
43.03400,44.39052
43.03500,44.39152
43.03600,44.39252
43.03700,44.39352
43.03800,44.39452
43.03900,44.39552
43.04000,44.39652
43.04100,44.39752
43.04200,44.39852
43.04300,44.39952
43.04400,44.40052
43.04500,44.40152
43.04600,44.40252
43.04700,44.40352
43.04800,44.40452
43.04900,44.40552
43.05000,44.40652
43.05100,44.40752
43.05200,44.40852
43.05300,44.40952
43.05400,44.41052
43.05500,44.41152
43.05600,44.41252
43.05700,44.41352
43.05800,44.41452
43.05900,44.41552
43.06000,44.41652
43.06100,44.41752
43.06200,44.41852
43.06300,44.41952
43.06400,44.42052
43.06500,44.42152
43.06600,44.42252
43.06700,44.42352
43.06800,44.42452
43.06900,44.42552
43.07000,44.42652
43.07100,44.42752
43.07200,44.42852
43.07300,44.42952
43.07400,44.43052
43.07500,44.43152
43.07600,44.43252
43.07700,44.43352
43.07800,44.43452
43.07900,44.43552
43.08000,44.43652
43.08100,44.43752
43.08200,44.43852
43.08300,44.43952
43.08400,44.44052
43.08500,44.44152
43.08600,44.44252
43.08700,44.44352
43.08800,44.44452
43.08900,44.44552
43.09000,44.44652
43.09100,44.44752
43.09200,44.44852
43.09300,44.44952
43.09400,44.45052
43.09500,44.45152
43.09600,44.45252
43.09700,44.45352
43.09800,44.45452
43.09900,44.45552
43.10000,44.45652
43.10100,44.45752
43.10200,44.45852
43.10300,44.45952
43.10400,44.46052
43.10500,44.46152
43.10600,44.46252
43.10700,44.46352
43.11600,44.46452
43.11700,44.46552
43.11800,44.46652
43.11900,44.46752
43.12000,44.46852
43.12100,44.46952
43.12200,44.47052
43.12300,44.47152
43.12400,44.47252
43.12500,44.47352
43.12600,44.47452
43.12700,44.47552
43.12800,44.47652
43.12900,44.47752
43.13000,44.47852
43.13100,44.47952
43.13200,44.48052
43.13300,44.48152
43.13400,44.48252
43.13500,44.48352
43.13600,44.48452
43.13700,44.48552
43.13800,44.48652
43.13900,44.48752
43.14000,44.48852
43.14100,44.48952
43.14200,44.49052
43.14300,44.49152
43.14400,44.49252
43.14500,44.49352
43.14600,44.49452
43.14700,44.49552
43.14800,44.49652
43.14900,44.49752
43.15000,44.49852
43.15100,44.49952
43.15200,44.50052
43.15300,44.50152
43.15400,44.50252
43.15500,44.50352
43.15600,44.50452
43.15700,44.50552
43.15800,44.50652
43.15900,44.50752
43.16000,44.50852
43.16100,44.50952
43.16200,44.51052
43.16300,44.51152
43.16400,44.51252
43.16500,44.51352
43.16600,44.51452
43.16700,44.51552
43.16800,44.51652
43.16900,44.51752
43.17000,44.51852
43.17100,44.51952
43.17200,44.52052
43.17300,44.52152
43.17400,44.52252
43.17500,44.52352
43.17600,44.52452
43.17700,44.52552
43.17800,44.52652
43.17900,44.52752
43.18000,44.52852
43.18100,44.52952
43.18200,44.53052
43.18300,44.53152
43.18400,44.53252
43.18500,44.53352
43.18600,44.53452
43.18700,44.53552
43.18800,44.53652
43.18900,44.53752
43.19000,44.53852
43.19100,44.53952
43.19200,44.54052
43.19300,44.54152
43.19400,44.54252
43.19500,44.54352
43.19600,44.54452
43.19700,44.54552
43.19800,44.54652
43.19900,44.54752
43.20000,44.54852
43.20100,44.54952
43.20200,44.55052
43.20300,44.55152
43.20400,44.55252
43.20500,44.55352
43.20600,44.55452
43.20700,44.55552
43.20800,44.55652
43.20900,44.55752
43.21000,44.55852
43.21100,44.55952
43.21200,44.56052
43.21300,44.56152
43.21400,44.56252
43.21500,44.56352
43.21600,44.56452
43.21700,44.56552
43.21800,44.56652
43.21900,44.56752
43.22000,44.56852
43.22100,44.56952
43.22200,44.57052
43.22300,44.57152
43.22400,44.57252
43.22500,44.57352
43.22600,44.57452
43.22700,44.57552
43.22800,44.57652
43.22900,44.57752
43.23000,44.57852
43.23100,44.57952
43.23200,44.58052
43.23300,44.58152
43.23400,44.58252
43.23500,44.58352
43.23600,44.58452
43.23700,44.58552
43.23800,44.58652
43.23900,44.58752
43.24000,44.58852
43.24100,44.58952
43.24200,44.59052
43.24300,44.59152
43.24400,44.59252
43.24500,44.59352
43.24600,44.59452
43.24700,44.59552
43.24800,44.59652
43.24900,44.59752
43.25000,44.59852
43.25100,44.59952
43.25200,44.60052
43.25300,44.60152
43.25400,44.60252
43.25500,44.60352
43.25600,44.60452
43.25700,44.60552
43.25800,44.60652
43.25900,44.60752
43.26000,44.60852
43.26100,44.60952
43.26200,44.61052
43.26300,44.61152
43.26400,44.61252
43.26500,44.61352
43.26600,44.61452
43.26700,44.61552
43.26800,44.61652
43.26900,44.61752
43.27000,44.61852
43.27100,44.61952
43.27200,44.62052
43.27300,44.62152
43.27400,44.62252
43.27500,44.62352
43.27600,44.62452
43.27700,44.62552
43.27800,44.62652
43.27900,44.62752
43.28000,44.62852
43.28100,44.62952
43.28200,44.63052
43.28300,44.63152
43.28400,44.63252
43.28500,44.63352
43.28600,44.63452
43.28700,44.63552
43.28800,44.63652
43.28900,44.63752
43.29000,44.63852
43.29100,44.63952
43.29200,44.64052
43.29300,44.64152
43.29400,44.64252
43.29500,44.64352
43.29600,44.64452
43.29700,44.64552
43.29800,44.64652
43.29900,44.64752
43.30000,44.64852
43.30100,44.64952
43.30200,44.65052
43.30300,44.65152
43.30400,44.65252
43.30500,44.65352
43.30600,44.65452
43.30700,44.65552
43.30800,44.65652
43.30900,44.65752
43.31000,44.65852
43.31100,44.65952
43.31200,44.66052
43.31300,44.66152
43.31400,44.66252
43.31500,44.66352
43.31600,44.66452
43.31700,44.66552
43.31800,44.66652
43.31900,44.66752
43.32000,44.66852
43.32100,44.66952
43.32200,44.67052
43.32300,44.67152
43.32400,44.67252
43.32500,44.67352
43.32600,44.67452
43.32700,44.67552
43.32800,44.67652
43.32900,44.67752
43.33000,44.67852
43.33100,44.67952
43.33200,44.68052
43.33300,44.68152
43.33400,44.68252
43.33500,44.68352
43.33600,44.68452
43.33700,44.68552
43.33800,44.68652
43.33900,44.68752
43.34000,44.68852
43.34100,44.68952
43.34200,44.69052
43.34300,44.69152
43.34400,44.69252
43.34500,44.69352
43.34600,44.69452
43.34700,44.69552
43.34800,44.70452
43.34900,44.70552
43.35000,44.70652
43.35100,44.70752
43.35200,44.70852
43.35300,44.70952
43.35400,44.71152
43.35500,44.71552
43.35600,44.71652
43.35700,44.71752
43.35800,44.71852
43.35900,44.71952
43.36000,44.72052
43.36100,44.72152
43.36200,44.72252
43.36300,44.72352
43.36400,44.72452
43.36500,44.72552
43.36600,44.72652
43.36700,44.72752
43.36800,44.72852
43.36900,44.72952
43.37000,44.73052
43.37100,44.73152
43.37200,44.73252
43.37300,44.73352
43.37400,44.73452
43.37500,44.73552
43.37600,44.73652
43.37700,44.73752
43.37800,44.73852
43.37900,44.73952
43.38000,44.74052
43.38100,44.74152
43.38200,44.74252
43.38300,44.74352
43.38400,44.74452
43.38500,44.74552
43.38600,44.74652
43.38700,44.74752
43.38800,44.74852
43.38900,44.74952
43.39000,44.75052
43.39100,44.75152
43.39200,44.75252
43.39300,44.75952
43.39400,44.76052
43.39500,44.76152
43.39600,44.76252
43.39700,44.76352
43.39800,44.76452
43.39900,44.76552
43.40000,44.76652
43.40100,44.76752
43.40200,44.76852
43.40300,44.76952
43.40400,44.77052
43.40500,44.77152
43.40600,44.77252
43.40700,44.77352
43.40800,44.77452
43.40900,44.77552
43.41000,44.77652
43.41100,44.77752
43.41200,44.77852
43.41300,44.77952
43.41400,44.78052
43.41500,44.78152
43.41600,44.78252
43.41700,44.78352
43.41800,44.78452
43.41900,44.78552
43.42000,44.78652
43.42100,44.78752
43.42200,44.78852
43.42300,44.78952
43.42400,44.79052
43.42500,44.79152
43.42600,44.79252
43.42700,44.79352
43.42800,44.79452
43.42900,44.79552
43.43000,44.79652
43.43100,44.79752
43.43200,44.79852
43.43300,44.79952
43.43400,44.80052
43.43500,44.80152
43.43600,44.80252
43.43700,44.80352
43.43800,44.80452
43.43900,44.80552
43.44000,44.80652
43.44100,44.80752
43.44200,44.80852
43.44300,44.80952
43.44400,44.81052
43.44500,44.81152
43.44600,44.81252
43.44700,44.81352
43.44800,44.81452
43.44900,44.81552
43.45000,44.81652
43.45100,44.81752
43.45200,44.81852
43.45300,44.81952
43.45400,44.82052
43.45500,44.82152
43.45600,44.82252
43.45700,44.82352
43.45800,44.82452
43.45900,44.82552
43.46000,44.82652
43.46100,44.82752
43.46200,44.82852
43.46300,44.82952
43.46400,44.83052
43.46500,44.83152
43.46600,44.83252
43.46700,44.83352
43.46800,44.83452
43.46900,44.83552
43.47000,44.83652
43.47100,44.83752
43.47200,44.83852
43.47300,44.83952
43.47400,44.84052
43.47500,44.84152
43.47600,44.84252
43.47700,44.84352
43.47800,44.84452
43.47900,44.84552
43.48000,44.84652
43.48100,44.84752
43.48200,44.84852
43.48300,44.84952
43.48400,44.85052
43.48500,44.85152
43.48600,44.85252
43.48700,44.85352
43.48800,44.85452
43.48900,44.85552
43.49000,44.85652
43.49100,44.85752
43.49200,44.85852
43.49300,44.86352
43.49400,44.86452
43.49500,44.86552
43.49600,44.86652
43.49700,44.86752
43.49800,44.86852
43.49900,44.86952
43.50000,44.87052
43.50100,44.87152
43.50200,44.87252
43.50300,44.87352
43.50400,44.87452
43.50500,44.87552
43.50600,44.87652
43.50700,44.87752
43.50800,44.87852
43.50900,44.87952
43.51000,44.88052
43.51100,44.88152
43.51200,44.88252
43.51300,44.88352
43.51400,44.88452
43.51500,44.88552
43.51600,44.88652
43.51700,44.88752
43.51800,44.88852
43.51900,44.88952
43.52000,44.89052
43.52100,44.89152
43.52200,44.89252
43.52300,44.89352
43.52400,44.89452
43.52500,44.89552
43.52600,44.89652
43.52700,44.89752
43.52800,44.89852
43.52900,44.89952
43.53000,44.90052
43.53100,44.90152
43.53200,44.90252
43.53300,44.90352
43.53400,44.90452
43.53500,44.90552
43.53600,44.90652
43.53700,44.90752
43.53800,44.90852
43.53900,44.90952
43.54000,44.91052
43.54100,44.91152
43.54200,44.91252
43.54300,44.91352
43.54400,44.91452
43.54500,44.91552
43.54600,44.91652
43.54700,44.91752
43.54800,44.91852
43.54900,44.91952
43.55000,44.92052
43.55100,44.92152
43.55200,44.92252
43.55300,44.92352
43.55400,44.92452
43.55500,44.92552
43.55600,44.92652
43.55700,44.92752
43.55800,44.92852
43.55900,44.92952
43.56000,44.93052
43.56100,44.93152
43.56200,44.93252
43.56300,44.93352
43.56400,44.93452
43.56500,44.93552
43.56600,44.93652
43.56700,44.93752
43.56800,44.93852
43.56900,44.93952
43.57000,44.94052
43.57100,44.94152
43.57200,44.94252
43.57300,44.94352
43.57400,44.94452
43.57500,44.94552
43.57600,44.94652
43.57700,44.94752
43.57800,44.94852
43.57900,44.94952
43.58000,44.95052
43.58100,44.95152
43.58200,44.95252
43.58300,44.95352
43.58400,44.95452
43.58500,44.95552
43.58600,44.95652
43.58700,44.95752
43.58800,44.95852
43.58900,44.95952
43.59000,44.96052
43.59100,44.96152
43.59200,44.96252
43.59300,44.96352
43.59400,44.96452
43.59500,44.96552
43.59600,44.96652
43.59700,44.96752
43.59800,44.96852
43.59900,44.96952
43.60000,44.97052
43.60100,44.97152
43.60200,44.97252
43.60300,44.97352
43.60400,44.97452
43.60500,44.97552
43.60600,44.97652
43.60700,44.97752
43.60800,44.97852
43.60900,44.97952
43.61000,44.98052
43.61100,44.98152
43.61200,44.98252
43.61300,44.98352
43.61400,44.98452
43.61500,44.98552
43.61600,44.98652
43.61700,44.98752
43.61800,44.98852
43.61900,44.98952
43.62000,44.99052
43.62100,44.99152
43.62200,44.99252
43.62300,44.99352
43.62400,44.99452
43.62500,44.99552
43.62600,44.99652
43.62700,45.00852
43.62800,45.00952
43.62900,45.01052
43.63000,45.01152
43.63100,45.01252
43.63200,45.01352
43.63300,45.01452
43.63400,45.01552
43.63500,45.01652
43.63600,45.01752
43.63700,45.01852
43.63800,45.01952
43.63900,45.02052
43.64000,45.02152
43.64100,45.02252
43.64200,45.02352
43.64300,45.02452
43.64400,45.02552
43.64500,45.02652
43.64600,45.02752
43.64700,45.02852
43.64800,45.02952
43.64900,45.03052
43.65000,45.03152
43.65100,45.03252
43.65200,45.03352
43.65300,45.03452
43.65400,45.03552
43.65500,45.03652
43.65600,45.03752
43.65700,45.03852
43.65800,45.03952
43.65900,45.04052
43.66000,45.04152
43.66100,45.04252
43.66200,45.04352
43.66300,45.04452
43.66400,45.04552
43.66500,45.04652
43.66600,45.04752
43.66700,45.04852
43.66800,45.04952
43.66900,45.06052
43.67000,45.06152
43.67100,45.06252
43.67200,45.06352
43.67300,45.06452
43.67400,45.06552
43.67500,45.06652
43.67600,45.06752
43.67700,45.06852
43.67800,45.06952
43.67900,45.07052
43.68000,45.07152
43.68100,45.07252
43.68200,45.07352
43.68300,45.07452
43.68400,45.07552
43.68500,45.07652
43.68600,45.07752
43.68700,45.07852
43.68800,45.07952
43.68900,45.08052
43.69000,45.08152
43.69100,45.08252
43.69200,45.08352
43.69300,45.08452
43.69400,45.08652
43.69500,45.08752
43.69600,45.08852
43.69700,45.08952
43.69800,45.09052
43.69900,45.09152
43.70000,45.09252
43.70100,45.09552
43.70200,45.09652
43.70300,45.09752
43.70400,45.09852
43.70500,45.09952
43.70600,45.10052
43.70700,45.10152
43.70800,45.10252
43.70900,45.10352
43.71000,45.10452
43.71100,45.10552
43.71200,45.10652
43.71300,45.10752
43.71400,45.10852
43.71500,45.10952
43.71600,45.11052
43.71700,45.11152
43.71800,45.11252
43.71900,45.11352
43.72000,45.11452
43.72100,45.11552
43.72200,45.11652
43.72300,45.11752
43.72400,45.11852
43.72500,45.11952
43.72600,45.12052
43.72700,45.12152
43.72800,45.12252
43.72900,45.12352
43.73000,45.12452
43.73100,45.12552
43.73200,45.12652
43.73300,45.12752
43.73400,45.12852
43.73500,45.12952
43.73600,45.13052
43.73700,45.13152
43.73800,45.13252
43.73900,45.13352
43.74000,45.13452
43.74100,45.13552
43.74200,45.13652
43.74300,45.13752
43.74400,45.13852
43.74500,45.13952
43.74600,45.14052
43.74700,45.14152
43.74800,45.14252
43.74900,45.14352
43.75000,45.14452
43.75100,45.14552
43.75200,45.14652
43.75300,45.14752
43.75400,45.14852
43.75500,45.14952
43.75600,45.15052
43.75700,45.15152
43.75800,45.15252
43.75900,45.15352
43.76000,45.15452
43.76100,45.15552
43.76200,45.15652
43.76300,45.15752
43.76400,45.15852
43.76500,45.15952
43.76600,45.16052
43.76700,45.16152
43.76800,45.16252
43.76900,45.16352
43.77000,45.16452
43.77100,45.16552
43.77200,45.16652
43.77300,45.16752
43.77400,45.16852
43.77500,45.16952
43.77600,45.17052
43.77700,45.17152
43.77800,45.17252
43.77900,45.17352
43.78000,45.17452
43.78100,45.17552
43.78200,45.17652
43.78300,45.17752
43.78400,45.17852
43.78500,45.17952
43.78600,45.18052
43.78700,45.18152
43.78800,45.18252
43.78900,45.18352
43.79000,45.18452
43.79100,45.18552
43.79200,45.18652
43.79300,45.18752
43.79400,45.18852
43.79500,45.18952
43.79600,45.19052
43.79700,45.19152
43.79800,45.19252
43.79900,45.19352
43.80000,45.19452
43.80100,45.19552
43.80200,45.19652
43.80300,45.19752
43.80400,45.19852
43.80500,45.19952
43.80600,45.20052
43.80700,45.20152
43.80800,45.20252
43.80900,45.20352
43.81000,45.20452
43.81100,45.20552
43.81200,45.20652
43.81300,45.20752
43.81400,45.20852
43.81500,45.20952
43.81600,45.21052
43.81700,45.21152
43.81800,45.21252
43.81900,45.21352
43.82000,45.21452
43.82100,45.21552
43.82200,45.21652
43.82300,45.21752
43.82400,45.21852
43.82500,45.21952
43.82600,45.22052
43.82700,45.22152
43.82800,45.22252
43.82900,45.22352
43.83000,45.22452
43.83100,45.22552
43.83200,45.22652
43.83300,45.22752
43.83400,45.22852
43.83500,45.22952
43.83600,45.23052
43.83700,45.23152
43.83800,45.23252
43.83900,45.23352
43.84000,45.23452
43.84100,45.23552
43.84200,45.23652
43.84300,45.23752
43.84400,45.23852
43.84500,45.23952
43.84600,45.24052
43.84700,45.24152
43.84800,45.24252
43.84900,45.24352
43.85000,45.24452
43.85100,45.24552
43.85200,45.24652
43.85300,45.24752
43.85400,45.24852
43.85500,45.24952
43.85600,45.25052
43.85700,45.25152
43.85800,45.25252
43.85900,45.25352
43.86000,45.25452
43.86100,45.25552
43.86200,45.25652
43.86300,45.25752
43.86400,45.25852
43.86500,45.25952
43.86600,45.26052
43.86700,45.26152
43.86800,45.26252
43.87200,45.26352
43.87300,45.26452
43.87400,45.26552
43.87500,45.26652
43.87600,45.26752
43.87700,45.26852
43.87800,45.26952
43.87900,45.27052
43.88000,45.27152
43.88100,45.27252
43.88200,45.27352
43.88300,45.27452
43.88400,45.27552
43.88500,45.27652
43.88600,45.27752
43.88700,45.27852
43.88800,45.27952
43.88900,45.28052
43.89000,45.28152
43.89100,45.28252
43.89200,45.28352
43.89300,45.28452
43.89400,45.28552
43.89500,45.28652
43.89600,45.28752
43.89700,45.28852
43.89800,45.28952
43.89900,45.29052
43.90000,45.29152
43.90100,45.29252
43.90200,45.29352
43.90300,45.29452
43.90400,45.29552
43.90500,45.29652
43.90600,45.29752
43.90700,45.29852
43.90800,45.29952
43.90900,45.30052
43.91000,45.30152
43.91100,45.30252
43.91200,45.30352
43.91300,45.30452
43.92200,45.30552
43.92300,45.30652
43.92400,45.30752
43.92500,45.30852
43.92600,45.30952
43.92700,45.31052
43.92800,45.31152
43.92900,45.31252
43.93000,45.31352
43.93100,45.31452
43.93200,45.31552
43.93300,45.31652
43.93400,45.31752
43.93500,45.31852
43.93600,45.31952
43.93700,45.32052
43.93800,45.32152
43.93900,45.32252
43.94000,45.32352
43.94100,45.32452
43.94500,45.32552
43.94600,45.32652
43.94700,45.32752
43.94800,45.32852
43.94900,45.32952
43.95000,45.33052
43.95100,45.33152
43.95200,45.33252
43.95300,45.33352
43.95400,45.33452
43.95500,45.33552
43.95600,45.33652
43.95700,45.33752
43.95800,45.33852
43.95900,45.33952
43.96000,45.34052
43.96100,45.34152
43.96200,45.34252
43.96300,45.34352
43.96400,45.34452
43.96500,45.34552
43.96600,45.34652
43.96700,45.34752
43.96800,45.34852
43.96900,45.34952
43.97000,45.35052
43.97100,45.35152
43.97200,45.35252
43.97300,45.35352
43.97400,45.35452
43.97500,45.35552
43.97600,45.35652
43.97700,45.35752
43.97800,45.35852
43.97900,45.35952
43.98000,45.36052
43.98100,45.36152
43.98200,45.36252
43.98300,45.36352
43.98400,45.36452
43.98500,45.36552
43.98600,45.36652
43.98700,45.36752
43.98800,45.36852
43.98900,45.36952
43.99000,45.37052
43.99100,45.37152
43.99200,45.37252
43.99300,45.37352
43.99400,45.37452
43.99500,45.37552
43.99600,45.37652
43.99700,45.37752
43.99800,45.37852
43.99900,45.37952
44.00000,45.38052
44.00100,45.38152
44.00200,45.38252
44.00300,45.38352
44.00400,45.38452
44.00500,45.38552
44.00600,45.38652
44.00700,45.38752
44.00800,45.38852
44.00900,45.38952
44.01000,45.39052
44.01100,45.39152
44.01200,45.39252
44.01300,45.39352
44.01400,45.39452
44.01500,45.39552
44.01600,45.39652
44.01700,45.39752
44.01800,45.39852
44.01900,45.39952
44.02000,45.40052
44.02100,45.40152
44.02200,45.40252
44.02300,45.40352
44.02400,45.40452
44.02500,45.40552
44.02600,45.40652
44.02700,45.40752
44.02800,45.40852
44.02900,45.40952
44.03000,45.41052
44.03100,45.41152
44.03200,45.41252
44.03300,45.41352
44.03400,45.41452
44.03500,45.41552
44.03600,45.41652
44.03700,45.41752
44.03800,45.41852
44.03900,45.41952
44.04000,45.42052
44.04100,45.42152
44.04200,45.42252
44.04300,45.42352
44.04400,45.42452
44.04500,45.42552
44.04600,45.42652
44.04700,45.42752
44.04800,45.42852
44.04900,45.42952
44.05000,45.43052
44.05100,45.43152
44.05200,45.43252
44.05300,45.43352
44.05400,45.43452
44.05500,45.43552
44.05600,45.43652
44.05700,45.43752
44.05800,45.43852
44.05900,45.43952
44.06000,45.44052
44.06100,45.44152
44.06200,45.44252
44.06300,45.44352
44.06400,45.44452
44.06500,45.44552
44.06600,45.44652
44.06700,45.44752
44.06800,45.44852
44.06900,45.44952
44.07000,45.45052
44.07100,45.45152
44.07200,45.45252
44.07300,45.45352
44.07400,45.45452
44.07500,45.45552
44.07600,45.45652
44.07700,45.45752
44.07800,45.45852
44.07900,45.45952
44.08000,45.46052
44.08100,45.46152
44.08200,45.46252
44.08300,45.46352
44.08400,45.46452
44.08500,45.46552
44.08600,45.46652
44.08700,45.46752
44.08800,45.46852
44.08900,45.46952
44.09000,45.47052
44.09100,45.47152
44.09200,45.47252
44.09300,45.47352
44.09400,45.47452
44.09500,45.47552
44.09600,45.47652
44.09700,45.47752
44.09800,45.47852
44.09900,45.47952
44.10000,45.48052
44.10100,45.48152
44.10200,45.48252
44.10300,45.48352
44.10400,45.48452
44.10500,45.48552
44.10600,45.48652
44.10700,45.48752
44.10800,45.48852
44.10900,45.48952
44.11000,45.49052
44.11100,45.49152
44.11200,45.49252
44.11300,45.49352
44.11400,45.49452
44.11500,45.49552
44.11600,45.49652
44.11700,45.49752
44.11800,45.49852
44.11900,45.49952
44.12000,45.50052
44.12100,45.50152
44.12200,45.50252
44.12300,45.50352
44.12400,45.50452
44.12500,45.50552
44.12600,45.50652
44.12700,45.50752
44.12800,45.50852
44.12900,45.50952
44.13000,45.51052
44.13100,45.51152
44.13200,45.51252
44.13300,45.51352
44.13400,45.51452
44.13500,45.51552
44.13600,45.51652
44.13700,45.51752
44.13800,45.51852
44.13900,45.51952
44.14000,45.52052
44.14100,45.52152
44.14200,45.52252
44.14300,45.52352
44.14400,45.52452
44.14500,45.52552
44.14600,45.52652
44.14700,45.52752
44.14800,45.52852
44.14900,45.52952
44.15000,45.53052
44.15100,45.53152
44.15200,45.53252
44.15300,45.53352
44.15400,45.53452
44.15500,45.53552
44.15600,45.53652
44.15700,45.53752
44.15800,45.53852
44.15900,45.53952
44.16000,45.54052
44.16100,45.54152
44.16200,45.54252
44.16300,45.54352
44.16400,45.54452
44.16500,45.54552
44.16600,45.54652
44.16700,45.54752
44.16800,45.54852
44.16900,45.54952
44.17000,45.55052
44.17100,45.55152
44.17200,45.55252
44.17300,45.55352
44.17400,45.55452
44.17500,45.55552
44.17600,45.55652
44.17700,45.55752
44.17800,45.55852
44.17900,45.55952
44.18000,45.56052
44.18100,45.56152
44.18200,45.56252
44.18300,45.56352
44.18400,45.56452
44.18500,45.56552
44.18600,45.56652
44.18700,45.56752
44.18800,45.56852
44.18900,45.56952
44.19000,45.57052
44.19100,45.57152
44.19200,45.57252
44.19300,45.57352
44.19400,45.57452
44.19500,45.57552
44.19600,45.57652
44.19700,45.57752
44.19800,45.57852
44.19900,45.57952
44.20000,45.58052
44.20100,45.58152
44.20200,45.58252
44.20300,45.58352
44.20400,45.58452
44.20500,45.58552
44.20600,45.58652
44.20700,45.58752
44.20800,45.58852
44.20900,45.58952
44.21000,45.59052
44.21100,45.59152
44.21200,45.59252
44.21300,45.59352
44.21400,45.59452
44.21500,45.59552
44.21600,45.59652
44.21700,45.59752
44.21800,45.59852
44.21900,45.59952
44.22000,45.60052
44.22100,45.60152
44.22200,45.60252
44.22300,45.60352
44.22400,45.60452
44.22500,45.60552
44.22600,45.60652
44.22700,45.60752
44.22800,45.60852
44.22900,45.60952
44.23000,45.61052
44.23100,45.61152
44.23200,45.61252
44.23300,45.61352
44.23400,45.61452
44.23500,45.61552
44.23600,45.61652
44.23700,45.61752
44.23800,45.61852
44.23900,45.61952
44.24000,45.62052
44.24100,45.62152
44.24200,45.62252
44.24300,45.62352
44.24400,45.62452
44.24500,45.62552
44.24600,45.62652
44.24700,45.62752
44.24800,45.62852
44.24900,45.62952
44.25000,45.63052
44.25100,45.63152
44.25200,45.63252
44.25300,45.63352
44.25400,45.63452
44.25500,45.63552
44.25600,45.63652
44.25700,45.63752
44.25800,45.63852
44.25900,45.63952
44.26000,45.64052
44.26100,45.64152
44.26200,45.64252
44.26300,45.64352
44.26400,45.64452
44.26500,45.64552
44.26600,45.64652
44.26700,45.64752
44.26800,45.64852
44.26900,45.64952
44.27000,45.65052
44.27100,45.65552
44.27200,45.65652
44.27300,45.65752
44.27400,45.65852
44.27500,45.65952
44.27600,45.66052
44.27700,45.66152
44.27800,45.66252
44.27900,45.66352
44.28000,45.66452
44.28100,45.66552
44.28200,45.66652
44.28300,45.66752
44.28400,45.66852
44.28500,45.66952
44.28600,45.67052
44.28700,45.67152
44.28800,45.67252
44.28900,45.67952
44.29000,45.68052
44.29100,45.68152
44.29200,45.68252
44.29300,45.68352
44.29400,45.70452
44.29500,45.70552
44.29600,45.70652
44.29700,45.70752
44.29800,45.70852
44.29900,45.70952
44.30000,45.71052
44.30100,45.71152
44.30200,45.71252
44.30300,45.71352
44.30400,45.71452
44.30500,45.71552
44.30600,45.71652
44.30700,45.71752
44.30800,45.71852
44.30900,45.71952
44.31000,45.72052
44.31100,45.72452
44.31200,45.72552
44.31300,45.72652
44.31400,45.72752
44.31500,45.72852
44.31600,45.72952
44.31700,45.73052
44.31800,45.73152
44.31900,45.73252
44.32000,45.73352
44.32100,45.73452
44.32200,45.73552
44.32300,45.73652
44.32400,45.73752
44.32500,45.73852
44.32600,45.73952
44.32700,45.74052
44.32800,45.74152
44.32900,45.75252
44.33000,45.75352
44.33100,45.75452
44.33200,45.75552
44.33300,45.75652
44.33400,45.75752
44.33500,45.75852
44.33600,45.75952
44.33700,45.76052
44.33800,45.76152
44.33900,45.76252
44.34000,45.76352
44.34100,45.76452
44.34200,45.76552
44.34300,45.76652
44.34400,45.77252
44.34500,45.77352
44.34600,45.77452
44.34700,45.77552
44.34800,45.77652
44.34900,45.77752
44.35000,45.77852
44.35100,45.77952
44.35200,45.78052
44.35300,45.78152
44.35400,45.78252
44.35500,45.78352
44.35600,45.78452
44.35700,45.78552
44.35800,45.78652
44.35900,45.78752
44.36000,45.78852
44.36100,45.78952
44.36200,45.79052
44.36300,45.79152
44.36400,45.79252
44.36500,45.79352
44.36600,45.79452
44.36700,45.79552
44.36800,45.79652
44.36900,45.79752
44.37000,45.79852
44.37100,45.79952
44.37200,45.80052
44.37300,45.80152
44.37400,45.80252
44.37500,45.80352
44.37600,45.80452
44.37700,45.80552
44.37800,45.80652
44.37900,45.80752
44.38000,45.80852
44.38100,45.80952
44.38200,45.81052
44.38300,45.81152
44.38400,45.81252
44.38500,45.81352
44.38600,45.81452
44.38700,45.81552
44.38800,45.81652
44.38900,45.81752
44.39000,45.81852
44.39100,45.81952
44.39200,45.82052
44.39300,45.82152
44.39400,45.82252
44.39500,45.82352
44.39600,45.82452
44.39700,45.82552
44.39800,45.82652
44.39900,45.82752
44.40000,45.82852
44.40100,45.82952
44.40200,45.83052
44.40300,45.83152
44.40400,45.83252
44.40500,45.83352
44.40600,45.83452
44.40700,45.83552
44.40800,45.83652
44.40900,45.83752
44.41000,45.83852
44.41100,45.83952
44.41200,45.84052
44.41300,45.84152
44.41400,45.84252
44.41500,45.84352
44.41600,45.84452
44.41700,45.84552
44.41800,45.84652
44.41900,45.84752
44.42000,45.84852
44.42100,45.84952
44.42200,45.85052
44.42300,45.85152
44.42400,45.85252
44.42500,45.85352
44.42600,45.85452
44.42700,45.85552
44.42800,45.85652
44.42900,45.85752
44.43000,45.85852
44.43100,45.85952
44.43200,45.86052
44.43300,45.86152
44.43400,45.86252
44.43500,45.86352
44.43600,45.86452
44.43700,45.86552
44.43800,45.86652
44.43900,45.86752
44.44000,45.86852
44.44100,45.86952
44.44200,45.87052
44.44300,45.87152
44.44400,45.87252
44.44500,45.87352
44.44600,45.87452
44.44700,45.87552
44.44800,45.87652
44.44900,45.87752
44.45000,45.87852
44.45100,45.87952
44.45200,45.88052
44.45300,45.88152
44.45400,45.88252
44.45500,45.88352
44.45600,45.88452
44.45700,45.88552
44.45800,45.88652
44.45900,45.88752
44.46000,45.88852
44.46100,45.88952
44.46200,45.89052
44.46300,45.89152
44.46400,45.89252
44.46500,45.89352
44.46600,45.89452
44.46700,45.89552
44.46800,45.89652
44.46900,45.89752
44.47000,45.89852
44.47100,45.89952
44.47200,45.90052
44.47300,45.90152
44.47400,45.90252
44.47500,45.90352
44.47600,45.90452
44.47700,45.90552
44.47800,45.90652
44.47900,45.90752
44.48000,45.90852
44.48100,45.90952
44.48200,45.91052
44.48300,45.91152
44.48400,45.91252
44.48500,45.91352
44.48600,45.91452
44.48700,45.91552
44.48800,45.91652
44.48900,45.91752
44.49000,45.91852
44.49100,45.91952
44.49200,45.92052
44.49300,45.92152
44.49400,45.92252
44.49500,45.92352
44.49600,45.92452
44.49700,45.92552
44.49800,45.92652
44.49900,45.92752
44.50000,45.92852
44.50100,45.92952
44.50200,45.93052
44.50300,45.93152
44.50400,45.93252
44.50500,45.93352
44.50600,45.93452
44.50700,45.93552
44.50800,45.93652
44.50900,45.93752
44.51000,45.93852
44.51100,45.93952
44.51200,45.94052
44.51300,45.94152
44.51400,45.94252
44.51500,45.94352
44.51600,45.94452
44.51700,45.94552
44.51800,45.94652
44.51900,45.94752
44.52000,45.94852
44.52100,45.94952
44.52200,45.95052
44.52300,45.95152
44.52400,45.95252
44.52500,45.95352
44.52600,45.95452
44.52700,45.95552
44.52800,45.95652
44.52900,45.95752
44.53000,45.95852
44.53100,45.95952
44.53200,45.96052
44.53300,45.96152
44.53400,45.96252
44.53500,45.96352
44.53600,45.96452
44.53700,45.96552
44.53800,45.96652
44.53900,45.96752
44.54000,45.96852
44.54100,45.96952
44.54200,45.97052
44.54300,45.97152
44.54400,45.97252
44.54500,45.97352
44.54600,45.97452
44.56100,45.97552
44.56200,45.97652
44.56300,45.97752
44.56400,45.97852
44.56500,45.97952
44.56600,45.98052
44.56700,45.98152
44.56800,45.98252
44.56900,45.98352
44.57000,45.98452
44.57100,45.98552
44.57200,45.98652
44.57300,45.98752
44.57400,45.98852
44.57500,45.98952
44.57600,45.99052
44.57700,45.99152
44.57800,45.99252
44.57900,45.99352
44.58000,45.99452
44.58300,45.99552
44.58400,45.99652
44.58500,45.99752
44.58600,45.99852
44.58700,45.99952
44.58800,46.00052
44.58900,46.00152
44.59000,46.00252
44.59100,46.00352
44.59200,46.00452
44.59300,46.00552
44.59400,46.00652
44.59500,46.00752
44.59600,46.00852
44.59700,46.00952
44.59800,46.01052
44.59900,46.01152
44.60000,46.01252
44.60100,46.01352
44.60200,46.01452
44.60300,46.01552
44.60400,46.01652
44.60500,46.01752
44.60600,46.01852
44.60700,46.01952
44.60800,46.02052
44.60900,46.02152
44.61000,46.02252
44.61100,46.02352
44.61200,46.02452
44.61300,46.02552
44.61400,46.02652
44.61500,46.02752
44.61600,46.02852
44.61700,46.02952
44.61800,46.03052
44.61900,46.03152
44.62000,46.03252
44.62100,46.03352
44.62200,46.03452
44.62300,46.03552
44.62400,46.03652
44.62500,46.03752
44.62600,46.03852
44.62700,46.03952
44.62800,46.04052
44.62900,46.04152
44.63000,46.04252
44.63100,46.04352
44.63200,46.04452
44.63300,46.04552
44.63400,46.04652
44.63500,46.04752
44.63600,46.04852
44.63700,46.04952
44.63800,46.05052
44.63900,46.05152
44.64000,46.05252
44.64100,46.05352
44.64200,46.05452
44.64300,46.05552
44.64400,46.05652
44.64500,46.05752
44.64600,46.05852
44.64700,46.05952
44.64800,46.06052
44.64900,46.06152
44.65000,46.06252
44.65100,46.06352
44.65200,46.06452
44.65300,46.06552
44.65400,46.06652
44.65500,46.06752
44.65600,46.06852
44.65700,46.06952
44.65800,46.07052
44.65900,46.07152
44.66000,46.07252
44.66100,46.07352
44.66200,46.07452
44.66300,46.07552
44.66400,46.07652
44.66500,46.07752
44.66600,46.07852
44.66700,46.07952
44.66800,46.08052
44.66900,46.08152
44.67000,46.08252
44.67100,46.08352
44.67200,46.08452
44.67300,46.08552
44.67400,46.08652
44.67500,46.08752
44.67600,46.09152
44.67700,46.09252
44.67800,46.09352
44.67900,46.09452
44.68000,46.09552
44.68100,46.09652
44.68200,46.09752
44.68300,46.09852
44.68400,46.09952
44.68500,46.10052
44.68600,46.10152
44.68700,46.10252
44.68800,46.10352
44.68900,46.10452
44.69000,46.10552
44.69100,46.10652
44.69200,46.10752
44.69300,46.10852
44.69400,46.10952
44.69500,46.11052
44.69600,46.11152
44.69700,46.11252
44.69800,46.11352
44.69900,46.11452
44.70000,46.11552
44.70100,46.11652
44.70200,46.11752
44.70300,46.11852
44.70400,46.11952
44.70500,46.12052
44.70600,46.12152
44.70700,46.12252
44.70800,46.12352
44.70900,46.12452
44.71000,46.12552
44.71100,46.12652
44.71200,46.12752
44.71300,46.12852
44.71400,46.12952
44.71500,46.13052
44.71600,46.13152
44.71700,46.13252
44.71800,46.13352
44.71900,46.13452
44.72000,46.13552
44.72100,46.13652
44.72200,46.13752
44.72300,46.13852
44.72400,46.13952
44.72500,46.14052
44.72600,46.14152
44.72700,46.14852
44.72800,46.14952
44.72900,46.15052
44.73000,46.15152
44.73100,46.15252
44.73200,46.15352
44.73300,46.15452
44.73400,46.15552
44.73500,46.15652
44.73600,46.15752
44.73700,46.15852
44.73800,46.15952
44.73900,46.16052
44.74000,46.16152
44.74100,46.16252
44.74200,46.16352
44.74300,46.16452
44.74400,46.16552
44.74500,46.16652
44.74600,46.16752
44.74700,46.16852
44.74800,46.16952
44.74900,46.17052
44.75000,46.17152
44.75100,46.17252
44.75200,46.17352
44.75300,46.17452
44.75400,46.17552
44.75500,46.17652
44.75600,46.17752
44.75700,46.17852
44.75800,46.17952
44.75900,46.18052
44.76000,46.18152
44.76100,46.18252
44.76200,46.18352
44.76300,46.18452
44.76400,46.18552
44.76500,46.18652
44.76600,46.18752
44.76700,46.18852
44.76800,46.18952
44.76900,46.19052
44.77000,46.19152
44.77100,46.19252
44.77200,46.19352
44.77300,46.19452
44.77400,46.19552
44.77500,46.19652
44.77600,46.19752
44.77700,46.19852
44.77800,46.19952
44.77900,46.20052
44.78000,46.20152
44.78100,46.20252
44.78200,46.20352
44.78300,46.20452
44.78400,46.20552
44.78500,46.20652
44.78600,46.20752
44.78700,46.20852
44.78800,46.20952
44.78900,46.21052
44.79000,46.21152
44.79100,46.21252
44.79200,46.21352
44.79300,46.21452
44.79400,46.21552
44.79500,46.21652
44.79600,46.21752
44.79700,46.21852
44.79800,46.21952
44.79900,46.22052
44.80000,46.22152
44.80100,46.22252
44.80200,46.22452
44.80300,46.22552
44.80400,46.22652
44.80500,46.22752
44.80600,46.22852
44.80700,46.22952
44.80800,46.23052
44.80900,46.23152
44.81000,46.23252
44.81100,46.23352
44.81200,46.23452
44.81300,46.23552
44.81400,46.23652
44.81500,46.23752
44.81600,46.23852
44.81700,46.23952
44.81800,46.24052
44.81900,46.24152
44.82000,46.24252
44.82100,46.24352
44.82200,46.24452
44.82300,46.24552
44.82400,46.24652
44.82500,46.24752
44.82600,46.24852
44.82700,46.24952
44.82800,46.25052
44.82900,46.25152
44.83000,46.25252
44.83100,46.25352
44.83200,46.25452
44.83300,46.25552
44.83400,46.25652
44.83500,46.25752
44.83600,46.25852
44.83700,46.25952
44.83800,46.26052
44.83900,46.26152
44.84000,46.26252
44.84100,46.26352
44.84200,46.26452
44.84300,46.26552
44.84400,46.26652
44.84500,46.26752
44.84600,46.26852
44.84700,46.26952
44.84800,46.27052
44.84900,46.27152
44.85000,46.27352
44.85100,46.27452
44.85200,46.27552
44.85300,46.27652
44.85400,46.27752
44.85500,46.27852
44.85600,46.27952
44.85700,46.28052
44.85800,46.28152
44.85900,46.28252
44.86000,46.28352
44.86100,46.28452
44.86200,46.28552
44.86300,46.28652
44.86400,46.28752
44.86500,46.28852
44.86600,46.28952
44.86700,46.29052
44.86800,46.29152
44.86900,46.29252
44.87000,46.29352
44.87100,46.29452
44.87200,46.29552
44.87300,46.29652
44.87400,46.29752
44.87500,46.29852
44.87600,46.29952
44.87700,46.30052
44.87800,46.30152
44.87900,46.30252
44.88000,46.30352
44.88100,46.30452
44.88200,46.30552
44.88300,46.30652
44.88400,46.31052
44.88500,46.31252
44.88600,46.31352
44.88700,46.31452
44.88800,46.31552
44.88900,46.31652
44.89000,46.31752
44.89100,46.31852
44.89200,46.31952
44.89300,46.32052
44.89400,46.32152
44.89500,46.32252
44.89600,46.32352
44.89700,46.32452
44.89800,46.32552
44.89900,46.32652
44.90000,46.32752
44.90100,46.32852
44.90200,46.32952
44.90300,46.33052
44.90400,46.33152
44.90500,46.33252
44.90600,46.33352
44.90700,46.33452
44.90800,46.33552
44.90900,46.33652
44.91000,46.33752
44.91100,46.33852
44.91200,46.33952
44.91300,46.34052
44.91400,46.34152
44.91500,46.34252
44.91600,46.34352
44.91700,46.34452
44.91800,46.34552
44.91900,46.34652
44.92000,46.34752
44.92100,46.34852
44.92200,46.34952
44.92300,46.35052
44.92400,46.35152
44.92500,46.35252
44.92600,46.35352
44.92700,46.35452
44.92800,46.35552
44.92900,46.35652
44.93000,46.35752
44.93100,46.35852
44.93200,46.35952
44.93300,46.36052
44.93400,46.36152
44.93500,46.36252
44.93600,46.36352
44.93700,46.36452
44.93800,46.36552
44.93900,46.36652
44.94000,46.36752
44.94100,46.36852
44.94200,46.36952
44.94300,46.37052
44.94400,46.37152
44.94500,46.37252
44.94600,46.37652
44.94700,46.37752
44.94800,46.37852
44.94900,46.37952
44.95000,46.38052
44.95100,46.38152
44.95200,46.38252
44.95300,46.38352
44.95400,46.38452
44.95500,46.38552
44.95600,46.38652
44.95700,46.38752
44.95800,46.38852
44.95900,46.38952
44.96000,46.39052
44.96100,46.39152
44.96200,46.39252
44.96300,46.39352
44.96400,46.39452
44.96500,46.39552
44.96600,46.39652
44.96700,46.39752
44.96800,46.39852
44.96900,46.40452
44.97000,46.40552
44.97100,46.40652
44.97200,46.40752
44.97300,46.40852
44.97400,46.40952
44.97500,46.41052
44.97600,46.41152
44.97700,46.41252
44.97800,46.41352
44.97900,46.41452
44.98000,46.41552
44.98100,46.41652
44.98200,46.41752
44.98300,46.41852
44.98400,46.41952
44.98500,46.42052
44.98600,46.42152
44.98700,46.42252
44.98800,46.42352
44.98900,46.43352
44.99000,46.43452
44.99100,46.43552
44.99200,46.43652
44.99300,46.43752
44.99400,46.43852
44.99500,46.43952
44.99600,46.44052
44.99700,46.44152
44.99800,46.44252
44.99900,46.44352
45.00000,46.44452
45.00100,46.44552
45.00200,46.44652
45.00300,46.44752
45.00400,46.44852
45.00500,46.44952
45.00600,46.45052
45.00700,46.45152
45.00800,46.45252
45.00900,46.45352
45.01000,46.45452
45.01100,46.45552
45.01200,46.45652
45.01300,46.45752
45.01400,46.45852
45.01500,46.45952
45.01600,46.46052
45.01700,46.46152
45.01800,46.46252
45.01900,46.46352
45.02000,46.46452
45.02100,46.46552
45.02200,46.46652
45.02300,46.46752
45.02400,46.46852
45.02500,46.46952
45.02600,46.47052
45.02700,46.47152
45.02800,46.47352
45.02900,46.47652
45.03000,46.47752
45.03100,46.47852
45.03200,46.47952
45.03300,46.48052
45.03400,46.48152
45.03500,46.48252
45.03600,46.48352
45.03700,46.48452
45.03800,46.48552
45.03900,46.48652
45.04000,46.48752
45.04100,46.48852
45.04200,46.48952
45.04300,46.49052
45.04400,46.49152
45.04500,46.49252
45.04600,46.49352
45.04700,46.49452
45.04800,46.49552
45.04900,46.49652
45.05000,46.49752
45.05100,46.49852
45.05200,46.49952
45.05300,46.50052
45.05400,46.50152
45.05500,46.50252
45.05600,46.50352
45.05700,46.50452
45.05800,46.50552
45.05900,46.50652
45.06000,46.50752
45.06100,46.50852
45.06200,46.50952
45.06300,46.51052
45.06400,46.51152
45.06500,46.51252
45.06600,46.51352
45.06700,46.51452
45.06800,46.51552
45.06900,46.51652
45.07000,46.51752
45.07100,46.51852
45.07200,46.51952
45.07300,46.52052
45.07400,46.52152
45.07500,46.52252
45.07600,46.52352
45.07700,46.52452
45.07800,46.52552
45.07900,46.52652
45.08000,46.52752
45.08100,46.52852
45.08200,46.52952
45.08300,46.53052
45.08400,46.53152
45.08500,46.53252
45.08600,46.53352
45.08700,46.53452
45.08800,46.53552
45.08900,46.53652
45.09000,46.53752
45.09100,46.53852
45.09200,46.53952
45.09300,46.54052
45.09400,46.54152
45.09500,46.54252
45.09600,46.54352
45.09700,46.54452
45.09800,46.54552
45.09900,46.54652
45.10000,46.55052
45.10100,46.55152
45.10200,46.55252
45.10300,46.55352
45.10400,46.55452
45.10500,46.55652
45.10600,46.55752
45.10700,46.55852
45.10800,46.56152
45.10900,46.56252
45.11000,46.56352
45.11100,46.56452
45.11200,46.56752
45.11300,46.56852
45.11400,46.56952
45.11500,46.57052
45.11600,46.57152
45.11700,46.57252
45.11800,46.57352
45.11900,46.57452
45.12000,46.57552
45.12100,46.57652
45.12200,46.57752
45.12300,46.57852
45.12400,46.57952
45.12500,46.58052
45.12600,46.58152
45.12700,46.58252
45.12800,46.58352
45.12900,46.58452
45.13000,46.58552
45.13100,46.58652
45.13200,46.58752
45.13300,46.58852
45.13400,46.58952
45.13500,46.59052
45.13600,46.59152
45.13700,46.59252
45.13800,46.59352
45.13900,46.59452
45.14000,46.59552
45.14100,46.59652
45.14200,46.59752
45.14300,46.59852
45.14400,46.59952
45.14500,46.60052
45.14600,46.60152
45.14700,46.60252
45.14800,46.60352
45.14900,46.60452
45.15000,46.60552
45.15100,46.60652
45.15200,46.60752
45.15300,46.60852
45.15400,46.60952
45.15500,46.61052
45.15600,46.61152
45.15700,46.61252
45.15800,46.61352
45.15900,46.61452
45.16000,46.61552
45.16100,46.61652
45.16200,46.61752
45.16300,46.61852
45.16400,46.61952
45.16500,46.62052
45.16600,46.62152
45.16700,46.62252
45.16800,46.62352
45.16900,46.62452
45.17000,46.62552
45.17100,46.62652
45.17200,46.62752
45.17300,46.62852
45.17400,46.62952
45.17500,46.63052
45.17600,46.63152
45.17700,46.63252
45.17800,46.63352
45.17900,46.63452
45.18000,46.63552
45.18100,46.63652
45.18200,46.63752
45.18300,46.63852
45.18400,46.63952
45.18500,46.64052
45.18600,46.64152
45.18700,46.64252
45.18800,46.64352
45.18900,46.64452
45.19000,46.64552
45.19100,46.64652
45.19200,46.64752
45.19300,46.64852
45.19400,46.64952
45.19500,46.65052
45.19600,46.65152
45.19700,46.65252
45.19800,46.65352
45.19900,46.65452
45.20000,46.65552
45.20100,46.65652
45.20200,46.65752
45.20300,46.65852
45.20400,46.65952
45.20500,46.66052
45.20600,46.66152
45.20700,46.66252
45.20800,46.66352
45.20900,46.66452
45.21000,46.66552
45.21100,46.66652
45.21200,46.66752
45.21300,46.66852
45.21400,46.66952
45.21500,46.67052
45.21600,46.67152
45.21700,46.67252
45.21800,46.67352
45.21900,46.67452
45.22000,46.67552
45.22100,46.67652
45.22200,46.67752
45.22300,46.67852
45.22400,46.67952
45.22500,46.68052
45.22600,46.68152
45.22700,46.68252
45.22800,46.68352
45.22900,46.68452
45.23000,46.68552
45.23100,46.68652
45.23200,46.68752
45.23300,46.68852
45.23400,46.68952
45.23500,46.69052
45.23600,46.69152
45.23700,46.69252
45.23800,46.69352
45.23900,46.69452
45.24000,46.69552
45.24100,46.69652
45.24200,46.69752
45.24300,46.69852
45.24400,46.69952
45.24500,46.70052
45.24600,46.70152
45.24700,46.70252
45.24800,46.70352
45.24900,46.70452
45.25000,46.70552
45.25100,46.70652
45.25200,46.70752
45.25300,46.70852
45.25400,46.70952
45.25500,46.71052
45.25600,46.71152
45.25700,46.71252
45.25800,46.71352
45.25900,46.71452
45.26000,46.71552
45.26100,46.71652
45.26200,46.71752
45.26300,46.71852
45.26400,46.71952
45.26500,46.72052
45.26600,46.72152
45.26700,46.72252
45.26800,46.72352
45.26900,46.72452
45.27000,46.72552
45.27100,46.72652
45.27200,46.72752
45.27300,46.72852
45.27400,46.72952
45.27500,46.73052
45.27600,46.73152
45.27700,46.73252
45.27800,46.73352
45.27900,46.73452
45.28000,46.73552
45.28100,46.73652
45.28200,46.73752
45.28300,46.73852
45.28400,46.73952
45.28500,46.74052
45.28600,46.74152
45.28700,46.74252
45.28800,46.74352
45.28900,46.74452
45.29000,46.74552
45.29100,46.74652
45.29200,46.74752
45.29300,46.74852
45.29400,46.74952
45.29500,46.75052
45.29600,46.75152
45.29700,46.75252
45.29800,46.75352
45.29900,46.75452
45.30000,46.75552
45.30100,46.75652
45.30200,46.75752
45.30300,46.75852
45.30400,46.75952
45.30500,46.76052
45.30600,46.76152
45.30700,46.76252
45.30800,46.76352
45.30900,46.76452
45.31000,46.76552
45.31100,46.76652
45.31200,46.76752
45.31300,46.76852
45.31400,46.76952
45.31500,46.77052
45.31600,46.77152
45.31700,46.77252
45.31800,46.77352
45.31900,46.77452
45.32000,46.77552
45.32100,46.77652
45.32200,46.77752
45.32300,46.77852
45.32400,46.77952
45.32500,46.78052
45.32600,46.78152
45.32700,46.78252
45.32800,46.78352
45.32900,46.78452
45.33000,46.78552
45.33100,46.78652
45.33200,46.78752
45.33300,46.78852
45.33400,46.78952
45.33500,46.79052
45.33600,46.79152
45.33700,46.79252
45.33800,46.79352
45.33900,46.79452
45.34000,46.79552
45.34100,46.79652
45.34200,46.79752
45.34300,46.79852
45.34400,46.79952
45.34500,46.80052
45.34600,46.80152
45.34700,46.80252
45.34800,46.80352
45.34900,46.80452
45.35000,46.80552
45.35100,46.80652
45.35200,46.80752
45.35300,46.80852
45.35400,46.80952
45.35500,46.81052
45.35600,46.81152
45.35700,46.81252
45.35800,46.81352
45.35900,46.81452
45.36000,46.81552
45.36100,46.81652
45.36200,46.81752
45.36300,46.81852
45.36400,46.81952
45.36500,46.82052
45.36600,46.82152
45.36700,46.82252
45.36800,46.82352
45.36900,46.82452
45.37000,46.82552
45.37100,46.82652
45.37200,46.82752
45.37300,46.82852
45.37400,46.82952
45.37500,46.83052
45.37600,46.83152
45.37700,46.83252
45.37800,46.83352
45.37900,46.83452
45.38000,46.83552
45.38100,46.83652
45.38200,46.83752
45.38300,46.83852
45.38400,46.84052
45.38500,46.84152
45.38600,46.84252
45.38700,46.84352
45.38800,46.84452
45.38900,46.84552
45.39000,46.84652
45.39100,46.84752
45.39200,46.84852
45.39300,46.84952
45.39400,46.85052
45.39500,46.85152
45.39600,46.85252
45.39700,46.85352
45.39800,46.85452
45.39900,46.85552
45.40000,46.85652
45.40100,46.85752
45.40200,46.85852
45.40300,46.85952
45.40400,46.86052
45.40500,46.86152
45.40600,46.86252
45.40700,46.86352
45.40800,46.86452
45.40900,46.86552
45.41000,46.86652
45.41100,46.86752
45.41200,46.86852
45.41300,46.86952
45.41400,46.87052
45.41500,46.87152
45.41600,46.87252
45.41700,46.87352
45.41800,46.87452
45.41900,46.87552
45.42000,46.87652
45.42100,46.87752
45.42200,46.87852
45.42300,46.87952
45.42400,46.88052
45.42500,46.88152
45.42600,46.88252
45.42700,46.88352
45.42800,46.88452
45.42900,46.88552
45.43000,46.88652
45.43100,46.88752
45.43200,46.88852
45.43300,46.88952
45.43400,46.89052
45.43500,46.89152
45.43600,46.89252
45.43700,46.89352
45.43800,46.89452
45.43900,46.89552
45.44000,46.89652
45.44100,46.89752
45.44200,46.89852
45.44300,46.89952
45.44400,46.90052
45.44500,46.90152
45.44600,46.90252
45.44700,46.90352
45.44800,46.90452
45.44900,46.90552
45.45000,46.90652
45.45100,46.90752
45.45200,46.90852
45.45300,46.90952
45.45400,46.91052
45.45500,46.91152
45.45600,46.91252
45.45700,46.91352
45.45800,46.91452
45.45900,46.91552
45.46000,46.91652
45.46100,46.91752
45.46200,46.91852
45.46300,46.91952
45.46400,46.92052
45.46500,46.92152
45.46600,46.92252
45.46700,46.92352
45.46800,46.92452
45.46900,46.92552
45.47000,46.92652
45.47100,46.92752
45.47200,46.92952
45.47300,46.93052
45.47400,46.93152
45.47500,46.93252
45.47600,46.93352
45.47700,46.93452
45.47800,46.93552
45.47900,46.93652
45.48000,46.93752
45.48100,46.93852
45.48200,46.93952
45.48300,46.94052
45.48400,46.94152
45.48500,46.94252
45.48600,46.94352
45.48700,46.94452
45.48800,46.94552
45.48900,46.94652
45.49000,46.94752
45.49100,46.94852
45.49200,46.94952
45.49300,46.95052
45.49400,46.95152
45.49500,46.95252
45.49600,46.95352
45.49700,46.95452
45.49800,46.95552
45.49900,46.95652
45.50000,46.95752
45.50100,46.95852
45.50200,46.95952
45.50300,46.96052
45.50400,46.96152
45.50500,46.96252
45.50600,46.96352
45.50700,46.96452
45.50800,46.96552
45.50900,46.96652
45.51000,46.96752
45.51100,46.96852
45.51200,46.96952
45.51300,46.97052
45.51400,46.97152
45.51500,46.97252
45.51600,46.97352
45.51700,46.97452
45.51800,46.97552
45.51900,46.97652
45.52000,46.97752
45.52100,46.97852
45.52200,46.97952
45.52300,46.98052
45.52400,46.98152
45.52500,46.98252
45.52600,46.98352
45.52700,46.98452
45.52800,46.98552
45.52900,46.98652
45.53000,46.98752
45.53100,46.98852
45.53200,46.98952
45.53300,46.99052
45.53400,46.99152
45.53500,46.99252
45.53600,46.99352
45.53700,46.99452
45.53800,46.99552
45.53900,46.99652
45.54000,46.99752
45.54100,46.99852
45.54200,46.99952
45.54300,47.00052
45.54400,47.00152
45.54500,47.00252
45.54600,47.00352
45.54700,47.00452
45.54800,47.00552
45.54900,47.00652
45.55000,47.00752
45.55100,47.00852
45.55200,47.00952
45.55300,47.01052
45.55400,47.01152
45.55500,47.01252
45.55600,47.01352
45.55700,47.01452
45.55800,47.01552
45.55900,47.01652
45.56000,47.01752
45.56100,47.01852
45.56200,47.01952
45.56300,47.02052
45.56400,47.02152
45.56500,47.02252
45.56600,47.02352
45.56700,47.02452
45.56800,47.02552
45.56900,47.02652
45.57000,47.02752
45.57100,47.02852
45.57200,47.02952
45.57300,47.03052
45.57400,47.03152
45.57500,47.03252
45.57600,47.03352
45.57700,47.03452
45.57800,47.03552
45.57900,47.03652
45.58000,47.03752
45.58100,47.03852
45.58200,47.03952
45.58300,47.04052
45.58400,47.04152
45.58500,47.04252
45.58600,47.04352
45.58700,47.04452
45.58800,47.04552
45.58900,47.04652
45.59000,47.04752
45.59100,47.04852
45.59200,47.04952
45.59300,47.05052
45.59400,47.05152
45.59500,47.05252
45.59600,47.05352
45.59700,47.05452
45.59800,47.05552
45.59900,47.05652
45.60000,47.05752
45.60100,47.05852
45.60200,47.05952
45.60300,47.06052
45.60400,47.06152
45.60500,47.06252
45.60600,47.06352
45.60700,47.06452
45.60800,47.06552
45.60900,47.06652
45.61000,47.06752
45.61100,47.06852
45.61200,47.06952
45.61300,47.07052
45.61400,47.07152
45.61500,47.07252
45.61600,47.07352
45.61700,47.07452
45.61800,47.07552
45.61900,47.07652
45.62000,47.07752
45.62100,47.07852
45.62200,47.07952
45.62300,47.08052
45.62400,47.08152
45.62500,47.08252
45.62600,47.08352
45.62700,47.08452
45.62800,47.08552
45.62900,47.08652
45.63000,47.08752
45.63100,47.08852
45.63200,47.08952
45.63300,47.09052
45.63400,47.09152
45.63500,47.09252
45.63600,47.09352
45.63700,47.09452
45.63800,47.09552
45.63900,47.09652
45.64000,47.09752
45.64100,47.09852
45.64200,47.09952
45.64300,47.10052
45.64400,47.10152
45.64500,47.10252
45.64600,47.10352
45.64700,47.10452
45.64800,47.10552
45.64900,47.10652
45.65000,47.10752
45.65100,47.10852
45.65200,47.10952
45.65300,47.11052
45.65400,47.11152
45.65500,47.11252
45.65600,47.11352
45.65700,47.11452
45.65800,47.11552
45.65900,47.11652
45.66000,47.11752
45.66100,47.11852
45.66200,47.11952
45.66300,47.12052
45.66400,47.12152
45.66500,47.12252
45.66600,47.12352
45.66700,47.12452
45.66800,47.12552
45.66900,47.12652
45.67000,47.12752
45.67100,47.12852
45.67200,47.12952
45.67300,47.13052
45.67400,47.13152
45.67500,47.13252
45.67600,47.13352
45.67700,47.13452
45.67800,47.13552
45.67900,47.13652
45.68000,47.13752
45.68100,47.13852
45.68200,47.13952
45.68300,47.14052
45.68400,47.14152
45.68500,47.14252
45.68600,47.14352
45.68700,47.14452
45.68800,47.14552
45.68900,47.14652
45.69000,47.14752
45.69100,47.14852
45.69200,47.14952
45.69300,47.15052
45.69400,47.15152
45.69500,47.15252
45.69600,47.15352
45.69700,47.15452
45.69800,47.15552
45.69900,47.15652
45.70000,47.15752
45.70100,47.15852
45.70200,47.15952
45.70300,47.16052
45.70400,47.16152
45.70500,47.16252
45.70600,47.16352
45.70700,47.16452
45.70800,47.16552
45.70900,47.17352
45.71000,47.17452
45.71100,47.17552
45.71200,47.17652
45.71300,47.17752
45.71400,47.17852
45.71500,47.17952
45.71600,47.18052
45.71700,47.18152
45.71800,47.18252
45.71900,47.18352
45.72000,47.18452
45.72100,47.18552
45.72200,47.18652
45.72300,47.18752
45.72400,47.18852
45.72500,47.19352
45.72600,47.19952
45.72700,47.20052
45.72800,47.20152
45.72900,47.20252
45.73000,47.20352
45.73100,47.20452
45.73200,47.20552
45.73300,47.20652
45.73400,47.20752
45.73500,47.20852
45.73600,47.20952
45.73700,47.21052
45.73800,47.21152
45.73900,47.21252
45.74000,47.21352
45.74100,47.21452
45.74200,47.21552
45.74300,47.21652
45.74400,47.21752
45.74500,47.21852
45.74600,47.21952
45.74700,47.22052
45.74800,47.22152
45.74900,47.22252
45.75000,47.22352
45.75100,47.22452
45.75200,47.22552
45.75300,47.22652
45.76300,47.22752
45.76400,47.22852
45.76500,47.22952
45.76600,47.23052
45.76700,47.23152
45.76800,47.23252
45.76900,47.23352
45.77000,47.23452
45.77100,47.23552
45.77200,47.23652
45.77300,47.23752
45.77400,47.23852
45.77500,47.23952
45.77600,47.24052
45.77700,47.24152
45.77800,47.24252
45.77900,47.24352
45.78000,47.24452
45.78100,47.24552
45.78200,47.24652
45.78300,47.24752
45.78400,47.24852
45.78500,47.24952
45.78600,47.25052
45.78700,47.25152
45.78800,47.25252
45.78900,47.25352
45.79000,47.25452
45.79100,47.25552
45.79200,47.25652
45.79300,47.25752
45.79400,47.25852
45.79500,47.25952
45.79600,47.26052
45.79700,47.26152
45.79800,47.26252
45.79900,47.26352
45.80000,47.26452
45.80100,47.26552
45.80200,47.26652
45.80300,47.26752
45.80400,47.26852
45.80500,47.26952
45.80600,47.27052
45.80700,47.27152
45.80800,47.27252
45.80900,47.27352
45.81000,47.27452
45.81100,47.27552
45.81200,47.27652
45.81300,47.27752
45.81400,47.27852
45.81500,47.27952
45.81600,47.28052
45.81700,47.28152
45.81800,47.28252
45.81900,47.28352
45.82000,47.28452
45.82100,47.28552
45.82200,47.28652
45.82300,47.28752
45.82400,47.28852
45.82500,47.28952
45.82600,47.29052
45.82700,47.29152
45.82800,47.29252
45.82900,47.29352
45.83000,47.29452
45.83100,47.29552
45.83200,47.29652
45.83300,47.29752
45.83400,47.29852
45.83500,47.29952
45.83600,47.30052
45.83700,47.30152
45.83800,47.30252
45.83900,47.30352
45.84000,47.30452
45.84100,47.30552
45.84200,47.30652
45.84300,47.30752
45.84400,47.30852
45.84500,47.30952
45.84600,47.31052
45.84700,47.31152
45.84800,47.31252
45.84900,47.31352
45.85000,47.31452
45.85100,47.31552
45.85200,47.31652
45.85300,47.31752
45.85400,47.31852
45.85500,47.31952
45.85600,47.32052
45.85700,47.32152
45.85800,47.32252
45.85900,47.32352
45.86000,47.32452
45.86100,47.32552
45.86200,47.32652
45.86300,47.32752
45.86400,47.32852
45.86500,47.32952
45.86600,47.33052
45.86700,47.33152
45.86800,47.33252
45.86900,47.33352
45.87000,47.33452
45.87100,47.33552
45.87200,47.33652
45.87300,47.33752
45.87400,47.33852
45.87500,47.33952
45.87600,47.34052
45.87700,47.34152
45.87800,47.34252
45.87900,47.34352
45.88000,47.34452
45.88100,47.34552
45.88200,47.34652
45.88300,47.34752
45.88400,47.34852
45.88500,47.34952
45.88600,47.35052
45.88700,47.35152
45.88800,47.35252
45.88900,47.35352
45.89000,47.35452
45.89100,47.35552
45.89200,47.35652
45.89300,47.35752
45.89400,47.35852
45.89500,47.35952
45.89600,47.36052
45.89700,47.36152
45.89800,47.36252
45.89900,47.36352
45.90000,47.36452
45.90100,47.36552
45.90200,47.36652
45.90300,47.36752
45.90400,47.36852
45.90500,47.36952
45.90600,47.37052
45.90700,47.37152
45.90800,47.37252
45.90900,47.37352
45.91000,47.37452
45.91100,47.37552
45.91200,47.37652
45.91300,47.37752
45.91400,47.37852
45.91500,47.37952
45.91600,47.38052
45.91700,47.38152
45.91800,47.38252
45.91900,47.38352
45.92000,47.38452
45.92100,47.38552
45.92200,47.38652
45.92300,47.38752
45.92400,47.38852
45.92500,47.38952
45.92600,47.39052
45.92700,47.39152
45.92800,47.39252
45.92900,47.39352
45.93000,47.39452
45.93100,47.39552
45.93200,47.39652
45.93300,47.39752
45.93400,47.39852
45.93500,47.39952
45.93600,47.40052
45.93700,47.40152
45.93800,47.40252
45.93900,47.40352
45.94000,47.40452
45.94100,47.40552
45.94200,47.40652
45.94300,47.40752
45.94400,47.40852
45.94500,47.40952
45.94600,47.41052
45.94700,47.41152
45.94800,47.41252
45.94900,47.41352
45.95000,47.41452
45.95100,47.41552
45.95200,47.41652
45.95300,47.41752
45.95400,47.41852
45.95500,47.41952
45.95600,47.42052
45.95700,47.42152
45.95800,47.42252
45.95900,47.42352
45.96000,47.42452
45.96100,47.42552
45.96200,47.42652
45.96300,47.42752
45.96400,47.42852
45.96500,47.42952
45.96600,47.43052
45.96700,47.43152
45.96800,47.43252
45.96900,47.43352
45.97000,47.43452
45.97100,47.43552
45.97200,47.43652
45.97300,47.43752
45.97400,47.43852
45.97500,47.43952
45.97600,47.44052
45.97700,47.44152
45.97800,47.44252
45.97900,47.44352
45.98000,47.44452
45.98100,47.44552
45.98200,47.44652
45.98300,47.44752
45.98400,47.44852
45.98500,47.44952
45.98600,47.45052
45.98700,47.45152
45.98800,47.45252
45.98900,47.45352
45.99000,47.45452
45.99100,47.45552
45.99200,47.45652
45.99300,47.45752
45.99400,47.45852
45.99500,47.45952
45.99600,47.46052
45.99700,47.46152
45.99800,47.46252
45.99900,47.46352
46.00000,47.46452
46.00100,47.46552
46.00200,47.46652
46.00300,47.46752
46.00400,47.46852
46.00500,47.46952
46.00600,47.47352
46.00700,47.47452
46.00800,47.47552
46.00900,47.47652
46.01000,47.47752
46.01100,47.47852
46.01200,47.47952
46.01300,47.48052
46.01400,47.48152
46.01500,47.48252
46.01600,47.48352
46.01700,47.48452
46.01800,47.48552
46.01900,47.48652
46.02000,47.48752
46.02100,47.48852
46.02200,47.48952
46.02300,47.49052
46.02400,47.49152
46.02500,47.49252
46.02600,47.49352
46.02700,47.49452
46.02800,47.49552
46.02900,47.49652
46.03000,47.49752
46.03100,47.49852
46.03200,47.49952
46.03300,47.50052
46.03400,47.50152
46.03500,47.50252
46.03600,47.50352
46.03700,47.50452
46.03800,47.50552
46.03900,47.50652
46.04000,47.50752
46.04100,47.50852
46.04200,47.50952
46.04300,47.51052
46.04400,47.51152
46.04500,47.51252
46.04600,47.51352
46.04700,47.51452
46.04800,47.51552
46.04900,47.51652
46.05000,47.51752
46.05100,47.51852
46.05200,47.51952
46.05300,47.52052
46.05400,47.52152
46.05500,47.52252
46.05600,47.52352
46.05700,47.52452
46.05800,47.52552
46.05900,47.52652
46.06000,47.52752
46.06100,47.52852
46.06200,47.52952
46.06300,47.53052
46.06400,47.53152
46.06500,47.53252
46.06600,47.53352
46.06700,47.53452
46.06800,47.53552
46.06900,47.53652
46.07000,47.53752
46.07100,47.53852
46.07200,47.53952
46.07300,47.54052
46.07400,47.54152
46.07500,47.54252
46.07600,47.54352
46.07700,47.54452
46.07800,47.54552
46.07900,47.54652
46.08000,47.54752
46.08100,47.54852
46.08200,47.54952
46.08300,47.55052
46.08400,47.55152
46.08500,47.55252
46.08600,47.55352
46.08700,47.55452
46.08800,47.55552
46.08900,47.55652
46.09000,47.55752
46.09100,47.55852
46.09200,47.55952
46.09300,47.56052
46.09400,47.56152
46.09500,47.56252
46.09600,47.56352
46.09700,47.56452
46.09800,47.56552
46.09900,47.56652
46.10000,47.56952
46.10100,47.57052
46.10200,47.57152
46.10300,47.57252
46.10400,47.57352
46.10500,47.57452
46.10600,47.57552
46.10700,47.57652
46.10800,47.57752
46.10900,47.57852
46.11000,47.57952
46.11100,47.58052
46.11200,47.58152
46.11300,47.58252
46.11400,47.58352
46.11500,47.58452
46.11600,47.58552
46.11700,47.58652
46.11800,47.58752
46.11900,47.58852
46.12000,47.58952
46.12100,47.59052
46.12200,47.59152
46.12300,47.59252
46.12400,47.59352
46.12500,47.59452
46.12600,47.59552
46.12700,47.59652
46.12800,47.59752
46.12900,47.59852
46.13000,47.59952
46.13100,47.60052
46.13200,47.60152
46.13300,47.60252
46.13400,47.60352
46.13500,47.60452
46.13600,47.60552
46.13700,47.60652
46.13800,47.60752
46.13900,47.60852
46.14000,47.60952
46.14100,47.61052
46.14200,47.61152
46.14300,47.61252
46.14400,47.61352
46.14500,47.61452
46.14600,47.61552
46.14700,47.61652
46.14800,47.61752
46.14900,47.61852
46.15000,47.61952
46.15100,47.62052
46.15200,47.62152
46.15400,47.62252
46.15500,47.62352
46.15600,47.62452
46.15700,47.62552
46.15800,47.62652
46.15900,47.62752
46.16000,47.62852
46.16100,47.62952
46.16200,47.63052
46.16300,47.63152
46.16400,47.63252
46.16500,47.63352
46.16600,47.63452
46.16700,47.63552
46.16800,47.63652
46.16900,47.63752
46.17000,47.63852
46.17100,47.63952
46.17200,47.64052
46.17300,47.64152
46.17400,47.64252
46.17500,47.64352
46.17600,47.64452
46.17700,47.64552
46.17800,47.64652
46.17900,47.64752
46.18000,47.64852
46.18100,47.64952
46.18200,47.65052
46.18300,47.65152
46.18400,47.65252
46.18500,47.65352
46.18600,47.65452
46.18700,47.65552
46.18800,47.65652
46.18900,47.65752
46.19000,47.65852
46.19100,47.65952
46.19200,47.66052
46.19300,47.66152
46.19400,47.66252
46.19500,47.66352
46.19600,47.66452
46.19700,47.66552
46.19800,47.66652
46.19900,47.66752
46.20000,47.66852
46.20100,47.66952
46.20200,47.67052
46.20300,47.67152
46.20400,47.67252
46.20500,47.67352
46.20600,47.67452
46.20700,47.67552
46.20800,47.67652
46.20900,47.67752
46.21000,47.67852
46.21100,47.67952
46.21200,47.68052
46.21300,47.68152
46.21400,47.68252
46.21500,47.68352
46.21600,47.68452
46.21700,47.68552
46.21800,47.68652
46.21900,47.68752
46.22000,47.68852
46.22100,47.68952
46.22200,47.69052
46.22300,47.69152
46.22400,47.69252
46.22500,47.69352
46.22600,47.69452
46.22700,47.69552
46.22800,47.69652
46.22900,47.69752
46.23000,47.69852
46.23100,47.69952
46.23200,47.70052
46.23300,47.70152
46.23400,47.70252
46.23500,47.70352
46.23600,47.70452
46.23700,47.70552
46.23800,47.70652
46.23900,47.70752
46.24000,47.70852
46.24100,47.70952
46.24200,47.71052
46.24300,47.71152
46.24400,47.71252
46.24500,47.71352
46.24600,47.71452
46.24700,47.71552
46.24800,47.71652
46.24900,47.71752
46.25000,47.71852
46.25100,47.72052
46.25200,47.72352
46.25300,47.72452
46.25400,47.72552
46.25500,47.72652
46.25600,47.72752
46.25700,47.72852
46.25800,47.72952
46.25900,47.73052
46.26000,47.73152
46.26100,47.73252
46.26200,47.73352
46.26300,47.73452
46.26400,47.73552
46.26500,47.73652
46.26600,47.73752
46.26700,47.73852
46.26800,47.73952
46.26900,47.74052
46.27000,47.74152
46.27100,47.74252
46.27200,47.74352
46.27300,47.74452
46.27400,47.74552
46.27500,47.74652
46.27600,47.74752
46.27700,47.74852
46.27800,47.74952
46.27900,47.75052
46.28000,47.75152
46.28100,47.75252
46.28200,47.75352
46.28300,47.75452
46.28400,47.75552
46.28500,47.75652
46.28600,47.75752
46.28700,47.75852
46.28800,47.75952
46.28900,47.76052
46.29000,47.76152
46.29100,47.76252
46.29200,47.76352
46.29300,47.76452
46.29400,47.76552
46.29500,47.76652
46.29600,47.76752
46.29700,47.76852
46.29800,47.76952
46.29900,47.77052
46.30000,47.77152
46.30100,47.77252
46.30200,47.77352
46.30300,47.77452
46.30400,47.77552
46.30500,47.77652
46.30600,47.77752
46.30700,47.77852
46.30800,47.77952
46.30900,47.78052
46.31000,47.78152
46.31100,47.78252
46.31200,47.78352
46.31300,47.78452
46.31400,47.78552
46.31500,47.78652
46.31600,47.78752
46.31700,47.78852
46.31800,47.78952
46.31900,47.79052
46.32000,47.79152
46.32100,47.79252
46.32200,47.79352
46.32300,47.79452
46.32400,47.79552
46.32500,47.79652
46.32600,47.79752
46.32700,47.79852
46.32800,47.79952
46.32900,47.80052
46.33000,47.80152
46.33100,47.80252
46.33200,47.80352
46.33300,47.80452
46.33400,47.80552
46.33500,47.80652
46.33600,47.80752
46.33700,47.80852
46.33800,47.80952
46.33900,47.81052
46.34000,47.81152
46.34100,47.81252
46.34200,47.81352
46.34300,47.81452
46.34400,47.81552
46.34500,47.81652
46.34600,47.81752
46.34700,47.81852
46.34800,47.81952
46.34900,47.82052
46.35000,47.82152
46.35100,47.82252
46.35200,47.82352
46.35300,47.82452
46.35400,47.82552
46.35500,47.82652
46.35600,47.82752
46.35700,47.82852
46.35800,47.82952
46.35900,47.83052
46.36000,47.83152
46.36100,47.83252
46.36200,47.83352
46.36300,47.83452
46.36400,47.83552
46.36500,47.83652
46.36600,47.83752
46.36700,47.83852
46.36800,47.83952
46.36900,47.84052
46.37000,47.84152
46.37100,47.84252
46.37200,47.84352
46.37300,47.84452
46.37400,47.84552
46.37500,47.84652
46.37600,47.84752
46.37700,47.84852
46.37800,47.84952
46.37900,47.85052
46.38000,47.85152
46.38100,47.85252
46.38200,47.85352
46.38300,47.85452
46.38400,47.85552
46.38500,47.85652
46.38600,47.85752
46.38700,47.85852
46.38800,47.85952
46.38900,47.86052
46.39000,47.86152
46.39100,47.86252
46.39200,47.86352
46.39300,47.86452
46.39400,47.86552
46.39500,47.86652
46.39600,47.86752
46.39700,47.86852
46.39800,47.86952
46.39900,47.87052
46.40000,47.87152
46.40100,47.87252
46.40200,47.87352
46.40300,47.87452
46.40400,47.87552
46.40500,47.87652
46.40600,47.87752
46.40700,47.87852
46.40800,47.87952
46.40900,47.88052
46.41000,47.88152
46.41100,47.88252
46.41200,47.88352
46.41300,47.88452
46.41400,47.88552
46.41500,47.88652
46.41600,47.88752
46.41700,47.88852
46.41800,47.88952
46.41900,47.89052
46.42000,47.89152
46.42100,47.89252
46.42200,47.89352
46.42300,47.89452
46.42400,47.89552
46.42500,47.89652
46.42600,47.89752
46.42700,47.89852
46.42800,47.89952
46.42900,47.90052
46.43000,47.90152
46.43100,47.90252
46.43200,47.90352
46.43300,47.90452
46.43400,47.90552
46.43500,47.90652
46.43600,47.90752
46.43700,47.90852
46.43800,47.90952
46.43900,47.91052
46.44000,47.91152
46.44100,47.91252
46.44200,47.91352
46.44300,47.93052
46.44400,47.93152
46.44500,47.93252
46.44600,47.93352
46.44700,47.93452
46.44800,47.93552
46.44900,47.93652
46.45000,47.93752
46.45100,47.93852
46.45200,47.93952
46.45300,47.94052
46.45400,47.94152
46.45500,47.94252
46.45600,47.94352
46.45700,47.94452
46.45800,47.94552
46.45900,47.94652
46.46000,47.94752
46.46100,47.94852
46.46200,47.94952
46.46300,47.95052
46.46400,47.95152
46.46500,47.95252
46.46600,47.95352
46.46700,47.95452
46.46800,47.95552
46.46900,47.95652
46.47000,47.95752
46.47100,47.95852
46.47200,47.95952
46.47300,47.96052
46.47400,47.96152
46.47500,47.96252
46.47600,47.96352
46.47700,47.96452
46.47800,47.96552
46.47900,47.96652
46.48000,47.96752
46.48100,47.96852
46.48200,47.96952
46.48300,47.97052
46.48400,47.97152
46.48500,47.97252
46.48600,47.97352
46.48700,47.97452
46.48800,47.97552
46.48900,47.97652
46.49000,47.97752
46.49100,47.97852
46.49200,47.97952
46.49300,47.98052
46.49400,47.98152
46.49500,47.98252
46.49600,47.98352
46.49700,47.98452
46.49800,47.98552
46.49900,47.98652
46.50000,47.98752
46.50100,47.98852
46.50200,47.98952
46.50300,47.99052
46.50400,47.99152
46.50500,47.99252
46.50600,47.99352
46.50700,47.99452
46.50800,47.99552
46.50900,47.99652
46.51000,47.99752
46.51100,47.99852
46.51200,47.99952
46.51300,48.00052
46.51700,48.00152
46.51800,48.00252
46.51900,48.00352
46.52000,48.00452
46.52100,48.00552
46.52200,48.00652
46.52300,48.00752
46.52400,48.00852
46.52500,48.00952
46.52600,48.01052
46.52700,48.01152
46.52800,48.01252
46.52900,48.01352
46.53000,48.01452
46.53100,48.01552
46.53200,48.01652
46.53300,48.01752
46.53400,48.01852
46.53500,48.01952
46.53600,48.02052
46.53700,48.02152
46.53800,48.02252
46.53900,48.02352
46.54000,48.02452
46.54100,48.02552
46.54200,48.02652
46.54300,48.02752
46.54400,48.02852
46.54500,48.02952
46.54600,48.03052
46.54700,48.03152
46.54800,48.03252
46.54900,48.03352
46.55000,48.03452
46.55100,48.03552
46.55200,48.03652
46.55300,48.03752
46.55400,48.03852
46.55500,48.03952
46.55600,48.04052
46.55700,48.04152
46.55800,48.04252
46.55900,48.04352
46.56000,48.04452
46.56100,48.04552
46.56200,48.04652
46.56300,48.04752
46.56400,48.04852
46.56500,48.04952
46.56700,48.05052
46.56900,48.05152
46.57000,48.05252
46.57100,48.05352
46.57200,48.05452
46.57300,48.05552
46.57400,48.05652
46.57500,48.05752
46.57600,48.05852
46.57700,48.05952
46.57800,48.06052
46.57900,48.06152
46.58000,48.06252
46.58100,48.06352
46.58200,48.06452
46.58300,48.06552
46.58400,48.06652
46.58500,48.06752
46.58600,48.06852
46.58700,48.06952
46.58800,48.07052
46.58900,48.07152
46.59000,48.07252
46.59100,48.07352
46.59200,48.07452
46.59300,48.07552
46.59400,48.07652
46.59500,48.07752
46.59600,48.07852
46.59700,48.07952
46.59800,48.08052
46.59900,48.08152
46.60000,48.08252
46.60100,48.08352
46.60200,48.08452
46.60300,48.08552
46.60400,48.08652
46.60500,48.08752
46.60600,48.08852
46.60700,48.08952
46.60800,48.09052
46.60900,48.09152
46.61000,48.09252
46.61100,48.09352
46.61200,48.09452
46.61300,48.09552
46.61400,48.09652
46.61500,48.09752
46.61600,48.09852
46.61700,48.09952
46.61800,48.10052
46.61900,48.10152
46.62000,48.10252
46.62100,48.10352
46.62200,48.10452
46.62300,48.10552
46.62400,48.10652
46.62500,48.10752
46.62600,48.10852
46.62700,48.10952
46.62800,48.11052
46.62900,48.11152
46.63000,48.11252
46.63100,48.11352
46.63200,48.11452
46.63300,48.11552
46.63400,48.11652
46.63500,48.11752
46.63600,48.11852
46.63700,48.11952
46.63800,48.12052
46.63900,48.12152
46.64000,48.12252
46.64100,48.12352
46.64200,48.12452
46.64300,48.12552
46.64400,48.12652
46.64500,48.12752
46.64600,48.12852
46.64700,48.12952
46.64800,48.13052
46.64900,48.13152
46.65000,48.13352
46.65100,48.13452
46.65200,48.13652
46.65300,48.13752
46.65400,48.14052
46.65500,48.14352
46.65600,48.14452
46.65700,48.14652
46.65800,48.14752
46.65900,48.14952
46.66000,48.15052
46.66100,48.15152
46.66200,48.15252
46.66300,48.15352
46.66400,48.15452
46.66500,48.15552
46.66600,48.15652
46.66700,48.15752
46.66800,48.15852
46.66900,48.15952
46.67000,48.16052
46.67100,48.16152
46.67200,48.16252
46.67300,48.16352
46.67400,48.16452
46.67500,48.16552
46.67600,48.16752
46.67700,48.16852
46.67800,48.16952
46.67900,48.17052
46.68000,48.17152
46.68100,48.17252
46.68200,48.17352
46.68300,48.17452
46.68400,48.17552
46.68500,48.17652
46.68600,48.17752
46.68700,48.17852
46.68800,48.17952
46.68900,48.18052
46.69000,48.18152
46.69100,48.18252
46.69200,48.18352
46.69300,48.18452
46.69400,48.18552
46.69500,48.18652
46.69600,48.18752
46.69700,48.18852
46.69800,48.18952
46.69900,48.19052
46.70000,48.19152
46.70100,48.19252
46.70200,48.19352
46.70300,48.19452
46.70400,48.19552
46.70500,48.19652
46.70600,48.19752
46.70700,48.19852
46.70800,48.19952
46.70900,48.20052
46.71000,48.20152
46.71100,48.20252
46.71200,48.20352
46.71300,48.20452
46.71400,48.20552
46.71500,48.20652
46.71600,48.20752
46.71700,48.20852
46.71800,48.20952
46.71900,48.21052
46.72000,48.21152
46.72100,48.21252
46.72200,48.21352
46.72300,48.21452
46.72400,48.21552
46.72500,48.21652
46.72600,48.21752
46.72700,48.21852
46.72800,48.21952
46.72900,48.22052
46.73000,48.22152
46.73100,48.22252
46.73200,48.22352
46.73300,48.22452
46.73400,48.22552
46.73500,48.22652
46.73600,48.22752
46.73700,48.22852
46.73800,48.22952
46.73900,48.23052
46.74000,48.23152
46.74100,48.23252
46.74200,48.23352
46.74300,48.23452
46.74400,48.23552
46.74500,48.23652
46.74600,48.23752
46.74700,48.23852
46.74800,48.23952
46.74900,48.24052
46.75000,48.24152
46.75100,48.24252
46.75200,48.24352
46.75300,48.24452
46.75400,48.24552
46.75500,48.24652
46.75600,48.24752
46.75700,48.24852
46.75800,48.24952
46.75900,48.25052
46.76000,48.25152
46.76100,48.25252
46.76200,48.25352
46.76300,48.25452
46.76400,48.25552
46.76500,48.25652
46.76800,48.25752
46.76900,48.25852
46.77000,48.25952
46.77100,48.26052
46.77200,48.26152
46.77300,48.26252
46.77400,48.26352
46.77500,48.26452
46.77600,48.26552
46.77700,48.26652
46.77800,48.26752
46.77900,48.26852
46.78000,48.26952
46.78100,48.27052
46.78200,48.27152
46.78300,48.27252
46.78400,48.27352
46.78500,48.27452
46.78800,48.27552
46.79100,48.27652
46.79200,48.27752
46.79300,48.27852
46.79400,48.27952
46.79500,48.28052
46.79600,48.28152
46.79700,48.28252
46.79800,48.28352
46.79900,48.28452
46.80000,48.28552
46.80100,48.28652
46.80200,48.28752
46.80300,48.28852
46.80400,48.28952
46.80500,48.29052
46.80600,48.29152
46.80700,48.29252
46.80800,48.29352
46.80900,48.29452
46.81000,48.29552
46.81100,48.29652
46.81200,48.29752
46.81300,48.29852
46.81400,48.29952
46.81500,48.30052
46.81600,48.30152
46.81700,48.30252
46.81800,48.30352
46.81900,48.30452
46.82000,48.30552
46.82100,48.30652
46.82200,48.30752
46.82300,48.30852
46.82400,48.30952
46.82500,48.31052
46.82600,48.31152
46.82700,48.31252
46.82800,48.31352
46.82900,48.31452
46.83000,48.31552
46.83100,48.31652
46.83200,48.31752
46.83300,48.31852
46.83400,48.31952
46.83500,48.32052
46.83600,48.32152
46.83700,48.32252
46.83800,48.32352
46.83900,48.32452
46.84000,48.32552
46.84100,48.32652
46.84200,48.32752
46.84300,48.32852
46.84400,48.32952
46.84500,48.33052
46.84600,48.33152
46.84700,48.33252
46.84800,48.33352
46.84900,48.33452
46.85400,48.33552
46.85500,48.33652
46.85600,48.33752
46.85700,48.33852
46.85800,48.33952
46.85900,48.34052
46.86000,48.34152
46.86100,48.34252
46.86200,48.34352
46.86300,48.34452
46.86400,48.34552
46.86500,48.34652
46.86600,48.34752
46.86800,48.34852
46.86900,48.34952
46.87000,48.35052
46.87100,48.35152
46.87200,48.35252
46.87300,48.35352
46.87400,48.35452
46.87500,48.35552
46.87600,48.35652
46.87700,48.35752
46.87800,48.35852
46.87900,48.35952
46.88000,48.36052
46.88100,48.36152
46.88200,48.36252
46.88300,48.36352
46.88400,48.36452
46.88500,48.36552
46.88600,48.36652
46.88700,48.36752
46.88800,48.36852
46.88900,48.36952
46.89000,48.37052
46.89100,48.37152
46.89200,48.37252
46.89300,48.37352
46.89400,48.37452
46.89500,48.37552
46.89600,48.37652
46.89700,48.37752
46.89800,48.37852
46.89900,48.37952
46.90000,48.38052
46.90100,48.38152
46.90200,48.38252
46.90300,48.38352
46.90400,48.38452
46.90500,48.38552
46.90600,48.38652
46.90700,48.38752
46.90800,48.38852
46.90900,48.38952
46.91000,48.39052
46.91100,48.39152
46.91200,48.39252
46.91300,48.39352
46.91400,48.39452
46.91500,48.39552
46.91600,48.39652
46.91700,48.39752
46.91800,48.39852
46.91900,48.39952
46.92000,48.40052
46.92100,48.40152
46.92200,48.40252
46.92300,48.40352
46.92400,48.40452
46.92500,48.40552
46.92600,48.40652
46.92700,48.40752
46.92800,48.40852
46.92900,48.40952
46.93000,48.41052
46.93100,48.41152
46.93200,48.41252
46.93300,48.41352
46.93400,48.41452
46.93500,48.41552
46.93600,48.41652
46.93700,48.41752
46.93800,48.41852
46.93900,48.41952
46.94000,48.42052
46.94100,48.42152
46.94200,48.42252
46.94300,48.42352
46.94400,48.42452
46.94500,48.42552
46.94600,48.42652
46.94700,48.42752
46.94800,48.42852
46.94900,48.42952
46.95000,48.43052
46.95100,48.43152
46.95200,48.43252
46.95300,48.43352
46.95400,48.43452
46.95500,48.43552
46.95600,48.43652
46.95700,48.43752
46.95800,48.43852
46.95900,48.43952
46.96000,48.44052
46.96100,48.44152
46.96200,48.44252
46.96300,48.44352
46.96400,48.44452
46.96500,48.44552
46.96600,48.44652
46.96700,48.44752
46.96800,48.45752
46.96900,48.45852
46.97000,48.45952
46.97100,48.46052
46.97200,48.46152
46.97300,48.46252
46.97400,48.46352
46.97500,48.46452
46.97600,48.47452
46.97700,48.47552
46.97800,48.47652
46.97900,48.47752
46.98000,48.47852
46.98100,48.47952
46.98200,48.48052
46.98300,48.48152
46.98400,48.48252
46.98500,48.48352
46.98600,48.48452
46.98700,48.48552
46.98800,48.48652
46.98900,48.48752
46.99000,48.48852
46.99100,48.48952
46.99200,48.49052
46.99300,48.49152
46.99400,48.49252
46.99500,48.49352
46.99600,48.49452
46.99700,48.49552
46.99800,48.49652
46.99900,48.49752
47.00000,48.49852
47.00100,48.49952
47.00200,48.50052
47.00300,48.50152
47.00400,48.50252
47.00500,48.50352
47.00600,48.50452
47.00700,48.50552
47.00800,48.50652
47.00900,48.50752
47.01000,48.50852
47.01100,48.50952
47.01200,48.51052
47.01300,48.51152
47.01400,48.51252
47.01500,48.51352
47.01600,48.51452
47.01800,48.51552
47.01900,48.51652
47.02000,48.51752
47.02100,48.51852
47.02200,48.51952
47.02300,48.52052
47.02400,48.52152
47.02500,48.52252
47.02600,48.52352
47.02700,48.52452
47.02800,48.52552
47.02900,48.52652
47.03000,48.52752
47.03100,48.52852
47.03200,48.52952
47.03300,48.53052
47.03400,48.53152
47.03500,48.53252
47.03600,48.53352
47.03700,48.53452
47.03800,48.53552
47.03900,48.53652
47.04000,48.53752
47.04100,48.53852
47.04200,48.53952
47.04300,48.54052
47.04400,48.54152
47.04500,48.54252
47.04600,48.54352
47.04700,48.54452
47.04800,48.54552
47.04900,48.54652
47.05000,48.54752
47.05100,48.54852
47.05200,48.54952
47.05300,48.55052
47.05400,48.55152
47.05500,48.55252
47.05600,48.55352
47.05700,48.55452
47.05800,48.55552
47.05900,48.55652
47.06000,48.55752
47.06100,48.55852
47.06200,48.55952
47.06300,48.56052
47.06400,48.56152
47.06500,48.56252
47.06600,48.56352
47.06700,48.56452
47.06800,48.56552
47.06900,48.56652
47.07000,48.56752
47.07100,48.56852
47.07200,48.56952
47.07300,48.57052
47.07400,48.57152
47.07500,48.57252
47.07600,48.57352
47.07700,48.57452
47.07800,48.57552
47.07900,48.57652
47.08000,48.57752
47.08100,48.57852
47.08200,48.57952
47.08300,48.58052
47.08400,48.58152
47.08500,48.58252
47.08600,48.58352
47.08700,48.58452
47.08800,48.58552
47.08900,48.58652
47.09000,48.58752
47.09100,48.58852
47.09400,48.58952
47.09500,48.59052
47.09600,48.59152
47.09700,48.59252
47.09800,48.59352
47.09900,48.59452
47.10000,48.59552
47.10100,48.59652
47.10200,48.59752
47.10300,48.59852
47.10400,48.59952
47.10500,48.60052
47.10600,48.60152
47.10700,48.60252
47.10800,48.60352
47.10900,48.60452
47.11000,48.60552
47.11100,48.60652
47.11200,48.60752
47.11300,48.60852
47.11400,48.60952
47.11500,48.61052
47.11600,48.61152
47.11700,48.61252
47.11800,48.61352
47.11900,48.61452
47.12000,48.61552
47.12100,48.61652
47.12200,48.61752
47.12300,48.61852
47.12400,48.61952
47.12500,48.62052
47.12600,48.62152
47.12700,48.62252
47.12800,48.62352
47.12900,48.62452
47.13000,48.62552
47.13100,48.62652
47.13200,48.62752
47.13300,48.62852
47.13400,48.62952
47.13500,48.63052
47.13600,48.63152
47.13700,48.63252
47.13800,48.63352
47.13900,48.63452
47.14000,48.63552
47.14100,48.63652
47.14200,48.63752
47.14300,48.63852
47.14400,48.63952
47.14500,48.64052
47.14600,48.64152
47.14700,48.64252
47.14800,48.64352
47.14900,48.64452
47.15000,48.64552
47.15100,48.64652
47.15200,48.64752
47.15300,48.64852
47.15400,48.64952
47.15500,48.65052
47.15600,48.65152
47.15700,48.65252
47.15800,48.65352
47.15900,48.65452
47.16000,48.65552
47.16100,48.65652
47.16200,48.65752
47.16300,48.65852
47.16400,48.65952
47.16500,48.66052
47.16600,48.66152
47.16700,48.66252
47.16800,48.66352
47.16900,48.66752
47.17000,48.66852
47.17100,48.66952
47.17200,48.67052
47.17300,48.67152
47.17400,48.67252
47.17500,48.67352
47.17600,48.67452
47.17700,48.67552
47.17800,48.67652
47.17900,48.67752
47.18000,48.67852
47.18100,48.67952
47.18200,48.68052
47.18300,48.68152
47.18400,48.68252
47.18500,48.68352
47.18600,48.68452
47.18700,48.68552
47.18800,48.68652
47.18900,48.68752
47.19000,48.68852
47.19100,48.68952
47.19200,48.69052
47.19300,48.69152
47.19400,48.69252
47.19500,48.69352
47.19600,48.69452
47.19700,48.69552
47.19800,48.69652
47.19900,48.69752
47.20000,48.69852
47.20100,48.69952
47.20200,48.70052
47.20300,48.70152
47.20400,48.70252
47.20500,48.70352
47.20600,48.70452
47.20700,48.70552
47.20800,48.70652
47.20900,48.70752
47.21000,48.70852
47.21100,48.70952
47.21200,48.71052
47.21300,48.71152
47.21400,48.71252
47.21500,48.71352
47.21600,48.71452
47.21700,48.71552
47.21800,48.71652
47.21900,48.71752
47.22000,48.71852
47.22100,48.71952
47.22200,48.72052
47.22300,48.72152
47.22400,48.72252
47.22500,48.72352
47.22600,48.72452
47.22700,48.72552
47.22800,48.72652
47.22900,48.72752
47.23000,48.72852
47.23100,48.72952
47.23200,48.73052
47.23300,48.73152
47.23400,48.73252
47.23500,48.73352
47.23600,48.73452
47.23700,48.73552
47.23800,48.73652
47.23900,48.73752
47.24000,48.73852
47.24100,48.73952
47.24200,48.74052
47.24300,48.74152
47.24400,48.74252
47.24500,48.74352
47.24600,48.74452
47.24700,48.74552
47.24800,48.74652
47.24900,48.74752
47.25000,48.74852
47.25100,48.74952
47.25200,48.75052
47.25300,48.75152
47.25400,48.75252
47.25500,48.75352
47.25600,48.75452
47.25700,48.75552
47.25800,48.75652
47.25900,48.75752
47.26000,48.75852
47.26100,48.75952
47.26200,48.76052
47.26300,48.76152
47.26400,48.76252
47.26500,48.76352
47.26600,48.76452
47.26700,48.76552
47.26800,48.76752
47.26900,48.76852
47.27000,48.76952
47.27100,48.77052
47.27200,48.77152
47.27300,48.77252
47.27400,48.77352
47.27500,48.77452
47.27600,48.77552
47.27700,48.77652
47.27800,48.77752
47.27900,48.77852
47.28000,48.77952
47.28100,48.78052
47.28200,48.78152
47.28300,48.78252
47.28400,48.78352
47.28500,48.78452
47.28600,48.78552
47.28700,48.78652
47.28800,48.78752
47.28900,48.78852
47.29000,48.78952
47.29100,48.79052
47.29200,48.79152
47.29300,48.79252
47.29400,48.79352
47.29500,48.79452
47.29600,48.79552
47.29700,48.79652
47.29800,48.79752
47.29900,48.79852
47.30000,48.79952
47.30100,48.80052
47.30200,48.80152
47.30300,48.80252
47.30400,48.80352
47.30500,48.80452
47.30600,48.80552
47.30700,48.80652
47.30800,48.80752
47.30900,48.80852
47.31000,48.80952
47.31100,48.81052
47.31200,48.81152
47.31300,48.81252
47.31400,48.81352
47.31500,48.81452
47.31600,48.81552
47.31700,48.81652
47.31800,48.81752
47.31900,48.81852
47.32000,48.81952
47.32100,48.82052
47.32200,48.82152
47.32300,48.82252
47.32400,48.82352
47.32500,48.82452
47.32600,48.82552
47.32700,48.82652
47.32800,48.82752
47.32900,48.82852
47.33000,48.82952
47.33100,48.83052
47.33200,48.83152
47.33300,48.83252
47.33400,48.83352
47.33500,48.83452
47.33600,48.83552
47.33700,48.83652
47.33800,48.83752
47.33900,48.83852
47.34000,48.83952
47.34100,48.84052
47.34200,48.84152
47.34300,48.84352
47.34400,48.84452
47.34500,48.84552
47.34600,48.84652
47.34700,48.84752
47.34800,48.84852
47.34900,48.84952
47.35000,48.85052
47.35100,48.85152
47.35200,48.85252
47.35300,48.85352
47.35400,48.85452
47.35500,48.85552
47.35600,48.85652
47.35700,48.85752
47.35800,48.85852
47.35900,48.85952
47.36000,48.86052
47.36100,48.86152
47.36200,48.86452
47.36300,48.86552
47.36400,48.86652
47.36500,48.86752
47.36600,48.86852
47.36700,48.86952
47.36800,48.87052
47.36900,48.87152
47.37000,48.87252
47.37100,48.87352
47.37200,48.87452
47.37300,48.87552
47.37400,48.87652
47.37500,48.87752
47.37600,48.87852
47.37700,48.87952
47.37800,48.88052
47.37900,48.88152
47.38000,48.88252
47.38100,48.88352
47.38200,48.88452
47.38300,48.88552
47.38400,48.88652
47.38500,48.88752
47.38600,48.88852
47.38700,48.88952
47.38800,48.89052
47.38900,48.89152
47.39000,48.89252
47.39100,48.89352
47.39200,48.89452
47.39300,48.89552
47.39400,48.89652
47.39500,48.89752
47.39600,48.89852
47.39700,48.89952
47.39800,48.90052
47.39900,48.90152
47.40000,48.90252
47.40100,48.90352
47.40200,48.90452
47.40300,48.90552
47.40400,48.90652
47.40500,48.90752
47.40600,48.90852
47.40700,48.90952
47.40800,48.91052
47.40900,48.91152
47.41000,48.91252
47.41100,48.91352
47.41200,48.91452
47.41300,48.91552
47.41400,48.91652
47.41500,48.91752
47.41600,48.91852
47.41700,48.91952
47.41800,48.92052
47.41900,48.92152
47.42000,48.92252
47.42100,48.92352
47.42200,48.92452
47.42300,48.92552
47.42400,48.92652
47.42500,48.92752
47.42600,48.92852
47.42700,48.92952
47.42800,48.93052
47.42900,48.93152
47.43000,48.93252
47.43100,48.93352
47.43200,48.93452
47.43300,48.93552
47.43400,48.93652
47.43500,48.93752
47.43600,48.93852
47.43700,48.93952
47.43800,48.94052
47.43900,48.94152
47.44000,48.94252
47.44100,48.94352
47.44200,48.94452
47.44300,48.94552
47.44400,48.94652
47.44500,48.94752
47.44600,48.94852
47.44700,48.94952
47.44800,48.95052
47.44900,48.95152
47.45000,48.95252
47.45100,48.95352
47.45200,48.95452
47.45300,48.95552
47.45400,48.95652
47.45500,48.95752
47.45600,48.95852
47.45700,48.95952
47.45800,48.96052
47.45900,48.96152
47.46000,48.96252
47.46100,48.96352
47.46200,48.96452
47.46300,48.96552
47.46400,48.96652
47.46500,48.96752
47.46600,48.96852
47.46700,48.96952
47.46800,48.97052
47.46900,48.97152
47.47000,48.97252
47.47100,48.97352
47.47200,48.97452
47.47300,48.97552
47.47400,48.97652
47.47500,48.97752
47.47600,48.97852
47.47700,48.97952
47.47800,48.98052
47.47900,48.98152
47.48000,48.98252
47.48100,48.98352
47.48200,48.98452
47.48300,48.98552
47.48400,48.98652
47.48500,48.98752
47.48600,48.98852
47.48700,48.98952
47.48800,48.99052
47.48900,48.99152
47.49000,48.99252
47.49100,48.99352
47.49200,48.99452
47.49300,48.99552
47.49400,48.99652
47.49500,48.99752
47.49600,48.99852
47.49700,48.99952
47.49800,49.00252
47.49900,49.00352
47.50000,49.00452
47.50100,49.00552
47.50200,49.00652
47.50300,49.00752
47.50400,49.00852
47.50500,49.00952
47.50600,49.01052
47.50700,49.01152
47.50800,49.01252
47.50900,49.01352
47.51000,49.01452
47.51100,49.01552
47.51200,49.01652
47.51300,49.01752
47.51400,49.01852
47.51500,49.01952
47.51600,49.02052
47.51700,49.02152
47.51800,49.02252
47.51900,49.02352
47.52000,49.02452
47.52100,49.02552
47.52200,49.02652
47.52300,49.02752
47.52400,49.02852
47.52500,49.02952
47.52600,49.03052
47.52700,49.03152
47.52800,49.03252
47.52900,49.03352
47.53000,49.03452
47.53100,49.03552
47.53200,49.03652
47.53300,49.03752
47.53400,49.03852
47.53500,49.03952
47.53600,49.04052
47.53700,49.04152
47.53800,49.04252
47.53900,49.04352
47.54000,49.04452
47.54100,49.04552
47.54200,49.04652
47.54300,49.04752
47.54400,49.04852
47.54500,49.04952
47.54600,49.05052
47.54700,49.05152
47.54800,49.05252
47.54900,49.05352
47.55000,49.05452
47.55100,49.05552
47.55200,49.05652
47.55300,49.05752
47.55400,49.05852
47.55500,49.05952
47.55600,49.06052
47.55700,49.06152
47.55800,49.06252
47.55900,49.06352
47.56000,49.06452
47.56100,49.06552
47.56200,49.06652
47.56300,49.06752
47.56400,49.06852
47.56500,49.06952
47.56600,49.07052
47.56700,49.07152
47.56800,49.07252
47.56900,49.07352
47.57000,49.07452
47.57100,49.07552
47.57200,49.07652
47.57300,49.07752
47.57400,49.07852
47.57500,49.07952
47.57600,49.08052
47.57700,49.08152
47.57800,49.08252
47.57900,49.08352
47.58000,49.08452
47.58100,49.08552
47.58200,49.08652
47.58300,49.08752
47.58400,49.08852
47.58500,49.08952
47.58600,49.09052
47.58700,49.09152
47.58800,49.09252
47.58900,49.09352
47.59000,49.09452
47.59100,49.09552
47.59200,49.09652
47.59300,49.09752
47.59400,49.09852
47.59500,49.09952
47.59600,49.10052
47.59700,49.10152
47.59800,49.10252
47.59900,49.10352
47.60000,49.10452
47.60100,49.10552
47.60200,49.11252
47.60300,49.11352
47.60400,49.11452
47.60500,49.11552
47.60600,49.11652
47.60700,49.11752
47.60800,49.12152
47.60900,49.12252
47.61000,49.12352
47.61100,49.12452
47.61200,49.12552
47.61300,49.12652
47.61400,49.12752
47.61500,49.12852
47.61600,49.12952
47.61700,49.13052
47.61800,49.13152
47.61900,49.13252
47.62000,49.13352
47.62100,49.13452
47.62200,49.13552
47.62300,49.13652
47.62400,49.13752
47.62500,49.13852
47.62600,49.13952
47.62700,49.14052
47.62800,49.14152
47.62900,49.14252
47.63000,49.14352
47.63100,49.14452
47.63200,49.14552
47.63300,49.14652
47.63400,49.14752
47.63500,49.14852
47.63600,49.14952
47.63700,49.15052
47.63800,49.15152
47.63900,49.15252
47.64000,49.15352
47.64100,49.15452
47.64200,49.15552
47.64300,49.15652
47.64400,49.15752
47.64500,49.15852
47.64600,49.15952
47.64700,49.16052
47.64800,49.16152
47.64900,49.16252
47.65000,49.16352
47.65100,49.16452
47.65200,49.16552
47.65300,49.16652
47.65400,49.16752
47.65500,49.16852
47.65600,49.16952
47.65700,49.17052
47.65800,49.17152
47.65900,49.17252
47.66000,49.17352
47.66100,49.17452
47.66200,49.17552
47.66300,49.17652
47.66400,49.17752
47.66500,49.17852
47.66600,49.17952
47.66700,49.18052
47.66800,49.18152
47.66900,49.18252
47.67000,49.18352
47.67100,49.18452
47.67200,49.18552
47.67300,49.18652
47.67400,49.18752
47.67500,49.18852
47.67600,49.18952
47.67700,49.19052
47.67800,49.19152
47.67900,49.19252
47.68000,49.19352
47.68100,49.19452
47.68200,49.19552
47.68300,49.19652
47.68400,49.19752
47.68500,49.19852
47.68600,49.19952
47.68700,49.20052
47.68800,49.20152
47.68900,49.20252
47.69000,49.20352
47.69100,49.20452
47.69200,49.20552
47.69300,49.20652
47.69400,49.20752
47.69500,49.20852
47.69600,49.20952
47.69700,49.21052
47.69800,49.21152
47.69900,49.21252
47.70000,49.21352
47.70100,49.21452
47.70200,49.21552
47.70300,49.21652
47.70400,49.21752
47.70500,49.21852
47.70600,49.21952
47.70700,49.22052
47.70800,49.22152
47.70900,49.22252
47.71000,49.22352
47.71100,49.22452
47.71200,49.22552
47.71300,49.22652
47.71400,49.22752
47.71500,49.22852
47.71600,49.22952
47.71700,49.23052
47.71800,49.23152
47.71900,49.23252
47.72000,49.23352
47.72100,49.23452
47.72200,49.23552
47.72300,49.23652
47.72400,49.23752
47.72500,49.23852
47.72600,49.23952
47.72700,49.24052
47.72800,49.24152
47.72900,49.24252
47.73000,49.24352
47.73100,49.24452
47.73200,49.24552
47.73300,49.24652
47.73400,49.24752
47.73500,49.24852
47.73600,49.24952
47.73700,49.25052
47.73800,49.25152
47.74500,49.25252
47.74600,49.25352
47.74700,49.25452
47.74800,49.25552
47.74900,49.25652
47.75000,49.25752
47.75100,49.25852
47.75200,49.25952
47.75300,49.26052
47.75400,49.26152
47.75500,49.26252
47.75600,49.26352
47.75700,49.26452
47.75800,49.26552
47.75900,49.26652
47.76000,49.26752
47.76100,49.26852
47.76200,49.26952
47.76300,49.27052
47.76400,49.27152
47.76500,49.27252
47.76600,49.27352
47.76700,49.27452
47.76800,49.27552
47.76900,49.27652
47.77000,49.27752
47.77100,49.27852
47.77200,49.27952
47.77300,49.28052
47.77400,49.28152
47.77500,49.28252
47.77600,49.28352
47.77700,49.28452
47.77800,49.28552
47.77900,49.28652
47.78000,49.28752
47.78100,49.28852
47.78200,49.28952
47.78300,49.29052
47.78400,49.29152
47.78500,49.29252
47.78600,49.29352
47.78700,49.29452
47.78800,49.29552
47.78900,49.29652
47.79000,49.29752
47.79100,49.29852
47.79200,49.29952
47.79300,49.30052
47.79400,49.30152
47.79500,49.30252
47.79600,49.30352
47.79700,49.30452
47.79800,49.30552
47.79900,49.30652
47.80000,49.30752
47.80100,49.30852
47.80200,49.30952
47.80300,49.31052
47.80400,49.31152
47.80500,49.31252
47.80600,49.31352
47.80700,49.31452
47.80800,49.31552
47.80900,49.31652
47.81000,49.31752
47.81100,49.31852
47.81200,49.31952
47.81300,49.32052
47.81400,49.32152
47.81500,49.32252
47.81600,49.32352
47.81700,49.32452
47.81800,49.32552
47.81900,49.32652
47.82000,49.32752
47.82100,49.32852
47.82200,49.32952
47.82300,49.33052
47.82400,49.33152
47.82500,49.33252
47.82600,49.33352
47.82700,49.33452
47.82800,49.33552
47.82900,49.33652
47.83000,49.33752
47.83100,49.33852
47.83200,49.33952
47.83300,49.34052
47.83400,49.34152
47.83500,49.34252
47.83600,49.34352
47.83700,49.34452
47.83800,49.34552
47.83900,49.34652
47.84000,49.34752
47.84100,49.34852
47.84200,49.34952
47.84300,49.35052
47.84400,49.35152
47.84500,49.35252
47.84600,49.35352
47.84700,49.35452
47.84800,49.35552
47.84900,49.35652
47.85000,49.35752
47.85100,49.35852
47.85200,49.35952
47.85300,49.36052
47.85400,49.36152
47.85500,49.36252
47.85600,49.36352
47.85700,49.36452
47.85800,49.36552
47.85900,49.36652
47.86000,49.36752
47.86100,49.36852
47.86200,49.36952
47.86300,49.37052
47.86400,49.37152
47.86500,49.37252
47.86600,49.37352
47.86900,49.37452
47.87000,49.37552
47.87100,49.37652
47.87200,49.37752
47.87300,49.37852
47.87400,49.37952
47.87500,49.38052
47.87600,49.38152
47.87700,49.38252
47.87800,49.38352
47.87900,49.38452
47.88000,49.38552
47.88100,49.38652
47.88200,49.38752
47.88300,49.38852
47.88400,49.38952
47.88500,49.39052
47.88600,49.39152
47.88700,49.39252
47.88800,49.39352
47.88900,49.39452
47.89000,49.39552
47.89100,49.39652
47.89200,49.39752
47.89300,49.39852
47.89400,49.39952
47.89500,49.40052
47.89600,49.40152
47.89700,49.40252
47.89800,49.40352
47.89900,49.40452
47.90000,49.40552
47.90100,49.40652
47.90200,49.40752
47.90300,49.40852
47.90400,49.40952
47.90500,49.41052
47.90600,49.41152
47.90700,49.41252
47.90800,49.41352
47.90900,49.41452
47.91000,49.41552
47.91100,49.41652
47.91200,49.41752
47.91300,49.41852
47.91400,49.41952
47.91500,49.42052
47.91600,49.42152
47.91700,49.42252
47.91800,49.42352
47.91900,49.42452
47.92000,49.42552
47.92100,49.42652
47.92200,49.42852
47.92300,49.42952
47.92400,49.43052
47.92500,49.43152
47.92600,49.43252
47.92700,49.43352
47.92800,49.43452
47.92900,49.43552
47.93000,49.43652
47.93100,49.43752
47.93200,49.43852
47.93300,49.43952
47.93400,49.44052
47.93500,49.44152
47.93600,49.44252
47.93700,49.44352
47.93800,49.44452
47.93900,49.44552
47.94000,49.44652
47.94100,49.44752
47.94200,49.44852
47.94300,49.44952
47.94400,49.45052
47.94500,49.45152
47.94600,49.45252
47.94700,49.45352
47.94800,49.45452
47.94900,49.45552
47.95000,49.45652
47.95100,49.45752
47.95200,49.45852
47.95300,49.45952
47.95400,49.46052
47.95500,49.46152
47.95600,49.46252
47.95700,49.46352
47.95800,49.46452
47.95900,49.46552
47.96000,49.46652
47.96100,49.46752
47.96200,49.46852
47.96300,49.46952
47.96400,49.47052
47.96500,49.47152
47.96600,49.47252
47.96700,49.47352
47.96800,49.47452
47.96900,49.47552
47.97000,49.47652
47.97100,49.47752
47.97200,49.47852
47.97300,49.47952
47.97400,49.48052
47.97500,49.48152
47.97600,49.48252
47.97700,49.48352
47.97800,49.48452
47.97900,49.48552
47.98000,49.48652
47.98100,49.48752
47.98200,49.48852
47.98300,49.48952
47.98400,49.49052
47.98500,49.49152
47.98600,49.49252
47.98700,49.49352
47.98800,49.49452
47.98900,49.49552
47.99000,49.49652
47.99100,49.49752
47.99200,49.49852
47.99300,49.49952
47.99400,49.50052
47.99500,49.50152
47.99600,49.50252
47.99700,49.50352
47.99800,49.50452
47.99900,49.50552
48.00000,49.50652
48.00100,49.51552
48.00200,49.51652
48.00300,49.51752
48.00400,49.51852
48.00500,49.51952
48.00600,49.52052
48.00700,49.52152
48.00800,49.52252
48.00900,49.52352
48.01000,49.52452
48.01100,49.52552
48.01200,49.52652
48.01300,49.52752
48.01400,49.52852
48.01500,49.52952
48.01600,49.53052
48.01700,49.53252
48.01800,49.53952
48.01900,49.54052
48.02000,49.54152
48.02100,49.54252
48.02200,49.54352
48.02300,49.54452
48.02400,49.54552
48.02500,49.54652
48.02600,49.54752
48.02700,49.54852
48.02800,49.54952
48.02900,49.55052
48.03000,49.55152
48.03100,49.55252
48.03200,49.55352
48.03300,49.55452
48.03400,49.55552
48.03500,49.55652
48.03600,49.55752
48.03700,49.55852
48.03800,49.55952
48.03900,49.56052
48.04000,49.56152
48.04100,49.56252
48.04200,49.56352
48.04300,49.56452
48.04400,49.56552
48.04500,49.56652
48.04600,49.56752
48.04700,49.56852
48.04800,49.56952
48.04900,49.57052
48.05000,49.57152
48.05100,49.57252
48.05200,49.57352
48.05300,49.57452
48.05400,49.57552
48.05500,49.57652
48.05600,49.57752
48.05700,49.57852
48.05800,49.57952
48.05900,49.58052
48.06000,49.58152
48.06100,49.58252
48.06200,49.58352
48.06300,49.58452
48.06400,49.58552
48.06500,49.58652
48.06600,49.58752
48.06700,49.58852
48.06800,49.58952
48.06900,49.59052
48.07000,49.59152
48.07100,49.59252
48.07200,49.59352
48.07300,49.59452
48.07400,49.59552
48.07500,49.59652
48.07600,49.59752
48.07700,49.59852
48.07800,49.59952
48.07900,49.60052
48.08000,49.65152
48.08100,49.65252
48.08200,49.65952
48.08300,49.66052
48.08400,49.66252
48.08500,49.66352
48.08600,49.66452
48.08700,49.66552
48.08800,49.66652
48.08900,49.66752
48.09000,49.66852
48.09100,49.66952
48.09200,49.67052
48.09300,49.67152
48.09400,49.67252
48.09500,49.67352
48.09600,49.67452
48.09700,49.67552
48.09800,49.67652
48.09900,49.67752
48.10000,49.67852
48.10100,49.67952
48.10200,49.68052
48.10300,49.68152
48.10400,49.68252
48.10500,49.68352
48.10600,49.68452
48.10700,49.68552
48.10800,49.68652
48.10900,49.68752
48.11000,49.68852
48.11100,49.68952
48.11200,49.69052
48.11300,49.69152
48.11400,49.69252
48.11500,49.69352
48.11600,49.69452
48.11700,49.69552
48.11800,49.69652
48.11900,49.69752
48.12000,49.69852
48.12100,49.69952
48.12200,49.70052
48.12300,49.70152
48.12400,49.70252
48.12500,49.70352
48.12600,49.70452
48.12700,49.70552
48.12800,49.70652
48.12900,49.70752
48.13000,49.70852
48.13100,49.70952
48.13200,49.71052
48.13300,49.71152
48.13400,49.71252
48.13500,49.71352
48.13600,49.71452
48.13700,49.71552
48.13800,49.71652
48.13900,49.71752
48.14000,49.71852
48.14100,49.71952
48.14200,49.72052
48.14300,49.72152
48.14400,49.72252
48.14500,49.72352
48.14600,49.72452
48.14700,49.72552
48.14800,49.72652
48.14900,49.72752
48.15000,49.72852
48.15100,49.72952
48.15200,49.73052
48.15300,49.73152
48.15400,49.73252
48.15500,49.73352
48.15600,49.73452
48.15700,49.73552
48.15800,49.73652
48.15900,49.73752
48.16000,49.73852
48.16100,49.73952
48.16200,49.74052
48.16300,49.74152
48.16400,49.74252
48.16500,49.74352
48.16600,49.74452
48.16700,49.74552
48.16800,49.74652
48.16900,49.74752
48.17000,49.74852
48.17100,49.74952
48.17200,49.75052
48.17300,49.75152
48.17400,49.75252
48.17500,49.75352
48.17600,49.75452
48.17700,49.75552
48.17800,49.75652
48.17900,49.75752
48.18000,49.75852
48.18100,49.75952
48.18200,49.76052
48.18300,49.76152
48.18400,49.76252
48.18500,49.76352
48.18600,49.76452
48.18700,49.76552
48.18800,49.76652
48.18900,49.76752
48.19000,49.76852
48.19100,49.76952
48.19300,49.77052
48.19400,49.77152
48.19500,49.77252
48.19600,49.77352
48.19700,49.77452
48.19800,49.77552
48.19900,49.77652
48.20000,49.77752
48.20100,49.77852
48.20200,49.77952
48.20300,49.78052
48.20400,49.78152
48.20500,49.78252
48.20600,49.78352
48.20700,49.78452
48.20800,49.78552
48.20900,49.78652
48.21000,49.78752
48.21100,49.78852
48.21200,49.78952
48.21300,49.79052
48.21400,49.79152
48.21500,49.79252
48.21600,49.79352
48.21700,49.79452
48.21800,49.79552
48.21900,49.79652
48.22000,49.79752
48.22100,49.79852
48.22200,49.79952
48.22300,49.80052
48.22400,49.80152
48.22500,49.80252
48.22600,49.80352
48.22700,49.80452
48.22800,49.80552
48.22900,49.80652
48.23000,49.80752
48.23100,49.80852
48.23200,49.80952
48.23300,49.81052
48.23400,49.81152
48.23500,49.81252
48.23600,49.81352
48.23700,49.81452
48.23800,49.81552
48.23900,49.81652
48.24000,49.81752
48.24100,49.81852
48.24200,49.81952
48.24300,49.82052
48.24400,49.82152
48.24500,49.82252
48.24600,49.82352
48.24700,49.82452
48.24800,49.82552
48.24900,49.82652
48.25000,49.82752
48.25100,49.82852
48.25200,49.82952
48.25300,49.83052
48.25400,49.83152
48.25500,49.83252
48.25600,49.83352
48.25700,49.83452
48.25800,49.83552
48.25900,49.83652
48.26000,49.83752
48.26100,49.83852
48.26200,49.83952
48.26300,49.84052
48.26400,49.84152
48.26500,49.84252
48.26600,49.84352
48.26700,49.84452
48.26800,49.84552
48.26900,49.84652
48.27000,49.84752
48.27100,49.84852
48.27200,49.84952
48.27300,49.85052
48.27400,49.85152
48.27500,49.85252
48.27600,49.85352
48.27700,49.85452
48.27800,49.85552
48.27900,49.85652
48.28000,49.85752
48.28100,49.85852
48.28200,49.85952
48.28300,49.86052
48.28400,49.86152
48.28500,49.86252
48.28600,49.86352
48.28700,49.86452
48.28800,49.86552
48.28900,49.86652
48.29000,49.86752
48.29100,49.86852
48.29200,49.86952
48.29300,49.87052
48.29400,49.87152
48.29500,49.87252
48.29600,49.87352
48.29700,49.87452
48.29800,49.87552
48.29900,49.87652
48.30000,49.87752
48.30100,49.87852
48.30200,49.87952
48.30300,49.88052
48.30400,49.88152
48.30500,49.88252
48.30600,49.88352
48.30700,49.88452
48.30800,49.88552
48.30900,49.88652
48.31000,49.88752
48.31100,49.88852
48.31200,49.88952
48.31300,49.89052
48.31400,49.89152
48.31500,49.89252
48.31600,49.89352
48.31700,49.89452
48.31800,49.89552
48.31900,49.89652
48.32000,49.89752
48.32100,49.89852
48.32200,49.89952
48.32300,49.90052
48.32400,49.90152
48.32500,49.90252
48.32600,49.90352
48.32700,49.90452
48.32800,49.90552
48.32900,49.90652
48.33000,49.90752
48.33100,49.90852
48.33200,49.90952
48.33300,49.91052
48.33400,49.91152
48.33500,49.91252
48.33600,49.91352
48.33700,49.91452
48.33800,49.91552
48.33900,49.91652
48.34000,49.91752
48.34100,49.91852
48.34200,49.91952
48.34300,49.92052
48.34400,49.92152
48.34500,49.92252
48.34600,49.92352
48.34700,49.92452
48.34800,49.92552
48.34900,49.92652
48.35000,49.92752
48.35100,49.92852
48.35200,49.92952
48.35300,49.93052
48.35400,49.93152
48.35500,49.93252
48.35600,49.93352
48.35700,49.93452
48.35800,49.93552
48.35900,49.93652
48.36000,49.93752
48.36100,49.93852
48.36200,49.93952
48.36300,49.94052
48.36400,49.94152
48.36500,49.94252
48.36600,49.94352
48.36700,49.94452
48.36800,49.94552
48.36900,49.94652
48.37000,49.94752
48.37100,49.94852
48.37200,49.94952
48.37300,49.95052
48.37400,49.95152
48.37500,49.95252
48.37600,49.95352
48.37700,49.95452
48.37800,49.95552
48.37900,49.95652
48.38000,49.95752
48.38100,49.95852
48.38200,49.95952
48.38300,49.96052
48.38400,49.96152
48.38500,49.96252
48.38600,49.96352
48.38700,49.96452
48.38800,49.96552
48.38900,49.96652
48.39000,49.96752
48.39100,49.96852
48.39200,49.96952
48.39300,49.97052
48.39400,49.97152
48.39500,49.97252
48.39600,49.97352
48.39700,49.97452
48.39800,49.97552
48.39900,49.97652
48.40000,49.97752
48.40100,49.97852
48.40200,49.97952
48.40300,49.98052
48.40400,49.98152
48.40500,49.98252
48.40600,49.98352
48.40700,49.98452
48.40800,49.98552
48.40900,49.98652
48.41000,49.98752
48.41100,49.98852
48.41200,49.98952
48.41300,49.99052
48.41400,49.99152
48.41500,49.99252
48.41600,49.99352
48.41700,49.99452
48.41800,49.99552
48.41900,49.99652
48.42000,49.99752
48.42100,49.99852
48.42200,49.99952
48.42300,50.00052
48.42400,50.00152
48.42500,50.00252
48.42600,50.00352
48.42700,50.00452
48.42800,50.00552
48.42900,50.00652
48.43000,50.00752
48.43100,50.00852
48.43200,50.00952
48.43300,50.01052
48.43400,50.01152
48.43500,50.01252
48.43600,50.01352
48.43700,50.01552
48.43800,50.01652
48.43900,50.01752
48.44000,50.01852
48.44100,50.01952
48.44200,50.02052
48.44300,50.02152
48.44400,50.02252
48.44500,50.02352
48.44600,50.02452
48.44700,50.02552
48.44800,50.02652
48.44900,50.02752
48.45000,50.02852
48.45100,50.02952
48.45200,50.03052
48.45300,50.03152
48.45400,50.03252
48.45500,50.03352
48.45600,50.03452
48.45700,50.03552
48.45800,50.03652
48.45900,50.03752
48.46000,50.03852
48.46100,50.03952
48.46200,50.04052
48.46300,50.04152
48.46400,50.04252
48.46500,50.04352
48.46600,50.04452
48.46700,50.04552
48.46800,50.04652
48.46900,50.04752
48.47000,50.04852
48.47100,50.04952
48.47200,50.05052
48.47300,50.05152
48.47400,50.05252
48.47500,50.05352
48.47600,50.05452
48.47700,50.05552
48.47800,50.05652
48.47900,50.05852
48.48000,50.06052
48.48100,50.06152
48.48200,50.06252
48.48300,50.06352
48.48400,50.06452
48.48500,50.06552
48.48600,50.06652
48.48700,50.06752
48.48800,50.06852
48.48900,50.06952
48.49000,50.07052
48.49100,50.07152
48.49200,50.07252
48.49300,50.07352
48.49400,50.07452
48.49500,50.07552
48.49600,50.07652
48.49700,50.07752
48.49800,50.07852
48.49900,50.07952
48.50000,50.08052
48.50100,50.08152
48.50200,50.08252
48.50300,50.08352
48.50400,50.08452
48.50500,50.08552
48.50600,50.08652
48.50700,50.08752
48.50800,50.08852
48.50900,50.08952
48.51000,50.09052
48.51100,50.09152
48.51200,50.09252
48.51300,50.09352
48.51400,50.09452
48.51500,50.09552
48.51600,50.09652
48.51700,50.09752
48.51800,50.09852
48.51900,50.09952
48.52000,50.10052
48.52100,50.10152
48.52200,50.10252
48.52300,50.10352
48.52400,50.10452
48.52500,50.10652
48.52600,50.10752
48.52700,50.10852
48.52800,50.10952
48.52900,50.11052
48.53000,50.11152
48.53100,50.11252
48.53200,50.11352
48.53300,50.11452
48.53400,50.11552
48.53500,50.11652
48.53600,50.11752
48.53700,50.11852
48.53800,50.11952
48.53900,50.12052
48.54000,50.12152
48.54100,50.12252
48.54200,50.12352
48.54300,50.12452
48.54400,50.12552
48.54500,50.12652
48.54600,50.12752
48.54700,50.12852
48.54800,50.12952
48.54900,50.13052
48.55000,50.13152
48.55100,50.13252
48.55200,50.13352
48.55300,50.13452
48.55400,50.13552
48.55500,50.13652
48.55600,50.13752
48.55700,50.13852
48.55800,50.13952
48.55900,50.14052
48.56000,50.14152
48.56100,50.14252
48.56200,50.14352
48.56300,50.14452
48.56400,50.14552
48.56500,50.14652
48.56600,50.14752
48.56700,50.14852
48.56800,50.14952
48.56900,50.15052
48.57000,50.15152
48.57100,50.15252
48.57200,50.15352
48.57300,50.15452
48.57400,50.15552
48.57500,50.15652
48.57600,50.15752
48.57700,50.15852
48.57800,50.15952
48.57900,50.16052
48.58000,50.16152
48.58100,50.16252
48.58200,50.16352
48.58300,50.16452
48.58400,50.16552
48.58500,50.16652
48.58600,50.16752
48.58700,50.16852
48.58800,50.16952
48.58900,50.17052
48.59000,50.17152
48.59100,50.17252
48.59200,50.17352
48.59300,50.17452
48.59400,50.17552
48.59500,50.17652
48.59600,50.17752
48.59700,50.17852
48.59800,50.17952
48.59900,50.18052
48.60000,50.18152
48.60100,50.18252
48.60200,50.18352
48.60300,50.18452
48.60400,50.18552
48.60500,50.18652
48.60600,50.18752
48.60700,50.18852
48.60800,50.18952
48.60900,50.19052
48.61000,50.19252
48.61100,50.19352
48.61200,50.19452
48.61300,50.19552
48.61400,50.19652
48.61500,50.19752
48.61600,50.19852
48.61700,50.19952
48.61800,50.20052
48.61900,50.20152
48.62000,50.20252
48.62100,50.20352
48.62200,50.20452
48.62300,50.20552
48.62400,50.20652
48.62500,50.20752
48.62600,50.20852
48.62700,50.20952
48.62800,50.21052
48.62900,50.21152
48.63000,50.21252
48.63100,50.21352
48.63200,50.21452
48.63300,50.21552
48.63400,50.21652
48.63500,50.21752
48.63600,50.21852
48.63700,50.21952
48.63800,50.22052
48.63900,50.22152
48.64000,50.22252
48.64100,50.22352
48.64200,50.22452
48.64300,50.22552
48.64400,50.22652
48.64500,50.22752
48.64600,50.22852
48.64700,50.22952
48.64800,50.23052
48.64900,50.23152
48.65000,50.23252
48.65100,50.23352
48.65200,50.23452
48.65300,50.23552
48.65400,50.23652
48.65500,50.23752
48.65600,50.23852
48.65700,50.23952
48.65800,50.24052
48.65900,50.24152
48.66000,50.24252
48.66100,50.24352
48.66200,50.24452
48.66300,50.24552
48.66400,50.24652
48.66500,50.24752
48.66600,50.24852
48.66700,50.24952
48.66800,50.25052
48.66900,50.25152
48.67000,50.25252
48.67100,50.25352
48.67200,50.25452
48.67300,50.25552
48.67400,50.25652
48.67500,50.25752
48.67600,50.25852
48.67700,50.25952
48.67800,50.26052
48.67900,50.26152
48.68000,50.26252
48.68100,50.26352
48.68200,50.26452
48.68300,50.26552
48.68400,50.26752
48.68500,50.26852
48.68600,50.26952
48.68700,50.27052
48.68800,50.27152
48.68900,50.27252
48.69000,50.27352
48.69100,50.27452
48.69200,50.27552
48.69300,50.27652
48.69400,50.27752
48.69500,50.27852
48.69600,50.27952
48.69700,50.28052
48.69800,50.28152
48.69900,50.28252
48.70000,50.28352
48.70100,50.28452
48.70200,50.28552
48.70300,50.28652
48.70400,50.28752
48.70500,50.28852
48.70600,50.28952
48.70700,50.29052
48.70800,50.29152
48.70900,50.29252
48.71000,50.29352
48.71100,50.29452
48.71200,50.29552
48.71300,50.29652
48.71400,50.29752
48.71500,50.29852
48.71600,50.29952
48.71700,50.30052
48.71800,50.30152
48.71900,50.30252
48.72000,50.30352
48.72100,50.30452
48.72200,50.30552
48.72300,50.30652
48.72400,50.30752
48.72500,50.30852
48.72600,50.30952
48.72700,50.31052
48.72800,50.31152
48.72900,50.31252
48.73000,50.31352
48.73100,50.31452
48.73200,50.31552
48.73300,50.31652
48.73400,50.31752
48.73500,50.31852
48.73600,50.31952
48.73700,50.32052
48.73800,50.32152
48.73900,50.32252
48.74000,50.32352
48.74100,50.32452
48.74200,50.32552
48.74300,50.32652
48.74400,50.32752
48.74500,50.32852
48.74600,50.32952
48.74700,50.33052
48.74800,50.33152
48.74900,50.33252
48.75000,50.33352
48.75100,50.33452
48.75200,50.33552
48.75300,50.33652
48.75400,50.33752
48.75500,50.33852
48.75600,50.33952
48.75700,50.34052
48.75800,50.34152
48.75900,50.34252
48.76000,50.34352
48.76100,50.34452
48.76200,50.34552
48.76300,50.34652
48.76400,50.34752
48.76500,50.34852
48.76600,50.34952
48.76700,50.35052
48.76800,50.35152
48.76900,50.35252
48.77000,50.35352
48.77100,50.35452
48.77200,50.35552
48.77300,50.35652
48.77400,50.35752
48.77500,50.35852
48.77600,50.35952
48.77700,50.36052
48.77800,50.36152
48.77900,50.36252
48.78000,50.36352
48.78100,50.36452
48.78200,50.36552
48.78300,50.36652
48.78400,50.36752
48.78500,50.36852
48.78600,50.36952
48.78700,50.37052
48.78800,50.37152
48.78900,50.37252
48.79000,50.37352
48.79100,50.37452
48.79200,50.37552
48.79300,50.37652
48.79400,50.37752
48.79500,50.37852
48.79600,50.37952
48.79700,50.38052
48.79800,50.38152
48.79900,50.38252
48.80000,50.38352
48.80100,50.38452
48.80200,50.38552
48.80300,50.38652
48.80400,50.38752
48.80500,50.38852
48.80600,50.38952
48.80700,50.39052
48.80800,50.39152
48.80900,50.39252
48.81000,50.39352
48.81100,50.39452
48.81200,50.39552
48.81300,50.39652
48.81400,50.39752
48.81500,50.39852
48.81600,50.39952
48.81700,50.40052
48.81800,50.40152
48.81900,50.40252
48.82000,50.40352
48.82100,50.40452
48.82200,50.40552
48.82300,50.40652
48.82400,50.40752
48.82500,50.40852
48.82600,50.40952
48.82700,50.41052
48.82800,50.41152
48.82900,50.41252
48.83000,50.41352
48.83100,50.41952
48.83200,50.42052
48.83300,50.42152
48.83400,50.42252
48.83500,50.42352
48.83600,50.42452
48.83700,50.42552
48.83800,50.42652
48.83900,50.42752
48.84000,50.42852
48.84100,50.42952
48.84200,50.43052
48.84300,50.43152
48.84400,50.43252
48.84500,50.43352
48.84600,50.43452
48.84700,50.43552
48.84800,50.43652
48.84900,50.43752
48.85000,50.43852
48.85100,50.43952
48.85200,50.44052
48.85300,50.44152
48.85400,50.44252
48.85500,50.44352
48.85600,50.44752
48.85700,50.44852
48.85800,50.44952
48.85900,50.45052
48.86000,50.45152
48.86100,50.45252
48.86200,50.45352
48.86300,50.45452
48.86400,50.45552
48.86500,50.45652
48.86600,50.45752
48.86700,50.45952
48.86800,50.46052
48.86900,50.46152
48.87000,50.46252
48.87100,50.46352
48.87200,50.46552
48.87300,50.46652
48.87400,50.46752
48.87500,50.46852
48.87600,50.46952
48.87700,50.47052
48.87800,50.47152
48.87900,50.47252
48.88000,50.47352
48.88100,50.47452
48.88200,50.47552
48.88300,50.47652
48.88400,50.47752
48.88500,50.47852
48.88600,50.47952
48.88700,50.48052
48.88800,50.48152
48.88900,50.48252
48.89000,50.48352
48.89100,50.48452
48.89200,50.48552
48.89300,50.48652
48.89400,50.48752
48.89500,50.48852
48.89600,50.48952
48.89700,50.49052
48.89800,50.49152
48.89900,50.49252
48.90000,50.49352
48.90100,50.49452
48.90200,50.49552
48.90300,50.49752
48.90400,50.49852
48.90500,50.49952
48.90600,50.50052
48.90700,50.50152
48.90800,50.50252
48.90900,50.50352
48.91000,50.50452
48.91100,50.50652
48.91200,50.50752
48.91300,50.50852
48.91400,50.50952
48.91500,50.51052
48.91600,50.51152
48.91700,50.51252
48.91800,50.51352
48.91900,50.51452
48.92000,50.51552
48.92100,50.51652
48.92200,50.51752
48.92300,50.51852
48.92400,50.51952
48.92500,50.52052
48.92600,50.52152
48.92700,50.52252
48.92800,50.52352
48.92900,50.52452
48.93000,50.52552
48.93100,50.52652
48.93200,50.52752
48.93300,50.52852
48.93400,50.52952
48.93500,50.53052
48.93600,50.53152
48.93700,50.53252
48.93800,50.53352
48.93900,50.53452
48.94000,50.53552
48.94100,50.53652
48.94200,50.53752
48.94300,50.53852
48.94400,50.53952
48.94500,50.54052
48.94600,50.54152
48.94700,50.54252
48.94800,50.54352
48.94900,50.54452
48.95000,50.54552
48.95100,50.54652
48.95200,50.54752
48.95300,50.54852
48.95400,50.54952
48.95500,50.55052
48.95600,50.55152
48.95700,50.55252
48.95800,50.55352
48.95900,50.55452
48.96000,50.55552
48.96100,50.55652
48.96200,50.55752
48.96300,50.55852
48.96400,50.55952
48.96500,50.56052
48.96600,50.56152
48.96700,50.56252
48.96800,50.56352
48.96900,50.56452
48.97000,50.56552
48.97100,50.56652
48.97200,50.56752
48.97300,50.56852
48.97400,50.56952
48.97500,50.57052
48.97600,50.57152
48.97700,50.57252
48.97800,50.57352
48.97900,50.57452
48.98000,50.57552
48.98100,50.57652
48.98200,50.57752
48.98300,50.57852
48.98400,50.57952
48.98500,50.58052
48.98600,50.58152
48.98700,50.58252
48.98800,50.58352
48.98900,50.58452
48.99100,50.58552
48.99200,50.58652
48.99300,50.58752
48.99400,50.58852
48.99500,50.58952
48.99600,50.59052
48.99700,50.59152
48.99800,50.59252
48.99900,50.59352
49.00000,50.59452
49.00100,50.59552
49.00200,50.59652
49.00300,50.59752
49.00400,50.59852
49.00500,50.59952
49.00600,50.60052
49.00700,50.60152
49.00800,50.60252
49.00900,50.60352
49.01000,50.60452
49.01100,50.60552
49.01200,50.60652
49.01300,50.60752
49.01400,50.60852
49.01500,50.60952
49.01600,50.61052
49.01700,50.61152
49.01800,50.61252
49.01900,50.61352
49.02000,50.61452
49.02100,50.61552
49.02200,50.61652
49.02300,50.61752
49.02400,50.61852
49.02500,50.61952
49.02600,50.62052
49.02700,50.62152
49.02800,50.62252
49.02900,50.62352
49.03000,50.62452
49.03100,50.62552
49.03200,50.62652
49.03300,50.62752
49.03400,50.62852
49.03500,50.62952
49.03600,50.63052
49.03700,50.63152
49.03800,50.63252
49.03900,50.63352
49.04000,50.63452
49.04100,50.63552
49.04200,50.63652
49.04300,50.63752
49.04400,50.63852
49.04500,50.63952
49.04600,50.64052
49.04700,50.64152
49.04800,50.64252
49.04900,50.64352
49.05000,50.64452
49.05100,50.64552
49.05200,50.64652
49.05300,50.64752
49.05400,50.64852
49.05500,50.64952
49.05600,50.65052
49.05700,50.65152
49.05800,50.65252
49.05900,50.65352
49.06000,50.65452
49.06100,50.65552
49.06200,50.65652
49.06300,50.65752
49.06400,50.65852
49.06500,50.65952
49.06600,50.66052
49.06700,50.66152
49.06800,50.66252
49.06900,50.66352
49.07000,50.66452
49.07100,50.66552
49.07200,50.66652
49.07300,50.66752
49.07400,50.66852
49.07500,50.66952
49.07600,50.67052
49.07700,50.67152
49.07800,50.67252
49.07900,50.67352
49.08000,50.67452
49.08100,50.67552
49.08200,50.67652
49.08300,50.67752
49.08400,50.67852
49.08500,50.67952
49.08600,50.68052
49.08700,50.68152
49.08800,50.68252
49.08900,50.68352
49.09000,50.68452
49.09100,50.68552
49.09200,50.68652
49.09300,50.68752
49.09400,50.68852
49.09500,50.68952
49.09600,50.69052
49.09700,50.69152
49.09800,50.69252
49.09900,50.69352
49.10000,50.69452
49.10100,50.69552
49.10200,50.69652
49.10300,50.69752
49.10400,50.69852
49.10500,50.69952
49.10600,50.70052
49.10700,50.70152
49.10800,50.70252
49.10900,50.70352
49.11000,50.70452
49.11100,50.70552
49.11200,50.70652
49.11300,50.70752
49.11400,50.70852
49.11500,50.70952
49.11600,50.71052
49.11700,50.71152
49.11800,50.71252
49.12200,50.71352
49.12300,50.71452
49.12400,50.71552
49.12500,50.71652
49.12600,50.71752
49.12700,50.71852
49.12800,50.71952
49.12900,50.72052
49.13000,50.72152
49.13100,50.72252
49.13200,50.72352
49.13300,50.72452
49.13400,50.72552
49.13500,50.72652
49.13600,50.72752
49.13700,50.72852
49.13800,50.72952
49.13900,50.73052
49.14000,50.73152
49.14100,50.73252
49.14200,50.73352
49.14300,50.73452
49.14400,50.73552
49.14500,50.73652
49.14600,50.73752
49.14700,50.73852
49.14800,50.73952
49.14900,50.74052
49.15000,50.74152
49.15100,50.74252
49.15200,50.74352
49.15300,50.74452
49.15400,50.74552
49.15500,50.74652
49.15600,50.74752
49.15700,50.74852
49.15800,50.74952
49.15900,50.75052
49.16000,50.75152
49.16100,50.75252
49.16200,50.75352
49.16300,50.75452
49.16400,50.75552
49.16500,50.75652
49.16600,50.75752
49.16700,50.75852
49.16800,50.75952
49.16900,50.76052
49.17000,50.76152
49.17100,50.76252
49.17200,50.76352
49.17300,50.76452
49.17400,50.76552
49.17500,50.76652
49.17600,50.76752
49.17700,50.76852
49.17800,50.76952
49.17900,50.77052
49.18000,50.77152
49.18100,50.77252
49.18200,50.77352
49.18300,50.77452
49.18400,50.77552
49.18500,50.77652
49.18600,50.77752
49.18700,50.77852
49.18800,50.77952
49.18900,50.78052
49.19000,50.78152
49.19100,50.78252
49.19200,50.78352
49.19300,50.78452
49.19400,50.78552
49.19500,50.78652
49.19600,50.78752
49.19700,50.78852
49.19800,50.78952
49.19900,50.79052
49.20000,50.79152
49.20100,50.79252
49.20200,50.79352
49.20300,50.79452
49.20400,50.79552
49.20500,50.79652
49.20600,50.79752
49.20700,50.79852
49.20800,50.79952
49.20900,50.80052
49.21000,50.80152
49.21100,50.80252
49.21200,50.80352
49.21300,50.80452
49.21400,50.80552
49.21500,50.80652
49.21600,50.80752
49.21700,50.80852
49.21800,50.80952
49.21900,50.81052
49.22000,50.81152
49.22100,50.81252
49.22200,50.81352
49.22300,50.81452
49.22400,50.81552
49.22500,50.81652
49.22600,50.81752
49.22700,50.81852
49.22800,50.81952
49.22900,50.82052
49.23300,50.82152
49.23400,50.82252
49.23500,50.82352
49.23600,50.82452
49.23700,50.82552
49.23800,50.82652
49.23900,50.82752
49.24000,50.82852
49.24100,50.82952
49.24200,50.83052
49.24300,50.83152
49.24400,50.83252
49.24500,50.83352
49.24600,50.83452
49.24700,50.83552
49.24800,50.83652
49.24900,50.83752
49.25000,50.83852
49.25100,50.83952
49.25200,50.84052
49.25300,50.84152
49.25400,50.84252
49.25500,50.84352
49.25600,50.84452
49.25700,50.84552
49.25800,50.84652
49.25900,50.84752
49.26000,50.84852
49.26100,50.84952
49.26200,50.85052
49.26300,50.85152
49.26400,50.85252
49.26500,50.85352
49.26600,50.85452
49.26700,50.85552
49.26800,50.85652
49.26900,50.85752
49.27000,50.85852
49.27100,50.85952
49.27200,50.86052
49.27300,50.86152
49.27400,50.86252
49.27500,50.86352
49.27600,50.86452
49.27700,50.86552
49.27800,50.86652
49.27900,50.86752
49.28000,50.86852
49.28100,50.86952
49.28200,50.87052
49.28300,50.87152
49.28400,50.87252
49.28500,50.87352
49.28600,50.87452
49.28700,50.87552
49.28800,50.87652
49.28900,50.87752
49.29000,50.87852
49.29100,50.87952
49.29200,50.88052
49.29300,50.88152
49.29400,50.88252
49.29500,50.88352
49.29600,50.88452
49.29700,50.88552
49.29800,50.88652
49.29900,50.88752
49.30000,50.88852
49.30100,50.88952
49.30200,50.89052
49.30300,50.89152
49.30400,50.89252
49.30500,50.89352
49.30600,50.89452
49.30700,50.89552
49.30800,50.89652
49.30900,50.89752
49.31000,50.89852
49.31100,50.89952
49.31200,50.90052
49.31300,50.90152
49.31400,50.90252
49.31500,50.90352
49.31600,50.90452
49.31700,50.90552
49.31800,50.90652
49.31900,50.90752
49.32000,50.90852
49.32100,50.90952
49.32200,50.91052
49.32300,50.91152
49.32400,50.91252
49.32500,50.91352
49.32600,50.91452
49.32700,50.91552
49.32800,50.91752
49.32900,50.91852
49.33000,50.91952
49.33100,50.92052
49.33200,50.92152
49.33300,50.92252
49.33400,50.92352
49.33500,50.92452
49.33600,50.92552
49.33700,50.92652
49.33800,50.92752
49.33900,50.92852
49.34000,50.92952
49.34100,50.93052
49.34200,50.93152
49.34300,50.93252
49.34400,50.93352
49.34500,50.93452
49.34600,50.93552
49.34700,50.93652
49.34800,50.93752
49.34900,50.93852
49.35000,50.93952
49.35100,50.94052
49.35200,50.94152
49.35300,50.94252
49.35400,50.94352
49.35500,50.94452
49.35600,50.94552
49.35700,50.94652
49.35800,50.94752
49.35900,50.94852
49.36000,50.94952
49.36100,50.95052
49.36200,50.95152
49.36300,50.95252
49.36400,50.95352
49.36500,50.95452
49.36600,50.95552
49.36700,50.95652
49.36800,50.95752
49.36900,50.95852
49.37000,50.95952
49.37100,50.96052
49.37200,50.96152
49.37300,50.96252
49.37400,50.96652
49.37500,50.96752
49.37600,50.96852
49.37700,50.96952
49.37800,50.97052
49.37900,50.97152
49.38000,50.97252
49.38100,50.97352
49.38200,50.97452
49.38300,50.97552
49.38400,50.97652
49.38500,50.97752
49.38600,50.97852
49.38700,50.98052
49.38800,50.98152
49.38900,50.98252
49.39000,50.98352
49.39100,50.98452
49.39200,50.98652
49.39300,50.98752
49.39400,50.98852
49.39500,50.98952
49.39600,50.99052
49.39700,50.99152
49.39800,50.99252
49.39900,50.99352
49.40000,50.99452
49.40100,50.99552
49.40200,50.99652
49.40300,50.99752
49.40400,50.99852
49.40500,50.99952
49.40600,51.00052
49.40700,51.00152
49.40800,51.00252
49.40900,51.00352
49.41000,51.00452
49.41100,51.00552
49.41200,51.00652
49.41300,51.00752
49.41400,51.00852
49.41500,51.00952
49.41600,51.01052
49.41700,51.01152
49.41800,51.01252
49.41900,51.01352
49.42000,51.01452
49.42100,51.01552
49.42200,51.01652
49.42300,51.01752
49.42400,51.01852
49.42500,51.01952
49.42600,51.02152
49.42700,51.02252
49.42800,51.02352
49.42900,51.02452
49.43000,51.02652
49.43100,51.02752
49.43200,51.02852
49.43300,51.02952
49.43400,51.03052
49.43500,51.03152
49.43600,51.03252
49.43700,51.03352
49.43800,51.03552
49.43900,51.03652
49.44000,51.03752
49.44100,51.03852
49.44200,51.03952
49.44300,51.04052
49.44400,51.04152
49.44500,51.04252
49.44600,51.04352
49.44700,51.04452
49.44800,51.04552
49.44900,51.04652
49.45000,51.04752
49.45100,51.04852
49.45200,51.04952
49.45300,51.05052
49.45400,51.05152
49.45500,51.05252
49.45600,51.05352
49.45700,51.05452
49.45800,51.05552
49.45900,51.05652
49.46000,51.05752
49.46100,51.05852
49.46200,51.05952
49.46300,51.06052
49.46400,51.06152
49.46500,51.06252
49.46600,51.06352
49.46700,51.06452
49.46800,51.06852
49.46900,51.06952
49.47000,51.07052
49.47100,51.07152
49.47200,51.07252
49.47300,51.07352
49.47400,51.07452
49.47500,51.07552
49.47600,51.07652
49.47700,51.07752
49.47800,51.07852
49.47900,51.07952
49.48000,51.08052
49.48100,51.08552
49.48200,51.08652
49.48300,51.08752
49.48400,51.08852
49.48500,51.08952
49.48600,51.09052
49.48700,51.09152
49.48800,51.09252
49.48900,51.09352
49.49000,51.09652
49.49100,51.09752
49.49200,51.09852
49.49300,51.09952
49.49400,51.10052
49.49500,51.10152
49.49600,51.10252
49.49700,51.10352
49.49800,51.10452
49.49900,51.10552
49.50000,51.10652
49.50100,51.10752
49.50200,51.10852
49.50300,51.10952
49.50400,51.11052
49.50500,51.11152
49.50600,51.11252
49.50700,51.11352
49.50800,51.11752
49.50900,51.11852
49.51000,51.11952
49.51100,51.12052
49.51200,51.12152
49.51300,51.12252
49.51400,51.12352
49.51500,51.12452
49.51600,51.12552
49.51700,51.12652
49.51800,51.12752
49.51900,51.12852
49.52000,51.12952
49.52100,51.13052
49.52200,51.13152
49.52300,51.13252
49.52400,51.13352
49.52500,51.13452
49.52600,51.13552
49.52700,51.13652
49.52800,51.13752
49.52900,51.13852
49.53000,51.13952
49.53100,51.14052
49.53200,51.14152
49.53300,51.14252
49.53400,51.14352
49.53500,51.14452
49.53600,51.14552
49.53700,51.14652
49.53900,51.14752
49.54000,51.14852
49.54100,51.14952
49.54200,51.15052
49.54300,51.15152
49.54400,51.15252
49.54500,51.15352
49.54600,51.15452
49.54700,51.15552
49.54800,51.15652
49.54900,51.15752
49.55000,51.15852
49.55100,51.15952
49.55200,51.16052
49.55300,51.16152
49.55400,51.16252
49.55500,51.16352
49.55600,51.16452
49.55700,51.16552
49.55800,51.16652
49.55900,51.16752
49.56000,51.16852
49.56100,51.16952
49.56200,51.17052
49.56300,51.17152
49.56400,51.17252
49.56500,51.17352
49.56600,51.17452
49.56700,51.17552
49.56800,51.17652
49.56900,51.17752
49.57000,51.17852
49.57100,51.17952
49.57200,51.18052
49.57300,51.18152
49.57400,51.18252
49.57500,51.18352
49.57600,51.18452
49.57700,51.18552
49.57800,51.18652
49.57900,51.18752
49.58000,51.18852
49.58100,51.18952
49.58200,51.19052
49.58300,51.19152
49.58400,51.19252
49.58500,51.19352
49.58600,51.19452
49.58700,51.19552
49.58800,51.19652
49.58900,51.19752
49.59000,51.19852
49.59100,51.19952
49.59200,51.20052
49.59300,51.20152
49.59400,51.20252
49.59500,51.20352
49.59600,51.20452
49.59700,51.20552
49.59800,51.20652
49.59900,51.20752
49.60000,51.20852
49.60100,51.20952
49.60200,51.21052
49.60300,51.21152
49.60400,51.21252
49.60500,51.21352
49.60600,51.21452
49.60700,51.21552
49.60800,51.21652
49.60900,51.21752
49.61000,51.21852
49.61100,51.21952
49.61200,51.22052
49.61300,51.22152
49.61400,51.22252
49.61500,51.22352
49.61600,51.22452
49.61700,51.22552
49.61800,51.22652
49.61900,51.22752
49.62000,51.22852
49.62100,51.22952
49.62200,51.23052
49.62300,51.23152
49.62400,51.23252
49.62500,51.23352
49.62600,51.23452
49.62700,51.23552
49.62800,51.23652
49.62900,51.23752
49.63000,51.23852
49.63100,51.23952
49.63200,51.24052
49.63300,51.24152
49.63400,51.24252
49.63500,51.24352
49.63600,51.24452
49.63700,51.24552
49.63800,51.24652
49.63900,51.24752
49.64000,51.24852
49.64100,51.24952
49.64200,51.25052
49.64300,51.25152
49.64400,51.25252
49.64500,51.25352
49.64600,51.25452
49.64700,51.25552
49.64800,51.25652
49.64900,51.25752
49.65000,51.25852
49.65100,51.25952
49.65200,51.26052
49.65300,51.26152
49.65400,51.26252
49.65500,51.26352
49.65600,51.26452
49.65700,51.26552
49.65800,51.26652
49.65900,51.26752
49.66000,51.26852
49.66100,51.26952
49.66200,51.27052
49.66300,51.27152
49.66400,51.27252
49.66500,51.27352
49.66600,51.27452
49.66700,51.27552
49.66800,51.27652
49.66900,51.27752
49.67000,51.27852
49.67100,51.27952
49.67200,51.28052
49.67300,51.28152
49.67400,51.28252
49.67500,51.28352
49.67600,51.28452
49.67700,51.28552
49.67800,51.28652
49.67900,51.28752
49.68000,51.28852
49.68100,51.28952
49.68200,51.29052
49.68300,51.29152
49.68400,51.29252
49.68500,51.29352
49.68600,51.29452
49.68700,51.29552
49.68800,51.29652
49.68900,51.29752
49.69000,51.29852
49.69100,51.29952
49.69200,51.30052
49.69300,51.30152
49.69400,51.30252
49.69500,51.30352
49.69600,51.30452
49.69700,51.30552
49.69800,51.30652
49.69900,51.30752
49.70000,51.30852
49.70100,51.30952
49.70200,51.31052
49.70300,51.31152
49.70400,51.31252
49.70500,51.31352
49.70600,51.31452
49.70700,51.31552
49.70800,51.31652
49.70900,51.31752
49.71000,51.31852
49.71200,51.31952
49.71300,51.32052
49.71400,51.32152
49.71500,51.32252
49.71600,51.32352
49.71700,51.32452
49.71800,51.32552
49.71900,51.32652
49.72000,51.32752
49.72100,51.32852
49.72200,51.32952
49.72300,51.33052
49.72400,51.33152
49.72500,51.33252
49.72600,51.33352
49.72700,51.33452
49.72800,51.33552
49.72900,51.33652
49.73000,51.33752
49.73100,51.33852
49.73200,51.33952
49.73300,51.34052
49.73400,51.34152
49.73500,51.34252
49.73600,51.34352
49.73700,51.34452
49.73800,51.34552
49.74100,51.34652
49.74200,51.34752
49.74300,51.34852
49.74400,51.34952
49.74500,51.35052
49.74600,51.35152
49.74700,51.35252
49.74800,51.35352
49.74900,51.35452
49.75000,51.35552
49.75100,51.35652
49.75200,51.35752
49.75300,51.35852
49.75400,51.35952
49.75500,51.36052
49.75600,51.36152
49.75700,51.36252
49.75800,51.36352
49.75900,51.36452
49.76000,51.36552
49.76100,51.36652
49.76200,51.36752
49.76300,51.36852
49.76400,51.36952
49.76500,51.37052
49.76600,51.37152
49.76700,51.37252
49.76800,51.37352
49.76900,51.37452
49.77000,51.37552
49.77100,51.37652
49.77200,51.37752
49.77300,51.37852
49.77400,51.37952
49.77500,51.38052
49.77600,51.38152
49.77700,51.38252
49.77800,51.38352
49.77900,51.38452
49.78000,51.38552
49.78100,51.38652
49.78200,51.38752
49.78300,51.38852
49.78400,51.38952
49.78500,51.39052
49.78600,51.39152
49.78700,51.39252
49.78800,51.39352
49.78900,51.39452
49.79000,51.39552
49.79100,51.39652
49.79200,51.39752
49.79300,51.39852
49.79400,51.39952
49.79500,51.40052
49.79600,51.40152
49.79700,51.40252
49.79800,51.40352
49.79900,51.40452
49.80000,51.40552
49.80100,51.40652
49.80200,51.40752
49.80300,51.40852
49.80400,51.40952
49.80500,51.41052
49.80600,51.41152
49.80700,51.41252
49.80800,51.41352
49.80900,51.41452
49.81000,51.41552
49.81100,51.41652
49.81200,51.41752
49.81300,51.41852
49.81400,51.41952
49.81500,51.42052
49.81600,51.42152
49.81700,51.42252
49.81800,51.42352
49.81900,51.42452
49.82000,51.42552
49.82100,51.42652
49.82200,51.42752
49.82300,51.42852
49.82400,51.42952
49.82500,51.43052
49.82600,51.43152
49.82700,51.43252
49.82800,51.43352
49.82900,51.43452
49.83000,51.43552
49.83100,51.43652
49.83200,51.43752
49.83300,51.43852
49.83400,51.43952
49.83500,51.44052
49.83600,51.44152
49.83700,51.44252
49.83800,51.44352
49.83900,51.44452
49.84000,51.44552
49.84100,51.44652
49.84200,51.44752
49.84300,51.44852
49.84400,51.44952
49.84500,51.45052
49.84600,51.45152
49.84700,51.45252
49.84800,51.45352
49.84900,51.45452
49.85000,51.45552
49.85100,51.45652
49.85200,51.45752
49.85300,51.45852
49.85400,51.45952
49.85500,51.46052
49.85600,51.46152
49.85700,51.46252
49.85800,51.46352
49.85900,51.46452
49.86000,51.46552
49.86100,51.46652
49.86200,51.46752
49.86300,51.46852
49.86400,51.46952
49.86500,51.47052
49.86600,51.47152
49.86700,51.47252
49.86800,51.47352
49.86900,51.47452
49.87000,51.47552
49.87100,51.47652
49.87200,51.47752
49.87300,51.47852
49.87400,51.47952
49.87500,51.48052
49.87600,51.48152
49.87700,51.48252
49.87800,51.48352
49.87900,51.48452
49.88000,51.48552
49.88100,51.48652
49.88200,51.48752
49.88300,51.48852
49.88400,51.48952
49.88500,51.49052
49.88600,51.49152
49.88700,51.49252
49.88800,51.49352
49.88900,51.49452
49.89000,51.49552
49.89100,51.49652
49.89200,51.49752
49.89300,51.49852
49.89400,51.49952
49.89500,51.50052
49.89600,51.50152
49.89700,51.50252
49.89800,51.50352
49.89900,51.50452
49.90000,51.50552
49.90100,51.50652
49.90200,51.50752
49.90300,51.50852
49.90400,51.50952
49.90500,51.51052
49.90600,51.51552
49.90700,51.51652
49.90800,51.51752
49.90900,51.52252
49.91000,51.52352
49.91100,51.52452
49.91200,51.52552
49.91300,51.52652
49.91400,51.52752
49.91500,51.52852
49.91600,51.52952
49.91700,51.53052
49.91800,51.53152
49.91900,51.53252
49.92000,51.53352
49.92100,51.53452
49.92200,51.53552
49.92300,51.53652
49.92400,51.53752
49.92500,51.53852
49.92600,51.53952
49.92700,51.55252
49.92800,51.55352
49.92900,51.55452
49.93000,51.55552
49.93100,51.55652
49.93200,51.55752
49.93300,51.55852
49.93400,51.55952
49.93500,51.56052
49.93600,51.56152
49.93700,51.56252
49.93800,51.56352
49.93900,51.56452
49.94000,51.56552
49.94100,51.56652
49.94200,51.56752
49.94300,51.56852
49.94400,51.56952
49.94500,51.57052
49.94600,51.57152
49.94700,51.57252
49.94800,51.57352
49.94900,51.57452
49.95000,51.57552
49.95100,51.57652
49.95200,51.57752
49.95300,51.57852
49.95400,51.57952
49.95500,51.58052
49.95600,51.58152
49.95700,51.58252
49.95800,51.58352
49.95900,51.60452
49.96000,51.60552
49.96100,51.60652
49.96200,51.60752
49.96300,51.60852
49.96400,51.60952
49.96500,51.61052
49.96600,51.61152
49.96700,51.61252
49.96800,51.61352
49.96900,51.61452
49.97000,51.61552
49.97100,51.61652
49.97200,51.61752
49.97300,51.61852
49.97400,51.61952
49.97500,51.62052
49.97600,51.62152
49.97700,51.62252
49.97800,51.62352
49.97900,51.62452
49.98000,51.62552
49.98100,51.62652
49.98200,51.62752
49.98300,51.62852
49.98400,51.62952
49.98500,51.63052
49.98600,51.63552
49.98700,51.63652
49.98800,51.63752
49.98900,51.63852
49.99000,51.63952
49.99100,51.64052
49.99200,51.64152
49.99300,51.64252
49.99400,51.64352
49.99500,51.64452
49.99600,51.64552
49.99700,51.64652
49.99800,51.64752
49.99900,51.64852
50.00000,51.64952
50.00100,51.65052
50.00200,51.65152
50.00300,51.65252
50.00400,51.65352
50.00500,51.65452
50.00600,51.65552
50.00700,51.65652
50.00900,51.65752
50.01000,51.65852
50.01100,51.65952
50.01200,51.66052
50.01300,51.66152
50.01600,51.66252
50.01700,51.66352
50.01800,51.66452
50.01900,51.66552
50.02000,51.66652
50.02100,51.66752
50.02200,51.66852
50.02300,51.66952
50.02400,51.67052
50.02500,51.67152
50.02600,51.67252
50.02700,51.67352
50.02800,51.67452
50.02900,51.67552
50.03000,51.67652
50.03100,51.67752
50.03200,51.67852
50.03300,51.67952
50.03400,51.68052
50.03500,51.68152
50.03600,51.68252
50.03700,51.68352
50.03800,51.68452
50.03900,51.68552
50.04000,51.68652
50.04100,51.68752
50.04200,51.68852
50.04300,51.68952
50.04400,51.69052
50.04500,51.69152
50.04600,51.69252
50.04700,51.69352
50.04800,51.69452
50.04900,51.69552
50.05000,51.69652
50.05100,51.69752
50.05200,51.69852
50.05300,51.69952
50.05400,51.70052
50.05500,51.70152
50.05600,51.70252
50.05700,51.70352
50.05800,51.70452
50.05900,51.70552
50.06000,51.70652
50.06100,51.70752
50.06300,51.70852
50.06400,51.70952
50.06500,51.71052
50.06600,51.71152
50.06700,51.71252
50.06800,51.71352
50.06900,51.71452
50.07000,51.71552
50.07100,51.71652
50.07200,51.71752
50.07300,51.71852
50.07400,51.71952
50.07600,51.72052
50.07700,51.72152
50.07800,51.72252
50.07900,51.72352
50.08000,51.72452
50.08100,51.72552
50.08200,51.72652
50.08300,51.72752
50.08400,51.72852
50.08500,51.72952
50.08600,51.73052
50.08700,51.73152
50.08800,51.73252
50.08900,51.73352
50.09000,51.73452
50.09100,51.73552
50.09200,51.73652
50.09300,51.73752
50.09400,51.73852
50.09500,51.73952
50.09600,51.74052
50.09700,51.74152
50.09800,51.74252
50.09900,51.74352
50.10000,51.74452
50.10100,51.74552
50.10200,51.74652
50.10300,51.74752
50.10400,51.74852
50.10500,51.74952
50.11100,51.75052
50.11500,51.75152
50.11600,51.75252
50.11700,51.75352
50.11800,51.75452
50.11900,51.75552
50.12000,51.75652
50.12100,51.75752
50.12200,51.75852
50.12300,51.75952
50.12400,51.76052
50.12500,51.76152
50.12600,51.76252
50.12700,51.76352
50.12800,51.76452
50.12900,51.76552
50.13000,51.76652
50.13100,51.76752
50.13200,51.76852
50.13300,51.76952
50.13400,51.77052
50.13500,51.77152
50.13600,51.77252
50.13700,51.77352
50.13800,51.77452
50.13900,51.77552
50.14000,51.77652
50.14100,51.77752
50.14200,51.77852
50.14300,51.77952
50.14400,51.78052
50.14500,51.78152
50.14600,51.78252
50.14700,51.78352
50.14800,51.78452
50.14900,51.78552
50.15000,51.78652
50.15100,51.78752
50.15200,51.78852
50.15300,51.78952
50.15400,51.79052
50.15500,51.79152
50.15600,51.79252
50.15700,51.79352
50.15800,51.79452
50.15900,51.79552
50.16000,51.79652
50.16100,51.79752
50.16200,51.79852
50.16300,51.79952
50.16400,51.80052
50.16500,51.80152
50.16600,51.80252
50.16700,51.80352
50.16800,51.80452
50.16900,51.80552
50.17000,51.80652
50.17100,51.80752
50.17200,51.80852
50.17300,51.80952
50.17400,51.81052
50.17500,51.81152
50.17600,51.81252
50.17700,51.81352
50.17800,51.81452
50.17900,51.81552
50.18000,51.81652
50.18100,51.81752
50.18200,51.81852
50.18300,51.81952
50.18400,51.82052
50.18500,51.82152
50.18600,51.82252
50.18700,51.82352
50.18800,51.82452
50.18900,51.82552
50.19000,51.82652
50.19100,51.82752
50.19200,51.82852
50.19300,51.82952
50.19400,51.83052
50.19500,51.83152
50.19600,51.83252
50.19700,51.83352
50.19800,51.83452
50.19900,51.83552
50.20000,51.83652
50.20100,51.83752
50.20200,51.83852
50.20300,51.83952
50.20400,51.84052
50.20500,51.84152
50.20600,51.84252
50.20700,51.84352
50.20800,51.84452
50.20900,51.84552
50.21000,51.84652
50.21100,51.84752
50.21200,51.84852
50.21300,51.84952
50.21400,51.85052
50.21500,51.85152
50.21600,51.85252
50.21700,51.85352
50.21800,51.85452
50.21900,51.85552
50.22000,51.85652
50.22100,51.85752
50.22200,51.85852
50.22300,51.85952
50.22400,51.86052
50.22500,51.86152
50.22600,51.86252
50.22700,51.86352
50.22800,51.86452
50.22900,51.86552
50.23000,51.86652
50.23100,51.86752
50.23200,51.86852
50.23300,51.86952
50.23400,51.87052
50.23500,51.87152
50.23600,51.87252
50.23700,51.87352
50.23800,51.87452
50.23900,51.87552
50.24000,51.87652
50.24100,51.87752
50.24200,51.87852
50.24300,51.87952
50.24400,51.88052
50.24500,51.88152
50.24600,51.88252
50.24700,51.88352
50.24800,51.88452
50.24900,51.88552
50.25000,51.88652
50.25100,51.88752
50.25200,51.88852
50.25300,51.88952
50.25400,51.89052
50.25500,51.89152
50.25600,51.89252
50.25700,51.89352
50.25800,51.89452
50.25900,51.89552
50.26000,51.89652
50.26100,51.89752
50.26200,51.89852
50.26300,51.89952
50.26400,51.90052
50.26500,51.90152
50.26600,51.90252
50.26700,51.90352
50.26800,51.90452
50.26900,51.90552
50.27000,51.90652
50.27100,51.90752
50.27200,51.90852
50.27300,51.90952
50.27400,51.91052
50.27500,51.91152
50.27600,51.91252
50.27700,51.91352
50.27800,51.91452
50.27900,51.91552
50.28000,51.91652
50.28100,51.91752
50.28200,51.91852
50.28300,51.91952
50.28400,51.92052
50.28500,51.92152
50.28600,51.92252
50.28700,51.92352
50.28800,51.92452
50.28900,51.92552
50.29000,51.92652
50.29100,51.92752
50.29200,51.92852
50.29300,51.92952
50.29400,51.93052
50.29500,51.93152
50.29600,51.93252
50.29700,51.93352
50.29800,51.93452
50.29900,51.93552
50.30000,51.93652
50.30100,51.93752
50.30200,51.93852
50.30300,51.93952
50.30400,51.94052
50.30500,51.94152
50.30600,51.94252
50.30700,51.94352
50.30800,51.94452
50.30900,51.94552
50.31000,51.94652
50.31100,51.94752
50.31200,51.94852
50.31300,51.94952
50.31400,51.95052
50.31500,51.95152
50.31600,51.95252
50.31700,51.95352
50.31800,51.95452
50.31900,51.95552
50.32000,51.95652
50.32100,51.95752
50.32200,51.95852
50.32300,51.95952
50.32400,51.96052
50.32500,51.96152
50.32600,51.96252
50.32700,51.96352
50.32800,51.96452
50.32900,51.96552
50.33000,51.96652
50.33100,51.96752
50.33200,51.96852
50.33300,51.96952
50.33400,51.97052
50.33500,51.97152
50.33600,51.97252
50.33700,51.97352
50.33800,51.97452
50.33900,51.97552
50.34000,51.97652
50.34100,51.97752
50.34200,51.97852
50.34300,51.97952
50.34400,51.98052
50.34500,51.98152
50.34600,51.98252
50.34700,51.98352
50.34800,51.98452
50.34900,51.98552
50.35000,51.98652
50.35100,51.98752
50.35200,51.98852
50.35300,51.98952
50.35400,51.99052
50.35500,51.99152
50.35600,51.99252
50.35700,51.99352
50.35800,51.99452
50.35900,51.99552
50.36000,51.99652
50.36100,51.99752
50.36200,51.99852
50.36300,51.99952
50.36400,52.00052
50.36500,52.00152
50.36600,52.00252
50.36700,52.00352
50.36800,52.00452
50.36900,52.00552
50.37000,52.00652
50.37100,52.00752
50.37200,52.00852
50.37300,52.00952
50.37400,52.01052
50.37500,52.01152
50.37600,52.01252
50.37700,52.01352
50.37800,52.01452
50.37900,52.01552
50.38000,52.01652
50.38100,52.01752
50.38200,52.01852
50.38300,52.01952
50.38400,52.02052
50.38500,52.02152
50.38600,52.02252
50.38700,52.02352
50.38800,52.02452
50.38900,52.02552
50.39000,52.02652
50.39100,52.02752
50.39200,52.02852
50.39300,52.02952
50.39400,52.03052
50.39500,52.03152
50.39600,52.03252
50.39700,52.03352
50.39800,52.03452
50.39900,52.03552
50.40000,52.03652
50.40100,52.03752
50.40200,52.03852
50.40300,52.03952
50.40400,52.04052
50.40500,52.04152
50.40600,52.04252
50.40700,52.04352
50.40800,52.04452
50.40900,52.04552
50.41000,52.04652
50.41100,52.04752
50.41200,52.04852
50.41300,52.04952
50.41400,52.05052
50.41500,52.05152
50.41600,52.05252
50.41700,52.05352
50.41800,52.05452
50.41900,52.05552
50.42000,52.05652
50.42100,52.05752
50.42200,52.05852
50.42300,52.05952
50.42400,52.06052
50.42500,52.06152
50.42600,52.06252
50.42700,52.06352
50.42800,52.06452
50.42900,52.06552
50.43000,52.06652
50.43100,52.06752
50.43200,52.06852
50.43300,52.06952
50.43400,52.07052
50.43500,52.07152
50.43600,52.07252
50.43700,52.07352
50.43800,52.07452
50.43900,52.07552
50.44000,52.07652
50.44100,52.07752
50.44200,52.07852
50.44300,52.07952
50.44400,52.08052
50.44500,52.08152
50.44600,52.08252
50.44700,52.08352
50.44800,52.08452
50.44900,52.08552
50.45000,52.08652
50.45100,52.08752
50.45200,52.08852
50.45300,52.08952
50.45400,52.09052
50.45500,52.09152
50.45600,52.09252
50.45700,52.09352
50.45800,52.09452
50.45900,52.09552
50.46000,52.09652
50.46100,52.09752
50.46200,52.09852
50.46300,52.09952
50.46400,52.10052
50.46500,52.10152
50.46600,52.10252
50.46700,52.10352
50.46800,52.10452
50.46900,52.10552
50.47000,52.10652
50.47100,52.10752
50.47200,52.10852
50.47300,52.10952
50.47400,52.11052
50.47500,52.11152
50.47600,52.11252
50.47700,52.11352
50.47800,52.11452
50.47900,52.11552
50.48000,52.11652
50.48100,52.11752
50.48200,52.11852
50.48300,52.11952
50.48400,52.12052
50.48500,52.12152
50.48600,52.12252
50.48700,52.12352
50.48800,52.12452
50.48900,52.12552
50.49000,52.12652
50.49100,52.12752
50.49200,52.12852
50.49300,52.12952
50.49400,52.13052
50.49500,52.13152
50.49600,52.13252
50.49700,52.13352
50.49800,52.13452
50.49900,52.13552
50.50000,52.13652
50.50100,52.13752
50.50200,52.13852
50.50300,52.13952
50.50400,52.14052
50.50500,52.14152
50.50600,52.14252
50.50700,52.14352
50.50800,52.14452
50.50900,52.14552
50.51000,52.14652
50.51100,52.14752
50.51200,52.14852
50.51300,52.14952
50.51400,52.15052
50.51500,52.15152
50.51600,52.15252
50.51700,52.15352
50.51800,52.15452
50.51900,52.15552
50.52000,52.15652
50.52100,52.15752
50.52200,52.15852
50.52300,52.15952
50.52400,52.16052
50.52500,52.16152
50.52600,52.16252
50.52700,52.16352
50.52800,52.16452
50.52900,52.16552
50.53000,52.16652
50.53100,52.16752
50.53200,52.16852
50.53300,52.16952
50.53400,52.17052
50.53500,52.17152
50.53600,52.17252
50.53700,52.17352
50.53800,52.17452
50.53900,52.17552
50.54000,52.17652
50.54100,52.17752
50.54200,52.17852
50.54300,52.17952
50.54400,52.18052
50.54500,52.18152
50.54600,52.18252
50.54700,52.18352
50.54800,52.18452
50.54900,52.18552
50.55000,52.18652
50.55100,52.18752
50.55200,52.18852
50.55300,52.18952
50.55400,52.19052
50.55500,52.19152
50.55600,52.19252
50.55700,52.19352
50.55800,52.19452
50.55900,52.19552
50.56000,52.19652
50.56100,52.19752
50.56200,52.19852
50.56300,52.19952
50.56400,52.20052
50.56500,52.20152
50.56600,52.20252
50.56700,52.20352
50.56800,52.20452
50.56900,52.20552
50.57000,52.20652
50.57100,52.20752
50.57200,52.20852
50.57300,52.20952
50.57400,52.21052
50.57500,52.21152
50.57600,52.21252
50.57700,52.21452
50.57800,52.21552
50.57900,52.21652
50.58000,52.21752
50.58100,52.21852
50.58200,52.21952
50.58300,52.22052
50.58400,52.22152
50.58500,52.22252
50.58600,52.22352
50.58700,52.22452
50.58800,52.22552
50.58900,52.22652
50.59000,52.22752
50.59100,52.22852
50.59200,52.22952
50.59300,52.23052
50.59400,52.23152
50.59500,52.23252
50.59600,52.23352
50.59700,52.23452
50.59800,52.23552
50.59900,52.23652
50.60000,52.23752
50.60100,52.23852
50.60200,52.23952
50.60300,52.24052
50.60400,52.24152
50.60500,52.24252
50.60600,52.24352
50.60700,52.24452
50.60800,52.24552
50.60900,52.24652
50.61000,52.24752
50.61100,52.24852
50.61200,52.24952
50.61300,52.25052
50.61400,52.25152
50.61500,52.25252
50.61600,52.25352
50.61700,52.25452
50.61800,52.25552
50.61900,52.25652
50.62000,52.25952
50.62100,52.26052
50.62200,52.26152
50.62300,52.26252
50.62400,52.26452
50.62500,52.26552
50.62600,52.26652
50.62700,52.26752
50.62800,52.26852
50.62900,52.26952
50.63000,52.27052
50.63100,52.29152
50.63200,52.29252
50.63300,52.29452
50.63400,52.29852
50.63500,52.29952
50.63600,52.30052
50.63700,52.30152
50.63800,52.30252
50.63900,52.30352
50.64000,52.30452
50.64100,52.30552
50.64200,52.30852
50.64300,52.30952
50.64400,52.31052
50.64500,52.31352
50.64600,52.31452
50.64700,52.31552
50.64800,52.31652
50.64900,52.31752
50.65000,52.31852
50.65100,52.31952
50.65200,52.32052
50.65300,52.32152
50.65400,52.32252
50.65500,52.32352
50.65600,52.32452
50.65700,52.32552
50.65800,52.32652
50.65900,52.32752
50.66000,52.32852
50.66100,52.32952
50.66200,52.33052
50.66300,52.33152
50.66400,52.33252
50.66500,52.33352
50.66600,52.33452
50.66700,52.33552
50.66800,52.33652
50.66900,52.33752
50.67000,52.33852
50.67100,52.33952
50.67200,52.34052
50.67300,52.34152
50.67400,52.34252
50.67500,52.34352
50.67600,52.34452
50.67700,52.34552
50.67800,52.34652
50.67900,52.34752
50.68000,52.34852
50.68100,52.34952
50.68200,52.35052
50.68300,52.35152
50.68400,52.35252
50.68500,52.35352
50.68600,52.35452
50.68700,52.35552
50.68800,52.35652
50.68900,52.35752
50.69000,52.35852
50.69100,52.35952
50.69200,52.36052
50.69300,52.36152
50.69400,52.36252
50.69500,52.36352
50.69600,52.36452
50.69700,52.36552
50.69800,52.36652
50.69900,52.36752
50.70000,52.36852
50.70100,52.36952
50.70200,52.37052
50.70300,52.37152
50.70400,52.37252
50.70500,52.37352
50.70600,52.37452
50.70700,52.37552
50.70800,52.37652
50.70900,52.37752
50.71000,52.37852
50.71100,52.37952
50.71200,52.38052
50.71300,52.38152
50.71400,52.38252
50.71500,52.38352
50.71600,52.38452
50.71700,52.38552
50.71800,52.38652
50.71900,52.38752
50.72000,52.38852
50.72100,52.38952
50.72200,52.39052
50.72300,52.39152
50.72400,52.39252
50.72500,52.39352
50.72600,52.39452
50.72700,52.39552
50.72800,52.39652
50.72900,52.39752
50.73000,52.39852
50.73100,52.39952
50.73200,52.40052
50.73300,52.40152
50.73400,52.40252
50.73500,52.40352
50.73800,52.40452
50.73900,52.40552
50.74000,52.40652
50.74100,52.40752
50.74200,52.40852
50.74300,52.40952
50.74400,52.41052
50.74500,52.41152
50.74600,52.41252
50.74700,52.41352
50.74800,52.41452
50.74900,52.41552
50.75000,52.41652
50.75100,52.41752
50.75200,52.41852
50.75300,52.41952
50.75400,52.42052
50.75500,52.42152
50.75600,52.42252
50.75700,52.42352
50.75800,52.42452
50.75900,52.42552
50.76000,52.42652
50.76100,52.42752
50.76200,52.42852
50.76300,52.42952
50.76400,52.43052
50.76500,52.43152
50.76600,52.43252
50.76700,52.43352
50.76800,52.43452
50.76900,52.43552
50.77000,52.43652
50.77100,52.43752
50.77200,52.43852
50.77300,52.43952
50.77400,52.44052
50.77500,52.44152
50.77600,52.44252
50.77700,52.44352
50.77800,52.44452
50.77900,52.44552
50.78000,52.44652
50.78100,52.44752
50.78200,52.44852
50.78300,52.44952
50.78400,52.45052
50.78500,52.45152
50.78600,52.45252
50.78700,52.45352
50.78800,52.45452
50.78900,52.45552
50.79000,52.45652
50.79100,52.45752
50.79200,52.45852
50.79300,52.45952
50.79400,52.46052
50.79500,52.46152
50.79600,52.46252
50.79700,52.46352
50.79800,52.46452
50.79900,52.46552
50.80000,52.46652
50.80100,52.46752
50.80200,52.46852
50.80300,52.46952
50.80400,52.47052
50.80500,52.47152
50.80600,52.47252
50.80700,52.47352
50.80800,52.47452
50.80900,52.47552
50.81000,52.47652
50.81100,52.47752
50.81200,52.47852
50.81300,52.47952
50.81400,52.48052
50.81500,52.48152
50.81600,52.48252
50.81700,52.48352
50.81800,52.48452
50.81900,52.48552
50.82000,52.48652
50.82100,52.48752
50.82200,52.48852
50.82300,52.48952
50.82400,52.49052
50.82500,52.49152
50.82600,52.49252
50.82700,52.49352
50.82800,52.49452
50.82900,52.49552
50.83000,52.49652
50.83100,52.49752
50.83200,52.49852
50.83300,52.49952
50.83400,52.50052
50.83500,52.50152
50.83600,52.50252
50.83700,52.50352
50.83800,52.50452
50.83900,52.50552
50.84000,52.50652
50.84100,52.50752
50.84200,52.50852
50.84300,52.50952
50.84400,52.51052
50.84500,52.51152
50.84600,52.51252
50.84700,52.51352
50.84800,52.51452
50.84900,52.51552
50.85000,52.51652
50.85100,52.51752
50.85200,52.51852
50.85300,52.51952
50.85400,52.52052
50.85500,52.52152
50.85600,52.52252
50.85700,52.52352
50.85800,52.52452
50.85900,52.52552
50.86000,52.52652
50.86100,52.52752
50.86200,52.52852
50.86300,52.52952
50.86400,52.53052
50.86500,52.53152
50.86600,52.53252
50.86700,52.53352
50.86800,52.53452
50.86900,52.53552
50.87000,52.53652
50.87100,52.53752
50.87200,52.53852
50.87300,52.53952
50.87400,52.54052
50.87500,52.54152
50.87600,52.54252
50.87700,52.54352
50.87800,52.54452
50.87900,52.54552
50.88000,52.54652
50.88100,52.54752
50.88200,52.54852
50.88300,52.54952
50.88400,52.55052
50.88500,52.55152
50.88600,52.55252
50.88700,52.55352
50.88800,52.55452
50.88900,52.55552
50.89000,52.55652
50.89100,52.55752
50.89200,52.55852
50.89300,52.55952
50.89400,52.56052
50.89500,52.56152
50.89600,52.56252
50.89700,52.56352
50.89800,52.56452
50.89900,52.56552
50.90000,52.56652
50.90100,52.56752
50.90200,52.56852
50.90300,52.56952
50.90400,52.57052
50.90500,52.57152
50.90600,52.57252
50.90700,52.57352
50.90800,52.57452
50.90900,52.57552
50.91000,52.57652
50.91100,52.57752
50.91200,52.57852
50.91300,52.57952
50.91400,52.58052
50.91500,52.58152
50.91600,52.58252
50.91700,52.58352
50.91800,52.58452
50.91900,52.58552
50.92000,52.58652
50.92100,52.58752
50.92200,52.58852
50.92300,52.58952
50.92400,52.59052
50.92500,52.59152
50.92600,52.59252
50.92700,52.59352
50.92800,52.59452
50.92900,52.59552
50.93000,52.59652
50.93100,52.60852
50.93200,52.60952
50.93300,52.61052
50.93400,52.61252
50.93500,52.61352
50.93600,52.61452
50.93700,52.61552
50.93800,52.61652
50.93900,52.61752
50.94000,52.61852
50.94100,52.61952
50.94200,52.62052
50.94300,52.62152
50.94400,52.62252
50.94500,52.62352
50.94600,52.62452
50.94700,52.62552
50.94800,52.63452
50.94900,52.63552
50.95000,52.63652
50.95100,52.63752
50.95200,52.63852
50.95300,52.63952
50.95400,52.64052
50.95500,52.64152
50.95600,52.64252
50.95700,52.64352
50.95800,52.64452
50.95900,52.64552
50.96000,52.64652
50.96100,52.64752
50.96200,52.64852
50.96300,52.64952
50.96400,52.65052
50.96500,52.65152
50.96600,52.65252
50.96700,52.65352
50.96800,52.65452
50.96900,52.65552
50.97000,52.65652
50.97100,52.65752
50.97200,52.65852
50.97300,52.65952
50.97400,52.66052
50.97500,52.66152
50.97600,52.67252
50.97700,52.67352
50.97800,52.67452
50.97900,52.67552
50.98000,52.67652
50.98100,52.67752
50.98200,52.67852
50.98300,52.67952
50.98400,52.68052
50.98500,52.68152
50.98600,52.68252
50.98700,52.68352
50.98800,52.68452
50.98900,52.68552
50.99000,52.68652
50.99100,52.68752
50.99200,52.68852
50.99300,52.68952
50.99400,52.69052
50.99500,52.69152
50.99600,52.69252
50.99700,52.69352
50.99800,52.69452
50.99900,52.69552
51.00000,52.69652
51.00100,52.69752
51.00200,52.69852
51.00300,52.69952
51.00400,52.70052
51.00500,52.70152
51.00600,52.70252
51.00700,52.70352
51.00800,52.70452
51.00900,52.70552
51.01000,52.70652
51.01100,52.70752
51.01200,52.70852
51.01300,52.70952
51.01400,52.71052
51.01500,52.71152
51.01600,52.71252
51.01700,52.71352
51.01800,52.71452
51.01900,52.71552
51.02000,52.71652
51.02100,52.71752
51.02200,52.71852
51.02300,52.71952
51.02400,52.72052
51.02500,52.72152
51.02600,52.72252
51.02700,52.72352
51.02800,52.72452
51.02900,52.72552
51.03000,52.72652
51.03100,52.72752
51.03200,52.72852
51.03300,52.72952
51.03400,52.73052
51.03500,52.73152
51.03600,52.73252
51.03700,52.73352
51.03800,52.73452
51.03900,52.73552
51.04000,52.73652
51.04100,52.73752
51.04200,52.73852
51.04300,52.74152
51.04400,52.74252
51.04500,52.74952
51.04600,52.75052
51.04700,52.75152
51.04800,52.75252
51.04900,52.75352
51.05000,52.75452
51.05100,52.76252
51.05200,52.76352
51.05300,52.76452
51.05400,52.76552
51.05500,52.76652
51.05600,52.76752
51.05700,52.76852
51.05800,52.76952
51.05900,52.77052
51.06000,52.77152
51.06100,52.77252
51.06200,52.77352
51.06300,52.77452
51.06400,52.77552
51.06500,52.77652
51.06600,52.77752
51.06700,52.77852
51.06800,52.77952
51.06900,52.81252
51.07000,52.81352
51.07100,52.81452
51.07200,52.81552
51.07300,52.81652
51.07400,52.81752
51.07500,52.81852
51.07600,52.81952
51.07700,52.82052
51.07800,52.82152
51.07900,52.82252
51.08000,52.82352
51.08100,52.82452
51.08200,52.82552
51.08300,52.82652
51.08400,52.82752
51.08500,52.82852
51.08600,52.82952
51.08700,52.83652
51.08800,52.83752
51.08900,52.83852
51.09000,52.83952
51.09100,52.84052
51.09200,52.84152
51.09300,52.84252
51.09400,52.84352
51.09500,52.84452
51.09600,52.84552
51.09700,52.84652
51.09800,52.84752
51.09900,52.84852
51.10000,52.84952
51.10100,52.85052
51.10200,52.85152
51.10300,52.85252
51.10400,52.85352
51.10500,52.85452
51.10600,52.86152
51.10700,52.86252
51.10800,52.87052
51.10900,52.87152
51.11000,52.87252
51.11100,52.87352
51.11200,52.87452
51.11300,52.87552
51.11400,52.87652
51.11500,52.87752
51.11600,52.88052
51.11700,52.88152
51.11800,52.88252
51.11900,52.88352
51.12000,52.88452
51.12100,52.88552
51.12200,52.88652
51.12300,52.88752
51.12400,52.88852
51.12500,52.88952
51.12600,52.89052
51.12700,52.89152
51.12800,52.89252
51.12900,52.89352
51.13000,52.89452
51.13100,52.89552
51.13200,52.89652
51.13300,52.89752
51.13400,52.89852
51.13500,52.90152
51.13600,52.90252
51.13700,52.90352
51.13800,52.90452
51.13900,52.90552
51.14000,52.90652
51.14100,52.90752
51.14200,52.90852
51.14300,52.90952
51.14400,52.91052
51.14500,52.91152
51.14600,52.91252
51.14700,52.91352
51.14800,52.91452
51.14900,52.91552
51.15000,52.91652
51.15100,52.91752
51.15200,52.91852
51.15300,52.91952
51.15400,52.92452
51.15500,52.92552
51.15600,52.92652
51.15700,52.92752
51.15800,52.92852
51.15900,52.92952
51.16000,52.93052
51.16100,52.93152
51.16200,52.93252
51.16300,52.93352
51.16400,52.93452
51.16500,52.93552
51.16600,52.93652
51.16700,52.93752
51.16800,52.93852
51.16900,52.93952
51.17000,52.94052
51.17100,52.94152
51.17200,52.94252
51.17300,52.94352
51.17400,52.94452
51.17500,52.94552
51.17600,52.94652
51.17700,52.94752
51.17800,52.94852
51.17900,52.94952
51.18000,52.95052
51.18100,52.95152
51.18200,52.95252
51.18300,52.95352
51.18400,52.95452
51.18500,52.95552
51.18600,52.95652
51.18700,52.95752
51.18800,52.95852
51.18900,52.95952
51.19000,52.96052
51.19100,52.96152
51.19200,52.96252
51.19300,52.96352
51.19400,52.96452
51.19500,52.96552
51.19600,52.96652
51.19700,52.96752
51.19800,52.96852
51.19900,52.96952
51.20000,52.97052
51.20100,52.97152
51.20200,52.97252
51.20300,52.97352
51.20400,52.97452
51.20500,52.97552
51.20600,52.97652
51.20700,52.97752
51.20800,52.97852
51.20900,52.97952
51.21000,52.98052
51.21100,52.98152
51.21200,52.98252
51.21300,52.98352
51.21400,52.98452
51.21500,52.98552
51.21600,52.98652
51.21700,52.98752
51.21800,52.99052
51.21900,52.99152
51.22000,52.99252
51.22100,52.99352
51.22200,52.99452
51.22300,52.99552
51.22400,52.99652
51.22500,52.99952
51.22600,53.00052
51.22700,53.00152
51.22800,53.00352
51.22900,53.00452
51.23000,53.00552
51.23100,53.00652
51.23200,53.00752
51.23300,53.00852
51.23400,53.00952
51.23500,53.01052
51.23600,53.01152
51.23700,53.01252
51.23800,53.01352
51.23900,53.01452
51.24000,53.01552
51.24100,53.01652
51.24200,53.01752
51.24300,53.01852
51.24400,53.01952
51.24500,53.02052
51.24600,53.02152
51.24700,53.02252
51.24800,53.02352
51.24900,53.02452
51.25000,53.02552
51.25100,53.02652
51.25200,53.02752
51.25300,53.02852
51.25400,53.02952
51.25500,53.03052
51.25600,53.03152
51.25700,53.03252
51.25800,53.03352
51.25900,53.03452
51.26000,53.03552
51.26100,53.03652
51.26200,53.04352
51.26300,53.04552
51.26400,53.04752
51.26500,53.04852
51.26600,53.04952
51.26700,53.05052
51.26800,53.05152
51.26900,53.05252
51.27000,53.05352
51.27100,53.05452
51.27200,53.05552
51.27300,53.05652
51.27400,53.05752
51.27500,53.05852
51.27600,53.05952
51.27700,53.06052
51.27800,53.06152
51.27900,53.06252
51.28000,53.06352
51.28100,53.06452
51.28200,53.06552
51.28300,53.06652
51.28400,53.06752
51.28500,53.06852
51.28600,53.06952
51.28700,53.07052
51.28800,53.07152
51.28900,53.07252
51.29000,53.07352
51.29100,53.07452
51.29200,53.07552
51.29300,53.07652
51.29400,53.07752
51.29500,53.07852
51.29600,53.07952
51.29700,53.08052
51.29800,53.08152
51.29900,53.08252
51.30000,53.08352
51.30100,53.08452
51.30200,53.08552
51.30300,53.08652
51.30400,53.08752
51.30500,53.08852
51.30600,53.08952
51.30700,53.09052
51.30800,53.09152
51.30900,53.09252
51.31000,53.09352
51.31100,53.09452
51.31200,53.09552
51.31300,53.09652
51.31400,53.09752
51.31500,53.09852
51.31600,53.09952
51.31700,53.10052
51.31800,53.10152
51.31900,53.10252
51.32000,53.10352
51.32100,53.10452
51.32200,53.10552
51.32300,53.10652
51.32400,53.10752
51.32500,53.10852
51.32600,53.10952
51.32700,53.11052
51.32800,53.11152
51.32900,53.11252
51.33000,53.11352
51.33100,53.11452
51.33200,53.11552
51.33300,53.11652
51.33400,53.11752
51.33500,53.11852
51.33600,53.11952
51.33700,53.12052
51.33800,53.12152
51.33900,53.12252
51.34000,53.12352
51.34100,53.12452
51.34200,53.12552
51.34300,53.12652
51.34400,53.12752
51.34500,53.12852
51.34600,53.12952
51.34700,53.13052
51.34800,53.13152
51.34900,53.13252
51.35000,53.13352
51.35100,53.13452
51.35200,53.13552
51.35300,53.13652
51.35400,53.13752
51.35500,53.13852
51.35600,53.13952
51.35700,53.14052
51.35800,53.14152
51.35900,53.14252
51.36000,53.14352
51.36100,53.14452
51.36200,53.14552
51.36300,53.14652
51.36400,53.14752
51.36500,53.14852
51.36600,53.14952
51.36700,53.15052
51.36800,53.15152
51.36900,53.15252
51.37000,53.15352
51.37100,53.15452
51.37200,53.15552
51.37300,53.15652
51.37400,53.15752
51.37500,53.15852
51.37600,53.15952
51.37700,53.16052
51.37800,53.16152
51.37900,53.16252
51.38000,53.16352
51.38100,53.16452
51.38200,53.16552
51.38300,53.16652
51.38400,53.16752
51.38500,53.16852
51.38600,53.16952
51.38700,53.17052
51.38800,53.17152
51.38900,53.17252
51.39000,53.17352
51.39100,53.17452
51.39200,53.17552
51.39300,53.17652
51.39400,53.17752
51.39500,53.17852
51.39600,53.17952
51.39700,53.18052
51.39800,53.18152
51.39900,53.18252
51.40000,53.18352
51.40100,53.18452
51.40200,53.18552
51.40300,53.18652
51.40400,53.18752
51.40500,53.18852
51.40600,53.18952
51.40700,53.19052
51.40800,53.19152
51.40900,53.19252
51.41000,53.19352
51.41100,53.19452
51.41200,53.19552
51.41300,53.19652
51.41400,53.19752
51.41500,53.19852
51.41600,53.19952
51.41700,53.20052
51.41800,53.20152
51.41900,53.20252
51.42000,53.20352
51.42100,53.20452
51.42200,53.20552
51.42300,53.20652
51.42400,53.20752
51.42500,53.20852
51.42600,53.20952
51.42700,53.21052
51.42800,53.21152
51.42900,53.21252
51.43000,53.21352
51.43100,53.21452
51.43200,53.21552
51.43300,53.21652
51.43400,53.21752
51.43500,53.21852
51.43600,53.21952
51.43700,53.22052
51.43800,53.22252
51.43900,53.22352
51.44000,53.22452
51.44100,53.22552
51.44200,53.22652
51.44300,53.22752
51.44400,53.22852
51.44500,53.22952
51.44600,53.23052
51.44700,53.23152
51.44800,53.23252
51.44900,53.23352
51.45000,53.23452
51.45100,53.28052
51.45200,53.28152
51.45300,53.28252
51.45400,53.28352
51.45500,53.28452
51.45600,53.28552
51.45700,53.28652
51.45800,53.28752
51.45900,53.28852
51.46000,53.28952
51.46100,53.29052
51.46200,53.29152
51.46300,53.29252
51.46400,53.29352
51.46500,53.29452
51.46600,53.29552
51.46700,53.29652
51.46800,53.29752
51.46900,53.29852
51.47000,53.29952
51.47100,53.30052
51.47200,53.30152
51.47300,53.30252
51.47400,53.30352
51.47500,53.30452
51.47600,53.30552
51.47700,53.30652
51.47800,53.30752
51.47900,53.30852
51.48000,53.30952
51.48100,53.31052
51.48200,53.31152
51.48300,53.31252
51.48400,53.31352
51.48500,53.31452
51.48600,53.31552
51.48700,53.31652
51.48800,53.31752
51.48900,53.31852
51.49000,53.31952
51.49100,53.32052
51.49200,53.32152
51.49300,53.32252
51.49400,53.32352
51.49500,53.32452
51.49600,53.32552
51.49700,53.32652
51.49800,53.32752
51.49900,53.32852
51.50000,53.32952
51.50100,53.33052
51.50200,53.33152
51.50300,53.33252
51.50400,53.33352
51.50500,53.33452
51.50600,53.33552
51.50700,53.33652
51.50800,53.33752
51.50900,53.33852
51.51000,53.33952
51.51100,53.34052
51.51200,53.34152
51.51300,53.34252
51.51400,53.34352
51.51500,53.34452
51.51600,53.34552
51.51700,53.34652
51.51800,53.34752
51.51900,53.34852
51.52000,53.34952
51.52100,53.35052
51.52200,53.35152
51.52300,53.35252
51.52400,53.35352
51.52500,53.35452
51.52600,53.35552
51.52700,53.35652
51.52800,53.35752
51.52900,53.35852
51.53000,53.35952
51.53100,53.36052
51.53200,53.36152
51.53300,53.36252
51.53400,53.36352
51.53500,53.36452
51.53600,53.36552
51.53700,53.36652
51.53800,53.36752
51.53900,53.36852
51.54000,53.36952
51.54100,53.37052
51.54200,53.37152
51.54300,53.37252
51.54400,53.37352
51.54500,53.37452
51.54600,53.37552
51.54700,53.37652
51.54800,53.37752
51.54900,53.37852
51.55000,53.37952
51.55100,53.38052
51.55200,53.38152
51.55300,53.38252
51.55400,53.38352
51.55500,53.38452
51.55600,53.38552
51.55700,53.38652
51.55800,53.38752
51.55900,53.38852
51.56000,53.38952
51.56100,53.39052
51.56200,53.39152
51.56300,53.39252
51.56400,53.39352
51.56500,53.39452
51.56600,53.39552
51.56700,53.39652
51.56800,53.39752
51.56900,53.39852
51.57000,53.39952
51.57100,53.40052
51.57200,53.40152
51.57300,53.40252
51.57400,53.40352
51.57500,53.40452
51.57600,53.40552
51.57700,53.40652
51.57800,53.40752
51.57900,53.40852
51.58000,53.40952
51.58100,53.41052
51.58200,53.41152
51.58300,53.41252
51.58400,53.41352
51.58500,53.41452
51.58600,53.41552
51.58700,53.41652
51.58800,53.41752
51.58900,53.41852
51.59000,53.41952
51.59100,53.42052
51.59200,53.42152
51.59300,53.42252
51.59400,53.42352
51.59500,53.42452
51.59600,53.42552
51.59700,53.42652
51.59800,53.42752
51.59900,53.42852
51.60000,53.42952
51.60100,53.43052
51.60200,53.43152
51.60300,53.43252
51.60400,53.43352
51.60500,53.43452
51.60600,53.43552
51.60700,53.43652
51.60800,53.43752
51.60900,53.43852
51.61000,53.43952
51.61100,53.44052
51.61200,53.44152
51.61300,53.44252
51.61400,53.44352
51.61500,53.44452
51.61600,53.44552
51.61700,53.44652
51.61800,53.44752
51.61900,53.44852
51.62000,53.44952
51.62100,53.45052
51.62200,53.45152
51.62300,53.45252
51.62400,53.45352
51.62500,53.45452
51.62600,53.45552
51.62700,53.45652
51.62800,53.45752
51.62900,53.45852
51.63000,53.45952
51.63100,53.46052
51.63200,53.46152
51.63300,53.46252
51.63400,53.46352
51.63500,53.46452
51.63600,53.46552
51.63700,53.46652
51.63800,53.46752
51.63900,53.46852
51.64000,53.46952
51.64100,53.47052
51.64200,53.47152
51.64300,53.47252
51.64400,53.47352
51.64500,53.47452
51.64600,53.47552
51.64700,53.47652
51.64800,53.47752
51.64900,53.47852
51.65000,53.47952
51.65100,53.48052
51.65200,53.48152
51.65300,53.48252
51.65400,53.48352
51.65500,53.48452
51.65600,53.48552
51.65700,53.48652
51.65800,53.48752
51.65900,53.48852
51.66000,53.48952
51.66100,53.49052
51.66200,53.49152
51.66300,53.49252
51.66400,53.49352
51.66500,53.49452
51.66600,53.49552
51.66700,53.49652
51.66800,53.49752
51.66900,53.49852
51.67000,53.49952
51.67100,53.50052
51.67200,53.50152
51.67300,53.50252
51.67400,53.50352
51.67500,53.50452
51.67600,53.50552
51.67700,53.50652
51.67800,53.50752
51.67900,53.50852
51.68000,53.50952
51.68100,53.51052
51.68200,53.51152
51.68300,53.51252
51.68400,53.51352
51.68500,53.51452
51.68600,53.51552
51.68700,53.51652
51.68800,53.51752
51.68900,53.51852
51.69000,53.51952
51.69100,53.52052
51.69200,53.52152
51.69300,53.52252
51.69400,53.52352
51.69500,53.52452
51.69600,53.52552
51.69700,53.52652
51.69800,53.52752
51.69900,53.52852
51.70000,53.52952
51.70100,53.53052
51.70200,53.53152
51.70300,53.53252
51.70400,53.53352
51.70500,53.53452
51.70600,53.53552
51.70700,53.53652
51.70800,53.53752
51.70900,53.53852
51.71000,53.53952
51.71100,53.54052
51.71200,53.54152
51.71300,53.54252
51.71400,53.54352
51.71500,53.54452
51.71600,53.54552
51.71700,53.54652
51.71800,53.55152
51.71900,53.55252
51.72000,53.55352
51.72100,53.55452
51.72200,53.55552
51.72300,53.55652
51.72400,53.55752
51.72500,53.55852
51.72600,53.55952
51.72700,53.56052
51.72800,53.56152
51.72900,53.56252
51.73000,53.56352
51.73100,53.56452
51.73200,53.56552
51.73300,53.56652
51.73400,53.56752
51.73500,53.56852
51.73600,53.56952
51.73700,53.57052
51.73800,53.57152
51.73900,53.57252
51.74000,53.57352
51.74100,53.57452
51.74200,53.57552
51.74300,53.57652
51.74400,53.57752
51.74500,53.57852
51.74600,53.57952
51.74700,53.58052
51.74800,53.58152
51.74900,53.58252
51.75000,53.58352
51.75100,53.58452
51.75200,53.58552
51.75300,53.58652
51.75400,53.58752
51.75500,53.58852
51.75600,53.58952
51.75700,53.59052
51.75800,53.59152
51.75900,53.59252
51.76000,53.59352
51.76100,53.59452
51.76200,53.59552
51.76300,53.59652
51.76400,53.59752
51.76500,53.59852
51.76600,53.59952
51.76700,53.60052
51.76800,53.60152
51.76900,53.60252
51.77000,53.60352
51.77100,53.60452
51.77200,53.60552
51.77300,53.60652
51.77400,53.60752
51.77500,53.60852
51.77600,53.60952
51.77700,53.61052
51.77800,53.61152
51.77900,53.61252
51.78000,53.61352
51.78100,53.61452
51.78200,53.61552
51.78300,53.61652
51.78400,53.61752
51.78500,53.61852
51.78600,53.61952
51.78700,53.62052
51.78800,53.62152
51.78900,53.62252
51.79000,53.62352
51.79100,53.62452
51.79200,53.62552
51.79300,53.62652
51.79400,53.62752
51.79500,53.62852
51.79600,53.62952
51.79700,53.63052
51.79800,53.63152
51.79900,53.63252
51.80000,53.63352
51.80100,53.63452
51.80200,53.63552
51.80300,53.63652
51.80400,53.63752
51.80500,53.63852
51.80600,53.63952
51.80700,53.64052
51.80800,53.64152
51.80900,53.64252
51.81000,53.64352
51.81100,53.64452
51.81200,53.64552
51.81300,53.64652
51.81400,53.64752
51.81500,53.64852
51.81600,53.64952
51.81700,53.65052
51.81800,53.65152
51.81900,53.65252
51.82000,53.65352
51.82100,53.65452
51.82200,53.65552
51.82300,53.65652
51.82400,53.65752
51.82500,53.65852
51.82600,53.65952
51.82700,53.70852
51.82800,53.70952
51.82900,53.71052
51.83000,53.71152
51.83100,53.71252
51.83200,53.71352
51.83300,53.71452
51.83400,53.71552
51.83500,53.71852
51.83600,53.71952
51.83700,53.72052
51.83800,53.72152
51.83900,53.72252
51.84000,53.72352
51.84100,53.72452
51.84200,53.72552
51.84300,53.72652
51.84400,53.72752
51.84500,53.72852
51.84600,53.72952
51.84700,53.73052
51.84800,53.73152
51.84900,53.73252
51.85000,53.73352
51.85100,53.73452
51.85200,53.73552
51.85300,53.73652
51.85400,53.73752
51.85500,53.73852
51.85600,53.73952
51.85700,53.74052
51.85800,53.74152
51.85900,53.74252
51.86000,53.74352
51.86100,53.74452
51.86200,53.74552
51.86300,53.74652
51.86400,53.74752
51.86500,53.74852
51.86600,53.74952
51.86700,53.75052
51.86800,53.75152
51.86900,53.75252
51.87000,53.75352
51.87100,53.75452
51.87200,53.75552
51.87300,53.75652
51.87400,53.75752
51.87500,53.75852
51.87600,53.75952
51.87700,53.76052
51.87800,53.76152
51.87900,53.76252
51.88000,53.76352
51.88100,53.76452
51.88200,53.76552
51.88300,53.76652
51.88400,53.76752
51.88500,53.76852
51.88600,53.76952
51.88700,53.77052
51.88800,53.77152
51.88900,53.77252
51.89000,53.77352
51.89100,53.77452
51.89200,53.77552
51.89300,53.77652
51.89400,53.77752
51.89500,53.77852
51.89600,53.77952
51.89700,53.78052
51.89800,53.78152
51.89900,53.78252
51.90000,53.78352
51.90100,53.78452
51.90200,53.78552
51.90300,53.78652
51.90400,53.78752
51.90500,53.78852
51.90600,53.78952
51.90700,53.79052
51.90900,53.79152
51.91000,53.79252
51.91100,53.79352
51.91200,53.79452
51.91300,53.79552
51.91400,53.79652
51.91500,53.79752
51.91600,53.79852
51.91700,53.79952
51.91800,53.80052
51.91900,53.80152
51.92000,53.80252
51.92100,53.80352
51.92200,53.80452
51.92300,53.80552
51.92400,53.80652
51.92500,53.80752
51.92600,53.80852
51.92700,53.80952
51.92800,53.81052
51.92900,53.81152
51.93000,53.81252
51.93100,53.81352
51.93200,53.81452
51.93300,53.81552
51.93400,53.81652
51.93500,53.81752
51.93600,53.81852
51.93700,53.81952
51.93800,53.82052
51.93900,53.82152
51.94000,53.82252
51.94100,53.82352
51.94200,53.82452
51.94300,53.82552
51.94400,53.82652
51.94500,53.82752
51.94600,53.82852
51.94700,53.82952
51.94800,53.83052
51.94900,53.83152
51.95000,53.83252
51.95100,53.83352
51.95200,53.83452
51.95300,53.83552
51.95400,53.83652
51.95500,53.83752
51.95600,53.83852
51.95700,53.83952
51.95800,53.84052
51.95900,53.84152
51.96000,53.84252
51.96100,53.84352
51.96200,53.84452
51.96300,53.84552
51.96400,53.84652
51.96500,53.84752
51.96600,53.84852
51.96700,53.84952
51.96800,53.85052
51.96900,53.85152
51.97000,53.85252
51.97100,53.85352
51.97200,53.85452
51.97300,53.85552
51.97400,53.85652
51.97500,53.85752
51.97600,53.85852
51.97700,53.85952
51.97800,53.86052
51.97900,53.86152
51.98000,53.86252
51.98100,53.86352
51.98200,53.86452
51.98300,53.86552
51.98400,53.86652
51.98500,53.86752
51.98600,53.86852
51.98700,53.86952
51.98800,53.87052
51.98900,53.87152
51.99000,53.87252
51.99100,53.87352
51.99200,53.87452
51.99400,53.87552
51.99500,53.87652
51.99600,53.87752
51.99700,53.87852
51.99800,53.87952
51.99900,53.88052
52.00000,53.88152
52.00100,53.88252
52.00200,53.88352
52.00300,53.88452
52.00400,53.88552
52.00500,53.88652
52.00600,53.88752
52.00700,53.88852
52.00800,53.88952
52.00900,53.89052
52.01000,53.89152
52.01100,53.89252
52.01200,53.89352
52.01300,53.89452
52.01400,53.89552
52.01500,53.89652
52.01600,53.89752
52.01700,53.89852
52.01800,53.89952
52.01900,53.90052
52.02000,53.90152
52.02100,53.90252
52.02200,53.90352
52.02300,53.90452
52.02400,53.90552
52.02500,53.90652
52.02600,53.90752
52.02700,53.90852
52.02800,53.90952
52.02900,53.91052
52.03000,53.91152
52.03100,53.91252
52.03200,53.91352
52.03300,53.91452
52.03400,53.91552
52.03500,53.91652
52.03600,53.91752
52.03700,53.91852
52.03800,53.91952
52.03900,53.92052
52.04000,53.92152
52.04100,53.92252
52.04200,53.92352
52.04300,53.92452
52.04400,53.92552
52.04500,53.92652
52.04600,53.92752
52.04700,53.92852
52.04800,53.92952
52.04900,53.93052
52.05000,53.93152
52.05100,53.93252
52.05200,53.93352
52.05300,53.93452
52.05400,53.93552
52.05500,53.93652
52.05600,53.93752
52.05700,53.93852
52.05800,53.93952
52.05900,53.94052
52.06000,53.94152
52.06100,53.94252
52.06200,53.94352
52.06300,53.94452
52.06400,53.94552
52.06500,53.94652
52.06600,53.94752
52.06700,53.94852
52.06800,53.94952
52.06900,53.95352
52.07000,53.95452
52.07100,53.95552
52.07200,53.95652
52.07300,53.95752
52.07400,53.95852
52.07500,53.95952
52.07600,53.96052
52.07700,53.96152
52.07800,53.96252
52.07900,53.96352
52.08000,53.96452
52.08100,53.96552
52.08200,53.96652
52.08300,53.96752
52.08400,53.96852
52.08500,53.96952
52.08600,53.97052
52.08700,53.97152
52.08800,53.97252
52.08900,53.97352
52.09000,53.97452
52.09100,53.97552
52.09200,53.97652
52.09300,53.97752
52.09400,53.97852
52.09500,53.97952
52.09600,53.98052
52.09700,53.98152
52.09800,53.98252
52.09900,53.98352
52.10000,53.98452
52.10100,53.98552
52.10200,53.98652
52.10300,53.98752
52.10400,53.98852
52.10500,53.98952
52.10600,53.99052
52.10700,53.99152
52.10800,53.99252
52.10900,53.99352
52.11000,53.99452
52.11100,53.99552
52.11200,53.99652
52.11300,53.99752
52.11400,53.99852
52.11500,53.99952
52.11600,54.00052
52.11700,54.00152
52.11800,54.00252
52.11900,54.00352
52.12000,54.00452
52.12100,54.00552
52.12200,54.00652
52.12300,54.00752
52.12400,54.00852
52.12500,54.00952
52.12600,54.01052
52.12700,54.01152
52.12800,54.01252
52.12900,54.01352
52.13000,54.01452
52.13100,54.01552
52.13200,54.01652
52.13300,54.01752
52.13400,54.01852
52.13500,54.01952
52.13600,54.02052
52.13700,54.02152
52.13800,54.02252
52.13900,54.02352
52.14000,54.02452
52.14100,54.02552
52.14200,54.02652
52.14300,54.02752
52.14400,54.02852
52.14500,54.02952
52.14600,54.03052
52.14700,54.03152
52.14800,54.03252
52.14900,54.03352
52.15000,54.03452
52.15100,54.03552
52.15200,54.03652
52.15300,54.03752
52.15400,54.03852
52.15500,54.03952
52.15600,54.04052
52.15700,54.04152
52.15800,54.04252
52.15900,54.04352
52.16000,54.04452
52.16100,54.04552
52.16200,54.04652
52.16300,54.04752
52.16400,54.04852
52.16500,54.04952
52.16600,54.05052
52.16700,54.05152
52.16800,54.05252
52.16900,54.05352
52.17000,54.05452
52.17100,54.05552
52.17200,54.05652
52.17300,54.05752
52.17400,54.05852
52.17500,54.05952
52.17600,54.06052
52.17700,54.06152
52.17800,54.06252
52.17900,54.06352
52.18000,54.06452
52.18100,54.06552
52.18200,54.06652
52.18300,54.06752
52.18400,54.06852
52.18500,54.06952
52.18600,54.07052
52.18700,54.07152
52.18800,54.07252
52.18900,54.07352
52.19000,54.07452
52.19100,54.07752
52.19200,54.08452
52.19300,54.08552
52.19400,54.08652
52.19500,54.08752
52.19600,54.08852
52.19700,54.08952
52.19800,54.09052
52.19900,54.09152
52.20000,54.09252
52.20100,54.09352
52.20200,54.09452
52.20300,54.09552
52.20400,54.09652
52.20500,54.09752
52.20600,54.09852
52.20700,54.09952
52.20800,54.10052
52.20900,54.10452
52.21000,54.10552
52.21100,54.12652
52.21200,54.12752
52.21300,54.12852
52.21400,54.12952
52.21500,54.13052
52.21600,54.13152
52.21700,54.13252
52.21800,54.13352
52.21900,54.13452
52.22000,54.13552
52.22100,54.13652
52.22200,54.13752
52.22300,54.13852
52.22400,54.13952
52.22500,54.14052
52.22600,54.14252
52.22700,54.14352
52.22800,54.14452
52.22900,54.14552
52.23000,54.14852
52.23100,54.14952
52.23200,54.15052
52.23300,54.15352
52.23400,54.15452
52.23500,54.15552
52.23600,54.15652
52.23700,54.15752
52.23800,54.15852
52.23900,54.15952
52.24000,54.16052
52.24100,54.16152
52.24200,54.16252
52.24300,54.16352
52.24400,54.16552
52.24500,54.16652
52.24600,54.16752
52.24700,54.16852
52.24800,54.16952
52.24900,54.17052
52.25000,54.17152
52.25100,54.17252
52.25200,54.17352
52.25300,54.17452
52.25400,54.18752
52.25500,54.18852
52.25600,54.18952
52.25700,54.19052
52.25800,54.19152
52.25900,54.19252
52.26000,54.19352
52.26100,54.19452
52.26200,54.19552
52.26300,54.19652
52.26400,54.19752
52.26500,54.19852
52.26600,54.19952
52.26700,54.20052
52.26800,54.20152
52.26900,54.20252
52.27000,54.20352
52.27100,54.20452
52.27200,54.20552
52.27300,54.20652
52.27400,54.20752
52.27500,54.20852
52.27600,54.20952
52.27700,54.21052
52.27800,54.21152
52.27900,54.21252
52.28000,54.21352
52.28100,54.21452
52.28200,54.21552
52.28300,54.21652
52.28400,54.21752
52.28500,54.21852
52.28600,54.21952
52.28700,54.22052
52.28900,54.22152
52.29100,54.22252
52.29200,54.22352
52.29300,54.22452
52.29400,54.22552
52.29500,54.22652
52.29600,54.22752
52.29700,54.22852
52.29800,54.22952
52.29900,54.23052
52.30000,54.23152
52.30100,54.23252
52.30300,54.23352
52.30400,54.23452
52.30500,54.23552
52.30600,54.23652
52.30700,54.23752
52.30800,54.23852
52.30900,54.23952
52.31000,54.24052
52.31100,54.24152
52.31200,54.24252
52.31300,54.24352
52.31400,54.24452
52.31500,54.24552
52.31600,54.24652
52.31700,54.24752
52.31800,54.24852
52.31900,54.24952
52.32000,54.25052
52.32100,54.25152
52.32200,54.25252
52.32300,54.25352
52.32400,54.25452
52.32500,54.25552
52.32600,54.25652
52.32700,54.25752
52.32800,54.25852
52.32900,54.25952
52.33000,54.26052
52.33100,54.26152
52.33200,54.26252
52.33300,54.26352
52.33400,54.26452
52.33500,54.26552
52.33600,54.26652
52.33700,54.26752
52.33800,54.26852
52.33900,54.26952
52.34000,54.27052
52.34100,54.27152
52.34200,54.27252
52.34300,54.27352
52.34400,54.27452
52.34500,54.27552
52.34600,54.27652
52.34700,54.27752
52.34800,54.27852
52.34900,54.27952
52.35000,54.28052
52.35100,54.28152
52.35200,54.28252
52.35300,54.28352
52.35400,54.28452
52.35500,54.28552
52.35600,54.28652
52.35700,54.28752
52.35800,54.28852
52.35900,54.28952
52.36000,54.29052
52.36100,54.29152
52.36200,54.29252
52.36300,54.29352
52.36400,54.29452
52.36500,54.29552
52.36600,54.29652
52.36700,54.29752
52.36800,54.29852
52.36900,54.29952
52.37000,54.30052
52.37100,54.30152
52.37200,54.30252
52.37300,54.30352
52.37400,54.30452
52.37500,54.30552
52.37600,54.30652
52.37700,54.30752
52.37800,54.30852
52.37900,54.30952
52.38000,54.31052
52.38100,54.31152
52.38200,54.31252
52.38300,54.31352
52.38400,54.31452
52.38500,54.31552
52.38600,54.31652
52.38700,54.31752
52.38800,54.31852
52.38900,54.31952
52.39000,54.32052
52.39100,54.32152
52.39200,54.32252
52.39300,54.32352
52.39400,54.32452
52.39500,54.32552
52.39600,54.32652
52.39700,54.32752
52.39800,54.32852
52.39900,54.32952
52.40000,54.33052
52.40100,54.33152
52.40200,54.33252
52.40300,54.33352
52.40400,54.33452
52.40500,54.33552
52.40600,54.33652
52.40700,54.33752
52.40800,54.33852
52.40900,54.33952
52.41000,54.34052
52.41100,54.34152
52.41200,54.34252
52.41300,54.34352
52.41400,54.34452
52.41500,54.34552
52.41600,54.34652
52.41700,54.34752
52.41800,54.34852
52.41900,54.34952
52.42000,54.35052
52.42100,54.35152
52.42200,54.35252
52.42300,54.35352
52.42400,54.35452
52.42500,54.35552
52.42600,54.35652
52.42700,54.35752
52.42800,54.35852
52.42900,54.35952
52.43000,54.36052
52.43100,54.36152
52.43200,54.36252
52.43300,54.36352
52.43400,54.36452
52.43500,54.36552
52.43600,54.36652
52.43700,54.36752
52.43800,54.36852
52.43900,54.36952
52.44000,54.37052
52.44100,54.37152
52.44200,54.37252
52.44300,54.37352
52.44400,54.37452
52.44500,54.37552
52.44600,54.37652
52.44700,54.38252
52.44800,54.38352
52.44900,54.38452
52.45000,54.38552
52.45100,54.38652
52.45200,54.38752
52.45300,54.38852
52.45400,54.38952
52.45500,54.39052
52.45600,54.39152
52.45700,54.39252
52.45800,54.39352
52.45900,54.39452
52.46000,54.39552
52.46100,54.39652
52.46200,54.39752
52.46300,54.39852
52.46400,54.39952
52.46500,54.40052
52.46600,54.40152
52.46700,54.40252
52.46800,54.40352
52.46900,54.40452
52.47000,54.52652
52.47100,54.52752
52.47200,54.52852
52.47300,54.52952
52.47400,54.53052
52.47500,54.53152
52.47600,54.53252
52.47700,54.53352
52.47800,54.53452
52.47900,54.53552
52.48000,54.53652
52.48100,54.53752
52.48200,54.53852
52.48300,54.53952
52.48400,54.54052
52.48500,54.54152
52.48600,54.54252
52.48700,54.54352
52.48800,54.54452
52.48900,54.54552
52.49000,54.54652
52.49100,54.54752
52.49200,54.54852
52.49300,54.54952
52.49400,54.55052
52.49500,54.55152
52.49600,54.55252
52.49700,54.55352
52.49800,54.55452
52.49900,54.55552
52.50000,54.55652
52.50100,54.55752
52.50200,54.55852
52.50300,54.55952
52.50400,54.56052
52.50500,54.56152
52.50600,54.56252
52.50700,54.56452
52.50800,54.56552
52.50900,54.56652
52.51000,54.56752
52.51100,54.56852
52.51200,54.56952
52.51300,54.57052
52.51400,54.57152
52.51500,54.57252
52.51600,54.57352
52.51700,54.57452
52.51800,54.57552
52.51900,54.57752
52.52000,54.57852
52.52100,54.57952
52.52200,54.58052
52.52300,54.58152
52.52400,54.58252
52.52500,54.58352
52.52600,54.58452
52.52700,54.58552
52.52800,54.58652
52.52900,54.58752
52.53000,54.58852
52.53100,54.58952
52.53200,54.59052
52.53300,54.59152
52.53400,54.59252
52.53500,54.59352
52.53600,54.59452
52.53700,54.59552
52.53800,54.59652
52.53900,54.59752
52.54000,54.59852
52.54100,54.59952
52.54200,54.60052
52.54300,54.60152
52.54400,54.60252
52.54500,54.60352
52.54600,54.60452
52.54700,54.60552
52.54800,54.60652
52.54900,54.60752
52.55000,54.60852
52.55100,54.61252
52.55200,54.61352
52.55300,54.61452
52.55400,54.61552
52.55500,54.61652
52.55600,54.61752
52.55700,54.61852
52.55800,54.61952
52.55900,54.62052
52.56000,54.62152
52.56100,54.62252
52.56200,54.62352
52.56300,54.62452
52.56400,54.62552
52.56500,54.62652
52.56600,54.62752
52.56700,54.62852
52.56800,54.62952
52.56900,54.63052
52.57000,54.63152
52.57100,54.63252
52.57200,54.63352
52.57300,54.63452
52.57400,54.63552
52.57500,54.63652
52.57600,54.63752
52.57700,54.63952
52.57800,54.64052
52.57900,54.64152
52.58000,54.64252
52.58100,54.64352
52.58200,54.64452
52.58300,54.64652
52.58400,54.64752
52.58500,54.64952
52.58600,54.65052
52.58700,54.65152
52.58800,54.65252
52.58900,54.65352
52.59000,54.65452
52.59100,54.65552
52.59200,54.65652
52.59300,54.65752
52.59400,54.65852
52.59500,54.65952
52.59600,54.66052
52.59700,54.66152
52.59800,54.66252
52.59900,54.66352
52.60000,54.66452
52.60100,54.66552
52.60200,54.66652
52.60300,54.66752
52.60400,54.67252
52.60500,54.67352
52.60600,54.67452
52.60700,54.67552
52.60800,54.67652
52.60900,54.67752
52.61000,54.67852
52.61100,54.67952
52.61200,54.68052
52.61300,54.68152
52.61400,54.68252
52.61500,54.68352
52.61600,54.68452
52.61700,54.68552
52.61800,54.68652
52.61900,54.68752
52.62000,54.68852
52.62100,54.68952
52.62200,54.69052
52.62300,54.69152
52.62400,54.69252
52.62500,54.69352
52.62600,54.69452
52.62700,54.69952
52.62800,54.70052
52.62900,54.70152
52.63000,54.70252
52.63100,54.70352
52.63200,54.70452
52.63300,54.70552
52.63400,54.70652
52.63500,54.70752
52.63600,54.70852
52.63700,54.70952
52.63800,54.71052
52.63900,54.71152
52.64000,54.71252
52.64100,54.71352
52.64200,54.71452
52.64300,54.71552
52.64400,54.71652
52.64500,54.71752
52.64600,54.71852
52.64700,54.71952
52.64800,54.72052
52.64900,54.72152
52.65000,54.72252
52.65100,54.72352
52.65200,54.72452
52.65300,54.72552
52.65400,54.72652
52.65500,54.72752
52.65600,54.72852
52.65700,54.72952
52.65800,54.73052
52.65900,54.73152
52.66000,54.73252
52.66100,54.73352
52.66200,54.73452
52.66300,54.73552
52.66400,54.73652
52.66500,54.73752
52.66600,54.73952
52.66700,54.74052
52.66800,54.74152
52.66900,54.74552
52.67000,54.74652
52.67100,54.74752
52.67200,54.74852
52.67300,54.74952
52.67400,54.75052
52.67500,54.75152
52.67600,54.75252
52.67700,54.75352
52.67800,54.75452
52.67900,54.76752
52.68000,54.76852
52.68100,54.76952
52.68200,54.77052
52.68300,54.77152
52.68400,54.77252
52.68500,54.77352
52.68600,54.77452
52.68700,54.77552
52.68800,54.77652
52.68900,54.77752
52.69000,54.77852
52.69100,54.77952
52.69200,54.78052
52.69300,54.78152
52.69400,54.78252
52.69500,54.78352
52.69600,54.78452
52.69700,54.78552
52.69800,54.78652
52.69900,54.78752
52.70000,54.78852
52.70100,54.78952
52.70200,54.79052
52.70300,54.79152
52.70400,54.79252
52.70500,54.79352
52.70600,54.79452
52.70700,54.79552
52.70800,54.79652
52.70900,54.79752
52.71000,54.79852
52.71100,54.79952
52.71200,54.80052
52.71300,54.80152
52.71400,54.80252
52.71500,54.80352
52.71600,54.80452
52.71700,54.80552
52.71800,54.80652
52.71900,54.80752
52.72000,54.80852
52.72100,54.80952
52.72200,54.81052
52.72300,54.81152
52.72400,54.81252
52.72500,54.81352
52.72600,54.81452
52.72700,54.81552
52.72800,54.81652
52.72900,54.81752
52.73000,54.81852
52.73100,54.81952
52.73200,54.82052
52.73300,54.82152
52.73400,54.82252
52.73500,54.82352
52.73600,54.82452
52.73700,54.82552
52.73800,54.87852
52.73900,54.87952
52.74000,54.88052
52.74100,54.88152
52.74200,54.88252
52.74300,54.88352
52.74400,54.88452
52.74500,54.88552
52.74600,54.88652
52.74700,54.88752
52.74800,54.88852
52.74900,54.88952
52.75000,54.89052
52.75100,54.89152
52.75200,54.89252
52.75300,54.89352
52.75400,54.89452
52.75500,54.89552
52.75600,54.89652
52.75700,54.89752
52.75800,54.91352
52.75900,54.91452
52.76000,54.91552
52.76100,54.91652
52.76200,54.91752
52.76300,54.91852
52.76400,54.91952
52.76500,54.92052
52.76600,54.92152
52.76700,54.92252
52.76800,54.92352
52.76900,54.92452
52.77000,54.92552
52.77100,54.92652
52.77200,54.92752
52.77300,54.92852
52.77400,54.92952
52.77500,54.95852
52.77600,54.95952
52.77700,54.96052
52.77800,54.96152
52.77900,54.96252
52.78000,54.96352
52.78100,54.96452
52.78200,54.96552
52.78300,54.96652
52.78400,54.96752
52.78500,54.96852
52.78600,54.96952
52.78700,54.97052
52.78800,54.97152
52.78900,54.97252
52.79000,54.97352
52.79100,54.97452
52.79200,54.97552
52.79300,54.97652
52.79400,54.97752
52.79500,54.97852
52.79600,54.97952
52.79700,54.98052
52.79800,54.98152
52.79900,54.98252
52.80000,54.98352
52.80100,54.98452
52.80200,54.98552
52.80300,54.98652
52.80400,54.98752
52.80500,54.98852
52.80600,54.98952
52.80700,54.99052
52.80800,54.99152
52.80900,54.99252
52.81000,54.99352
52.81100,54.99452
52.81200,54.99552
52.81300,54.99652
52.81400,54.99752
52.81500,54.99852
52.81600,54.99952
52.81700,55.00052
52.81800,55.00152
52.81900,55.00252
52.82000,55.00352
52.82100,55.00452
52.82200,55.00552
52.82300,55.00652
52.82400,55.00752
52.82500,55.00852
52.82600,55.00952
52.82700,55.01052
52.82800,55.01152
52.82900,55.01252
52.83000,55.01352
52.83100,55.01452
52.83200,55.01552
52.83300,55.01652
52.83400,55.01752
52.83500,55.01852
52.83600,55.01952
52.83700,55.02052
52.83800,55.02152
52.83900,55.02252
52.84000,55.02352
52.84100,55.02452
52.84200,55.02552
52.84300,55.02652
52.84400,55.02752
52.84500,55.02852
52.84600,55.02952
52.84700,55.03052
52.84800,55.03152
52.84900,55.03252
52.85000,55.03352
52.85100,55.03452
52.85200,55.03552
52.85300,55.03652
52.85400,55.03752
52.85500,55.03852
52.85600,55.03952
52.85700,55.04052
52.85800,55.04152
52.85900,55.04252
52.86000,55.04352
52.86100,55.04452
52.86200,55.04552
52.86300,55.04652
52.86400,55.04752
52.86500,55.04852
52.86600,55.04952
52.86700,55.05052
52.86800,55.05152
52.86900,55.05252
52.87000,55.05352
52.87100,55.05452
52.87200,55.05552
52.87300,55.05652
52.87400,55.06552
52.87500,55.06652
52.87600,55.06752
52.87700,55.06852
52.87800,55.06952
52.87900,55.07052
52.88000,55.07152
52.88100,55.07252
52.88200,55.07352
52.88300,55.07452
52.88400,55.07552
52.88500,55.07652
52.88600,55.07852
52.88700,55.07952
52.88800,55.08052
52.88900,55.08152
52.89000,55.08252
52.89100,55.08352
52.89200,55.08452
52.89300,55.08552
52.89400,55.08652
52.89500,55.08752
52.89600,55.08852
52.89700,55.08952
52.89800,55.09052
52.89900,55.09152
52.90000,55.09252
52.90100,55.09352
52.90200,55.09452
52.90300,55.09552
52.90400,55.09652
52.90500,55.09752
52.90600,55.09852
52.90700,55.09952
52.90800,55.10052
52.90900,55.10152
52.91000,55.10252
52.91100,55.10352
52.91200,55.10452
52.91300,55.10552
52.91400,55.10652
52.91500,55.10752
52.91600,55.10852
52.91700,55.10952
52.91800,55.11052
52.91900,55.11152
52.92000,55.11252
52.92100,55.11352
52.92200,55.11452
52.92300,55.11552
52.92400,55.11652
52.92500,55.11752
52.92600,55.11852
52.92700,55.11952
52.92800,55.12052
52.92900,55.12152
52.93000,55.12252
52.93100,55.12352
52.93200,55.12452
52.93300,55.17652
52.93400,55.17752
52.93500,55.17852
52.93600,55.17952
52.93700,55.18052
52.93800,55.18152
52.93900,55.18352
52.94000,55.18452
52.94100,55.18552
52.94200,55.18652
52.94300,55.18752
52.94400,55.18852
52.94500,55.19452
52.94600,55.19552
52.94700,55.19652
52.94800,55.19752
52.94900,55.19852
52.95000,55.19952
52.95100,55.20152
52.95200,55.20252
52.95300,55.20352
52.95400,55.20452
52.95500,55.20552
52.95600,55.20652
52.95700,55.20752
52.95800,55.20852
52.95900,55.20952
52.96000,55.21052
52.96100,55.21152
52.96200,55.21252
52.96300,55.21352
52.96400,55.21952
52.96500,55.22052
52.96600,55.22152
52.96700,55.22252
52.96800,55.22352
52.96900,55.23552
52.97000,55.23652
52.97100,55.23752
52.97200,55.23852
52.97300,55.23952
52.97400,55.24052
52.97500,55.24152
52.97600,55.24252
52.97700,55.24352
52.97800,55.24452
52.97900,55.24552
52.98000,55.24652
52.98100,55.24752
52.98200,55.24852
52.98300,55.24952
52.98400,55.25052
52.98500,55.25152
52.98600,55.25252
52.98700,55.25352
52.98800,55.25452
52.98900,55.25552
52.99000,55.25652
52.99100,55.25752
52.99200,55.25852
52.99300,55.25952
52.99400,55.26052
52.99500,55.26152
52.99600,55.26252
52.99700,55.26352
52.99800,55.26452
52.99900,55.26552
53.00000,55.26652
53.00100,55.26752
53.00200,55.26852
53.00300,55.26952
53.00400,55.27052
53.00500,55.27152
53.00600,55.27252
53.00700,55.27352
53.00800,55.27452
53.00900,55.27552
53.01000,55.27652
53.01100,55.27752
53.01200,55.27852
53.01300,55.27952
53.01400,55.28052
53.01500,55.28152
53.01600,55.28252
53.01700,55.28352
53.01800,55.28452
53.01900,55.28552
53.02000,55.28652
53.02100,55.28752
53.02200,55.28852
53.02300,55.28952
53.02400,55.29052
53.02500,55.29152
53.02600,55.29252
53.02700,55.29352
53.02800,55.29452
53.02900,55.29552
53.03000,55.29652
53.03100,55.29752
53.03200,55.29852
53.03300,55.29952
53.03400,55.30052
53.03500,55.30152
53.03600,55.30252
53.03700,55.30352
53.03800,55.30452
53.03900,55.30552
53.04000,55.30652
53.04100,55.30752
53.04200,55.30852
53.04300,55.30952
53.04400,55.31052
53.04500,55.31152
53.04600,55.31252
53.04700,55.31352
53.04800,55.31452
53.04900,55.31552
53.05000,55.31652
53.05100,55.31852
53.05200,55.31952
53.05300,55.32052
53.05400,55.32152
53.05500,55.32252
53.05600,55.32352
53.05700,55.32452
53.05800,55.32552
53.05900,55.32652
53.06000,55.32752
53.06100,55.32852
53.06200,55.32952
53.06300,55.33052
53.06400,55.33152
53.06500,55.33252
53.06600,55.33352
53.06700,55.33452
53.06800,55.33552
53.06900,55.33652
53.07000,55.33752
53.07100,55.34852
53.07200,55.34952
53.07300,55.35052
53.07400,55.35152
53.07500,55.35252
53.07600,55.35352
53.07700,55.35452
53.07800,55.35552
53.07900,55.35652
53.08000,55.35752
53.08100,55.35852
53.08200,55.35952
53.08300,55.36052
53.08400,55.36152
53.08500,55.36252
53.08600,55.36352
53.08700,55.36452
53.08800,55.36552
53.08900,55.36652
53.09000,55.36752
53.09100,55.36852
53.09200,55.36952
53.09300,55.37052
53.09400,55.37152
53.09500,55.37252
53.09600,55.37352
53.09700,55.37452
53.09800,55.44652
53.09900,55.44752
53.10000,55.44852
53.10100,55.44952
53.10200,55.45052
53.10300,55.45152
53.10400,55.45252
53.10500,55.45352
53.10600,55.45452
53.10700,55.45752
53.10800,55.45852
53.10900,55.45952
53.11000,55.46052
53.11100,55.46152
53.11200,55.46252
53.11300,55.46352
53.11400,55.46452
53.11500,55.46552
53.11600,55.46652
53.11700,55.46752
53.11800,55.46852
53.11900,55.46952
53.12000,55.47052
53.12100,55.47152
53.12200,55.47252
53.12300,55.47352
53.12400,55.47452
53.12500,55.47552
53.12600,55.47652
53.12700,55.47752
53.12800,55.47852
53.12900,55.47952
53.13000,55.48052
53.13100,55.48152
53.13200,55.48252
53.13300,55.48352
53.13400,55.48452
53.13500,55.48552
53.13600,55.48652
53.13700,55.48752
53.13800,55.48852
53.13900,55.48952
53.14000,55.49052
53.14100,55.49152
53.14200,55.49252
53.14300,55.49352
53.14400,55.49452
53.14500,55.49552
53.14600,55.49652
53.14700,55.49752
53.14800,55.49852
53.14900,55.49952
53.15000,55.50052
53.15100,55.50152
53.15200,55.50252
53.15300,55.50352
53.15400,55.50452
53.15500,55.50552
53.15600,55.50652
53.15700,55.50752
53.15800,55.50852
53.15900,55.50952
53.16000,55.51052
53.16100,55.51152
53.16200,55.51252
53.16300,55.51352
53.16400,55.51452
53.16500,55.51552
53.16600,55.51652
53.16700,55.51752
53.16800,55.51852
53.16900,55.51952
53.17000,55.52052
53.17100,55.52152
53.17200,55.52252
53.17300,55.52352
53.17400,55.52452
53.17500,55.52552
53.17600,55.52652
53.17700,55.52752
53.17800,55.52852
53.17900,55.52952
53.18000,55.53052
53.18100,55.53152
53.18200,55.53252
53.18300,55.53352
53.18400,55.53452
53.18500,55.53552
53.18600,55.53652
53.18700,55.53752
53.18800,55.53852
53.18900,55.53952
53.19000,55.54052
53.19100,55.54152
53.19200,55.54252
53.19300,55.54352
53.19400,55.54452
53.19500,55.54552
53.19600,55.54652
53.19700,55.54752
53.19800,55.57352
53.19900,55.58152
53.20000,55.58252
53.20100,55.58352
53.20200,55.58452
53.20300,55.58552
53.20400,55.58652
53.20500,55.58752
53.20600,55.58852
53.20700,55.58952
53.20800,55.59052
53.20900,55.59152
53.21000,55.59252
53.21100,55.59352
53.21200,55.60352
53.21300,55.60452
53.21400,55.60552
53.21500,55.60652
53.21600,55.60752
53.21700,55.60852
53.21800,55.60952
53.21900,55.61052
53.22000,55.61152
53.22100,55.61252
53.22200,55.61352
53.22300,55.68252
53.22400,55.68352
53.22500,55.68452
53.22600,55.68552
53.22700,55.68652
53.22800,55.68752
53.22900,55.68852
53.23000,55.68952
53.23100,55.69052
53.23200,55.69152
53.23300,55.69252
53.23400,55.69352
53.23500,55.69452
53.23600,55.69552
53.23700,55.69652
53.23800,55.69752
53.23900,55.69852
53.24000,55.69952
53.24100,55.70052
53.24200,55.70152
53.24300,55.70252
53.24400,55.70352
53.24500,55.70452
53.24600,55.70552
53.24700,55.70652
53.24800,55.70752
53.24900,55.70852
53.25000,55.70952
53.25100,55.71052
53.25200,55.71152
53.25300,55.71252
53.25400,55.71352
53.25500,55.71452
53.25600,55.71552
53.25700,55.71652
53.25800,55.71752
53.25900,55.71852
53.26000,55.71952
53.26100,55.72452
53.26200,55.72552
53.26300,55.72652
53.26400,55.72752
53.26500,55.72852
53.26600,55.72952
53.26700,55.73052
53.26800,55.73152
53.26900,55.73252
53.27000,55.73352
53.27100,55.73452
53.27200,55.73552
53.27300,55.73652
53.27400,55.73752
53.27500,55.73852
53.27600,55.73952
53.27700,55.74052
53.27800,55.74152
53.27900,55.74252
53.28000,55.74352
53.28100,55.74452
53.28200,55.74552
53.28300,55.74652
53.28400,55.74752
53.28500,55.74852
53.28600,55.74952
53.28700,55.75052
53.28800,55.75152
53.28900,55.75252
53.29000,55.75352
53.29100,55.75452
53.29200,55.75552
53.29300,55.77152
53.29400,55.77252
53.29500,55.77352
53.29600,55.77652
53.29700,55.77852
53.29800,55.77952
53.29900,55.78052
53.30000,55.78352
53.30100,55.78452
53.30200,55.78752
53.30300,55.78952
53.30400,55.79052
53.30500,55.79152
53.30600,55.79252
53.30700,55.79552
53.30800,55.79652
53.30900,55.79752
53.31000,55.79952
53.31100,55.80152
53.31200,55.80252
53.31300,55.80352
53.31400,55.80652
53.31500,55.80752
53.31600,55.80852
53.31700,55.80952
53.31800,55.81052
53.31900,55.81152
53.32000,55.81252
53.32100,55.81352
53.32200,55.82552
53.32300,55.82852
53.32400,55.82952
53.32500,55.83052
53.32600,55.83152
53.32700,55.83252
53.32800,55.83352
53.32900,55.83452
53.33000,55.83552
53.33100,55.83652
53.33200,55.84652
53.33300,55.84752
53.33400,55.84952
53.33500,55.85052
53.33600,55.85152
53.33700,55.85252
53.33800,55.85352
53.33900,55.85452
53.34000,55.85552
53.34100,55.85652
53.34200,55.85752
53.34300,55.85852
53.34400,55.85952
53.34500,55.86052
53.34600,55.86152
53.34700,55.86252
53.34800,55.86352
53.34900,55.86452
53.35000,55.86552
53.35100,55.86652
53.35200,55.86752
53.35300,55.86852
53.35400,55.86952
53.35500,55.91552
53.35600,55.91652
53.35700,55.91752
53.35800,55.91852
53.35900,55.91952
53.36000,55.92052
53.36100,55.92152
53.36200,55.92252
53.36300,55.92352
53.36400,55.92452
53.36500,55.92552
53.36600,55.92652
53.36700,55.92752
53.36800,55.92852
53.36900,55.92952
53.37000,55.93052
53.37100,55.93152
53.37200,55.93252
53.37300,55.93352
53.37400,55.93452
53.37500,55.93552
53.37600,55.93652
53.37700,55.93752
53.37800,55.93852
53.37900,55.93952
53.38000,55.94152
53.38100,55.94352
53.38200,55.94452
53.38300,55.94552
53.38400,55.94652
53.38500,55.94752
53.38600,55.94852
53.38700,55.94952
53.38800,55.95052
53.38900,55.95152
53.39000,55.95252
53.39100,55.95352
53.39200,55.95452
53.39300,55.95552
53.39400,55.95652
53.39500,55.95752
53.39600,55.95852
53.39700,55.95952
53.39800,55.96052
53.39900,55.96152
53.40000,55.96252
53.40100,55.96352
53.40200,55.96452
53.40300,55.96552
53.40400,55.96652
53.40500,55.96752
53.40600,55.96852
53.40700,55.96952
53.40800,55.97052
53.40900,55.97152
53.41000,55.97252
53.41100,55.97352
53.41200,55.97452
53.41300,55.97552
53.41400,55.99452
53.41500,55.99552
53.41600,55.99652
53.41700,55.99752
53.41800,55.99852
53.41900,55.99952
53.42000,56.00052
53.42100,56.00152
53.42200,56.00252
53.42300,56.00352
53.42400,56.00452
53.42500,56.00552
53.42600,56.00652
53.42700,56.00752
53.42800,56.00852
53.42900,56.01152
53.43000,56.01252
53.43100,56.01352
53.43200,56.01452
53.43300,56.01552
53.43400,56.01652
53.43500,56.01752
53.43600,56.01852
53.43700,56.01952
53.43800,56.02052
53.43900,56.02152
53.44000,56.02252
53.44100,56.02352
53.44200,56.02452
53.44300,56.02552
53.44400,56.02652
53.44500,56.02752
53.44600,56.02852
53.44700,56.02952
53.44800,56.03052
53.44900,56.03152
53.45000,56.03252
53.45100,56.03352
53.45200,56.03452
53.45300,56.03552
53.45400,56.03652
53.45500,56.03752
53.45600,56.03852
53.45700,56.03952
53.45800,56.04052
53.45900,56.04152
53.46000,56.04252
53.46100,56.04352
53.46200,56.04452
53.46300,56.04552
53.46400,56.04652
53.46500,56.04752
53.46600,56.04852
53.46700,56.04952
53.46800,56.09752
53.46900,56.17452
53.47000,56.17552
53.47100,56.17652
53.47200,56.17752
53.47300,56.17952
53.47400,56.18052
53.47500,56.18152
53.47600,56.18252
53.47700,56.18352
53.47800,56.18452
53.47900,56.18552
53.48000,56.18652
53.48100,56.18752
53.48200,56.18852
53.48300,56.18952
53.48400,56.19052
53.48500,56.19152
53.48600,56.19252
53.48700,56.19352
53.48800,56.19452
53.48900,56.19552
53.49000,56.19652
53.49100,56.19752
53.49200,56.19852
53.49300,56.19952
53.49400,56.20052
53.49500,56.20152
53.49600,56.20252
53.49700,56.20352
53.49800,56.20452
53.49900,56.20552
53.50000,56.20652
53.50100,56.20752
53.50200,56.20852
53.50300,56.20952
53.50400,56.21052
53.50500,56.21152
53.50600,56.21352
53.50700,56.24052
53.50800,56.24152
53.50900,56.24252
53.51000,56.24352
53.51100,56.24752
53.51200,56.24852
53.51300,56.24952
53.51400,56.25052
53.51500,56.25152
53.51600,56.25252
53.51700,56.25352
53.51800,56.25552
53.51900,56.25652
53.52000,56.25752
53.52100,56.25852
53.52200,56.26652
53.52300,56.26752
53.52400,56.26852
53.52500,56.26952
53.52600,56.28952
53.52700,56.29052
53.52800,56.29152
53.52900,56.29252
53.53000,56.29352
53.53100,56.29452
53.53200,56.29552
53.53300,56.29652
53.53400,56.29752
53.53500,56.29852
53.53600,56.29952
53.53700,56.30052
53.53800,56.30152
53.53900,56.30252
53.54000,56.30352
53.54100,56.30452
53.54200,56.30552
53.54300,56.30652
53.54400,56.30752
53.54500,56.30852
53.54600,56.30952
53.54700,56.31052
53.54800,56.31152
53.54900,56.31252
53.55000,56.31352
53.55100,56.31452
53.55200,56.31552
53.55300,56.31652
53.55400,56.31752
53.55500,56.31852
53.55600,56.31952
53.55700,56.32052
53.55800,56.32152
53.55900,56.32252
53.56000,56.32352
53.56100,56.32452
53.56200,56.32552
53.56300,56.32652
53.56400,56.32752
53.56500,56.32852
53.56600,56.32952
53.56700,56.33052
53.56800,56.33152
53.56900,56.33252
53.57000,56.33352
53.57100,56.33452
53.57200,56.33552
53.57300,56.33652
53.57400,56.33752
53.57500,56.33852
53.57600,56.33952
53.57700,56.34052
53.57800,56.34152
53.57900,56.34252
53.58000,56.34352
53.58100,56.34452
53.58200,56.34552
53.58300,56.34652
53.58400,56.34752
53.58500,56.34852
53.58600,56.34952
53.58700,56.35052
53.58800,56.35152
53.58900,56.35252
53.59000,56.35352
53.59100,56.35452
53.59200,56.35552
53.59300,56.35652
53.59400,56.35752
53.59500,56.35852
53.59600,56.35952
53.59700,56.36052
53.59800,56.36152
53.59900,56.36252
53.60000,56.36352
53.60100,56.36452
53.60200,56.36552
53.60300,56.36652
53.60400,56.36752
53.60500,56.36852
53.60600,56.36952
53.60700,56.37052
53.60800,56.37152
53.60900,56.37252
53.61000,56.37352
53.61100,56.37452
53.61200,56.37552
53.61300,56.37652
53.61400,56.37752
53.61500,56.37852
53.61600,56.37952
53.61700,56.38052
53.61800,56.38152
53.61900,56.38252
53.62000,56.38352
53.62100,56.38452
53.62200,56.38552
53.62300,56.38652
53.62400,56.38752
53.62500,56.38852
53.62600,56.38952
53.62700,56.39052
53.62800,56.39152
53.62900,56.39252
53.63000,56.39352
53.63100,56.39452
53.63200,56.39552
53.63300,56.39652
53.63400,56.39752
53.63500,56.39852
53.63600,56.39952
53.63700,56.40052
53.63800,56.40152
53.63900,56.40252
53.64000,56.40352
53.64100,56.40452
53.64200,56.40552
53.64300,56.40652
53.64400,56.40752
53.64500,56.40852
53.64600,56.40952
53.64700,56.41052
53.64800,56.41152
53.64900,56.41252
53.65000,56.41352
53.65100,56.41452
53.65200,56.42352
53.65300,56.42452
53.65400,56.42552
53.65500,56.42652
53.65600,56.42752
53.65700,56.42852
53.65800,56.42952
53.65900,56.43052
53.66000,56.43152
53.66100,56.43252
53.66200,56.43352
53.66300,56.43452
53.66400,56.43552
53.66500,56.43652
53.66600,56.43752
53.66700,56.43852
53.66800,56.43952
53.66900,56.44052
53.67000,56.44152
53.67100,56.44252
53.67200,56.44352
53.67300,56.44452
53.67400,56.44552
53.67500,56.44652
53.67600,56.44752
53.67700,56.44852
53.67800,56.44952
53.67900,56.45052
53.68000,56.45152
53.68100,56.45252
53.68200,56.45352
53.68300,56.45452
53.68400,56.45552
53.68500,56.45652
53.68600,56.45752
53.68700,56.45852
53.68800,56.45952
53.68900,56.46052
53.69000,56.46152
53.69100,56.46252
53.69200,56.46352
53.69300,56.46452
53.69400,56.46552
53.69500,56.46652
53.69600,56.46752
53.69700,56.46852
53.69800,56.46952
53.69900,56.47052
53.70000,56.47152
53.70100,56.47252
53.70200,56.47352
53.70300,56.47452
53.70400,56.47552
53.70500,56.47652
53.70600,56.47752
53.70700,56.47852
53.70800,56.47952
53.70900,56.48852
53.71000,56.48952
53.71100,56.49052
53.71200,56.49152
53.71300,56.49252
53.71400,56.49352
53.71500,56.49452
53.71600,56.49552
53.71700,56.49652
53.71800,56.49752
53.71900,56.49852
53.72000,56.65052
53.72100,56.65152
53.72200,56.65252
53.72300,56.65352
53.72400,56.65452
53.72500,56.65552
53.72600,56.65652
53.72700,56.65752
53.72800,56.65852
53.72900,56.65952
53.73000,56.66052
53.73100,56.66152
53.73200,56.66252
53.73300,56.66352
53.73400,56.66452
53.73500,56.66552
53.73600,56.66652
53.73700,56.66752
53.73800,56.66852
53.73900,56.66952
53.74000,56.67052
53.74100,56.67152
53.74200,56.67252
53.74300,56.67352
53.74400,56.67452
53.74500,56.67552
53.74600,56.67652
53.74700,56.67752
53.74800,56.67852
53.74900,56.67952
53.75000,56.68052
53.75100,56.68152
53.75200,56.68252
53.75300,56.68352
53.75400,56.68452
53.75500,56.68552
53.75600,56.68652
53.75700,56.68752
53.75800,56.68852
53.75900,56.68952
53.76000,56.69052
53.76100,56.69152
53.76200,56.69252
53.76300,56.69352
53.76400,56.69452
53.76500,56.69552
53.76600,56.69652
53.76700,56.69752
53.76800,56.69852
53.76900,56.69952
53.77000,56.70052
53.77100,56.70152
53.77200,56.70252
53.77300,56.70352
53.77400,56.70452
53.77500,56.70552
53.77600,56.70652
53.77700,56.70752
53.77800,56.70852
53.77900,56.70952
53.78000,56.71052
53.78100,56.71152
53.78200,56.71252
53.78300,56.71352
53.78400,56.71452
53.78500,56.71552
53.78600,56.71652
53.78700,56.71752
53.78800,56.71852
53.78900,56.71952
53.79000,56.72052
53.79100,56.72152
53.79200,56.72252
53.79300,56.72352
53.79400,56.72452
53.79500,56.72552
53.79600,56.72652
53.79700,56.72752
53.79800,56.72852
53.79900,56.72952
53.80000,56.73052
53.80100,56.73152
53.80200,56.73252
53.80300,56.73352
53.80400,56.73452
53.80500,56.73552
53.80600,56.73652
53.80700,56.73752
53.80800,56.73852
53.80900,56.73952
53.81000,56.74052
53.81100,56.74152
53.81200,56.74252
53.81300,56.74352
53.81400,56.74452
53.81500,56.74552
53.81600,56.74652
53.81700,56.74752
53.81800,56.74852
53.82000,56.74952
53.82100,56.75052
53.82200,56.75152
53.82300,56.75252
53.82400,56.75352
53.82500,56.75452
53.82600,56.75552
53.82700,56.75652
53.82800,56.75752
53.82900,56.75852
53.83000,56.75952
53.83100,56.76052
53.83200,56.76152
53.83300,56.76252
53.83400,56.76352
53.83500,56.76452
53.83600,56.76552
53.83700,56.76652
53.83800,56.76752
53.83900,56.76852
53.84000,56.76952
53.84100,56.77052
53.84200,56.77152
53.84300,56.77252
53.84400,56.77352
53.84500,56.77452
53.84600,56.77552
53.84700,56.77652
53.84800,56.77752
53.84900,56.77852
53.85000,56.77952
53.85100,56.78052
53.85200,56.78152
53.85300,56.78252
53.85400,56.78352
53.85500,56.78452
53.85600,56.78552
53.85700,56.78652
53.85800,56.78752
53.85900,56.78852
53.86000,56.78952
53.86100,56.79052
53.86200,56.79152
53.86300,56.79252
53.86400,56.79352
53.86500,56.79452
53.86600,56.79552
53.86700,56.79652
53.86800,56.79752
53.86900,56.79852
53.87000,56.79952
53.87100,56.80052
53.87200,56.80152
53.87300,56.80252
53.87400,56.80352
53.87500,56.80452
53.87600,56.80552
53.87700,56.80652
53.87800,56.80752
53.87900,56.80852
53.88000,56.80952
53.88100,56.81052
53.88200,56.81152
53.88300,56.81252
53.88400,56.81352
53.88500,56.81452
53.88600,56.81552
53.88700,56.81652
53.88800,56.81752
53.88900,56.81852
53.89000,56.81952
53.89100,56.82052
53.89200,56.82152
53.89300,56.82252
53.89400,56.82352
53.89500,56.82452
53.89600,56.82552
53.89700,56.82652
53.89800,56.82752
53.89900,56.82852
53.90000,56.82952
53.90100,56.83052
53.90200,56.83152
53.90300,56.83252
53.90400,56.83352
53.90500,56.83452
53.90600,56.83552
53.90700,56.83652
53.90800,56.83752
53.90900,56.83852
53.91000,56.83952
53.91100,56.84052
53.91200,56.84152
53.91300,56.84252
53.91400,56.84352
53.91500,56.84452
53.91600,56.84552
53.91700,56.84652
53.91800,56.84752
53.91900,56.84852
53.92000,56.84952
53.92100,56.85052
53.92200,56.85152
53.92300,56.85252
53.92400,56.85352
53.92500,56.85452
53.92600,56.85552
53.92700,56.85652
53.92800,56.85752
53.92900,56.85852
53.93000,56.85952
53.93900,56.86052
53.94000,56.86152
53.94100,56.86252
53.94200,56.86352
53.94300,56.86452
53.94400,56.86552
53.94500,56.86652
53.94600,56.86752
53.94700,56.86852
53.94800,56.86952
53.94900,56.87052
53.95000,56.87152
53.95100,56.87252
53.95200,56.87352
53.95300,56.87452
53.95400,56.87552
53.95500,56.87652
53.95600,56.87752
53.95700,56.87852
53.95800,56.87952
53.95900,56.88052
53.96000,56.88152
53.96100,56.88252
53.96200,56.88352
53.96300,56.88452
53.96400,56.88552
53.96500,56.88652
53.97000,56.88752
53.97100,56.88852
53.97200,56.88952
53.97300,56.89052
53.97400,56.89152
53.97600,56.89252
53.97700,56.89352
53.97800,56.89452
53.97900,56.89552
53.98000,56.89652
53.98100,56.89752
53.98200,56.89852
53.98800,56.89952
53.98900,56.90052
53.99000,56.90152
53.99100,56.90252
53.99200,56.90352
53.99300,56.90452
53.99400,56.90552
53.99500,56.90652
53.99700,56.90752
53.99800,56.90852
53.99900,56.90952
54.00300,56.91052
54.00400,56.91152
54.00500,56.91252
54.00600,56.91352
54.00700,56.91452
54.00800,56.91552
54.00900,56.91652
54.01000,56.91752
54.01100,56.91852
54.01200,56.91952
54.01300,56.92052
54.01400,56.92152
54.01500,56.92252
54.01600,56.92352
54.01700,56.92452
54.01800,56.92552
54.01900,56.92652
54.02000,56.92752
54.02100,56.92852
54.02200,56.92952
54.02300,56.93052
54.02400,56.93152
54.02500,56.93252
54.02600,56.93352
54.02700,56.93452
54.02800,56.93552
54.02900,56.93652
54.03000,56.93752
54.03100,56.93852
54.03200,56.93952
54.03300,56.94052
54.03400,56.94152
54.03500,56.94252
54.03600,56.94352
54.03700,56.94452
54.03800,56.94552
54.03900,56.94652
54.04000,56.94752
54.04100,56.94852
54.04200,56.94952
54.04300,56.95052
54.04400,56.95152
54.04500,56.95252
54.04600,56.95352
54.04700,56.95452
54.04800,56.95552
54.04900,56.95652
54.05000,56.95752
54.05100,56.95852
54.05200,56.95952
54.05400,56.96052
54.05500,56.96152
54.05600,56.96252
54.05700,56.96352
54.05800,56.96452
54.05900,56.96552
54.06000,56.96652
54.06100,56.96752
54.06200,56.96852
54.06300,56.96952
54.06400,56.97052
54.06500,56.97152
54.06600,56.97252
54.06700,56.97352
54.06800,56.97452
54.06900,56.97552
54.07200,56.97652
54.07300,56.97752
54.07400,56.97852
54.07600,56.97952
54.07700,56.98052
54.07800,56.98152
54.07900,56.98252
54.08000,56.98352
54.08100,56.98452
54.08200,56.98552
54.08300,56.98652
54.08400,56.98752
54.08500,56.98852
54.08600,56.98952
54.08700,56.99052
54.08800,56.99152
54.08900,56.99252
54.09000,56.99352
54.09100,56.99452
54.09500,56.99552
54.09600,56.99652
54.09700,56.99752
54.09800,56.99852
54.09900,56.99952
54.10000,57.00052
54.10100,57.00152
54.10200,57.00252
54.10300,57.00352
54.10400,57.00452
54.10500,57.00552
54.10600,57.00652
54.10700,57.00752
54.10800,57.00852
54.10900,57.00952
54.11000,57.01052
54.11100,57.01152
54.11200,57.01252
54.11300,57.01352
54.11400,57.01452
54.11500,57.01552
54.11600,57.01652
54.11700,57.01752
54.11800,57.01852
54.11900,57.01952
54.12000,57.02052
54.12200,57.02152
54.12300,57.02252
54.12400,57.02352
54.12600,57.02452
54.12700,57.02552
54.12800,57.02652
54.12900,57.02752
54.13000,57.02852
54.13100,57.02952
54.13300,57.03052
54.13400,57.03152
54.13500,57.03252
54.13600,57.03352
54.13700,57.03452
54.13800,57.03552
54.13900,57.03652
54.14000,57.03752
54.14100,57.03852
54.14200,57.03952
54.14300,57.04052
54.14700,57.04152
54.14800,57.04252
54.14900,57.04352
54.15000,57.04452
54.15200,57.04552
54.15500,57.04652
54.15600,57.04752
54.15700,57.04852
54.15800,57.04952
54.16200,57.05052
54.16300,57.05152
54.16600,57.05252
54.16700,57.05352
54.16800,57.05452
54.16900,57.05552
54.17200,57.05652
54.17300,57.05752
54.17400,57.05852
54.17500,57.05952
54.17600,57.06052
54.17700,57.06252
54.17800,57.06352
54.17900,57.06452
54.18000,57.06552
54.18100,57.06652
54.18400,57.06752
54.18600,57.06852
54.18700,57.06952
54.19000,57.07052
54.19100,57.07152
54.19200,57.07252
54.19300,57.07352
54.19400,57.07452
54.19500,57.07552
54.19600,57.07652
54.19800,57.07752
54.19900,57.07852
54.20100,57.07952
54.20200,57.08052
54.20400,57.08152
54.20500,57.08252
54.20600,57.08352
54.21000,57.08452
54.21100,57.08552
54.21200,57.08652
54.21300,57.08752
54.21400,57.08852
54.21500,57.08952
54.21600,57.09152
54.21700,57.09252
54.21800,57.09352
54.22100,57.09452
54.22300,57.09552
54.22400,57.09652
54.22500,57.09752
54.22700,57.09852
54.23000,57.09952
54.23100,57.10052
54.23400,57.10152
54.23500,57.10252
54.23800,57.10352
54.23900,57.10452
54.24000,57.10552
54.24100,57.10652
54.24500,57.10752
54.24600,57.10852
54.24700,57.10952
54.25600,57.11052
54.25700,57.11152
54.25800,57.11252
54.25900,57.11352
54.26000,57.11452
54.26200,57.11552
54.26400,57.11652
54.26800,57.11752
54.26900,57.11852
54.27000,57.11952
54.27100,57.12052
54.27400,57.12152
54.27500,57.12252
54.27600,57.12352
54.28000,57.12452
54.28100,57.12552
54.28200,57.12652
54.28600,57.12752
54.28700,57.12852
54.28800,57.12952
54.28900,57.13052
54.29000,57.13152
54.29100,57.13252
54.29200,57.13352
54.29300,57.13452
54.29400,57.13552
54.29500,57.13652
54.29600,57.13752
54.29700,57.13852
54.29800,57.13952
54.29900,57.14052
54.30000,57.14152
54.30100,57.14252
54.30200,57.14352
54.30300,57.14452
54.30400,57.14552
54.30500,57.14652
54.30600,57.14752
54.30700,57.14852
54.30800,57.14952
54.30900,57.15052
54.31000,57.15152
54.31100,57.15252
54.31200,57.15352
54.31300,57.15452
54.31400,57.15552
54.31500,57.15652
54.31600,57.15752
54.31700,57.15852
54.31800,57.15952
54.31900,57.16052
54.32000,57.16152
54.32100,57.16252
54.32200,57.16352
54.32300,57.16452
54.32400,57.16552
54.32500,57.16652
54.32600,57.16752
54.32700,57.16852
54.32800,57.16952
54.32900,57.17052
54.33000,57.17152
54.33100,57.17252
54.33200,57.17352
54.33300,57.17452
54.33400,57.17552
54.33500,57.17652
54.33600,57.17752
54.33700,57.17852
54.33800,57.17952
54.33900,57.18052
54.34000,57.18152
54.34100,57.18252
54.34200,57.18352
54.34300,57.18452
54.34400,57.18552
54.34500,57.18652
54.34600,57.18752
54.34700,57.18852
54.34800,57.18952
54.34900,57.19052
54.35000,57.19152
54.35100,57.19252
54.35200,57.19352
54.35300,57.19452
54.35400,57.19552
54.35500,57.19652
54.35600,57.19752
54.35700,57.19852
54.35800,57.19952
54.35900,57.20052
54.36000,57.20152
54.36100,57.20252
54.36200,57.20352
54.36300,57.20452
54.36400,57.20552
54.36500,57.20652
54.36600,57.20752
54.36700,57.20852
54.36800,57.20952
54.36900,57.21052
54.37000,57.21152
54.37100,57.21252
54.37200,57.21352
54.37300,57.21452
54.37400,57.21552
54.37500,57.21652
54.37600,57.21752
54.37700,57.21852
54.37800,57.21952
54.37900,57.22052
54.38000,57.22152
54.38100,57.22252
54.38200,57.22352
54.38300,57.22452
54.38400,57.22552
54.38500,57.22652
54.38600,57.22752
54.38700,57.22852
54.38800,57.22952
54.38900,57.23052
54.39000,57.23152
54.39100,57.23252
54.39200,57.23352
54.39300,57.23452
54.39400,57.23552
54.39500,57.23652
54.39600,57.23752
54.39700,57.23852
54.39800,57.23952
54.39900,57.24052
54.40000,57.24152
54.40100,57.24252
54.40200,57.24352
54.40300,57.24452
54.40400,57.24552
54.40500,57.24652
54.40600,57.24752
54.40700,57.24852
54.40800,57.24952
54.40900,57.25052
54.41000,57.25152
54.41100,57.25252
54.41200,57.25352
54.41300,57.25452
54.41400,57.25552
54.41500,57.25652
54.41600,57.25752
54.41700,57.25852
54.41800,57.25952
54.41900,57.26052
54.42000,57.26152
54.42100,57.26252
54.42200,57.26352
54.42300,57.26452
54.42400,57.26552
54.42500,57.26652
54.42600,57.26752
54.42700,57.26852
54.42800,57.26952
54.42900,57.27052
54.43000,57.27152
54.43100,57.27252
54.43200,57.27352
54.43300,57.27452
54.43400,57.27552
54.43500,57.27652
54.43600,57.27752
54.43700,57.27852
54.43800,57.27952
54.43900,57.28052
54.44000,57.28152
54.44100,57.28252
54.44200,57.28352
54.44300,57.28452
54.44400,57.28552
54.44500,57.28652
54.44600,57.28752
54.44700,57.28852
54.44800,57.28952
54.44900,57.29052
54.45000,57.29152
54.45100,57.29252
54.45200,57.29352
54.45300,57.29452
54.45400,57.29552
54.45500,57.29652
54.45600,57.29752
54.45700,57.29852
54.45800,57.29952
54.45900,57.30052
54.46000,57.30152
54.46100,57.30252
54.46200,57.30352
54.46300,57.30452
54.46400,57.30552
54.46500,57.30652
54.46600,57.30752
54.46700,57.30852
54.46800,57.30952
54.46900,57.31052
54.47000,57.31152
54.47100,57.31252
54.47200,57.31352
54.47300,57.31452
54.47400,57.31552
54.47500,57.31652
54.47600,57.31752
54.47700,57.31852
54.47800,57.31952
54.47900,57.32052
54.48000,57.32152
54.48100,57.32252
54.48200,57.32352
54.48300,57.32452
54.48400,57.32552
54.48500,57.32652
54.48600,57.32752
54.48700,57.32852
54.48800,57.32952
54.48900,57.33052
54.49000,57.33152
54.49100,57.33252
54.49200,57.33352
54.49300,57.33452
54.49400,57.33552
54.49500,57.33652
54.49600,57.33752
54.49700,57.33852
54.49800,57.33952
54.49900,57.34052
54.50000,57.34152
54.76100,57.34252
57.13000,57.34352
