arm,mode,seed,fold,policy,piece_id,beats,true_boundaries,predicted_boundaries,threshold,precision_tol0,recall_tol0,f1_tol0,tp_tol0,fp_tol0,fn_tol0,precision_tol1,recall_tol1,f1_tol1,tp_tol1,fp_tol1,fn_tol1,precision_tol2,recall_tol2,f1_tol2,tp_tol2,fp_tol2,fn_tol2,pr_auc,raw_ap,f1,precision,recall
U,single,42,0,raw,chopin_op06_no1,289.0,7.0,12.117647058823527,0.5,0.5780542986425339,1.0,0.7325077399380805,7.0,5.117647058823529,0.0,0.5780542986425339,1.0,0.7325077399380805,7.0,5.117647058823529,0.0,0.5780542986425339,1.0,0.7325077399380805,7.0,5.117647058823529,0.0,0.5780542986425339,0.7808130447434698,0.2206843521722414,0.1702317290552584,0.3137254901960784
U,single,42,0,raw,chopin_op06_no2,259.0,10.0,7.785714285714286,0.5,0.902588813303099,0.7,0.787280701754386,7.0,0.7857142857142857,3.0,0.902588813303099,0.7,0.787280701754386,7.0,0.7857142857142857,3.0,0.902588813303099,0.7,0.787280701754386,7.0,0.7857142857142857,3.0,0.6438109027394741,0.8377742699895298,0.5149295149295149,0.6345238095238095,0.4353741496598639
U,single,42,0,raw,chopin_op06_no3,262.0,12.0,6.476190476190476,0.5,0.7741496598639456,0.4126984126984127,0.5365963929431421,4.9523809523809526,1.5238095238095235,7.047619047619048,0.7839285714285713,0.4186507936507937,0.5439898766524154,5.023809523809524,1.4523809523809523,6.976190476190476,0.7839285714285713,0.4186507936507937,0.5439898766524154,5.023809523809524,1.4523809523809523,6.976190476190476,0.3474728165227074,0.5646633451049399,0.0091269841269841,0.0126984126984126,0.0071428571428571
U,single,42,0,raw,chopin_op06_no4,96.0,6.0,7.641025641025641,0.5,0.3108974358974359,0.3974358974358974,0.3484080022541561,2.3846153846153846,5.256410256410256,3.615384615384616,0.7631257631257632,0.9700854700854702,0.8527284681130834,5.82051282051282,1.8205128205128205,0.1794871794871795,0.7631257631257632,0.9700854700854702,0.8527284681130834,5.82051282051282,1.8205128205128205,0.1794871794871795,0.1804919617419617,0.5535667561308587,0.6548562548562549,0.5752136752136752,0.7641025641025642
U,single,42,0,raw,chopin_op30_no2,166.0,6.0,5.56,0.5,0.6106666666666666,0.5666666666666667,0.585939393939394,3.4,2.16,2.6,1.0,0.9266666666666667,0.9589090909090908,5.56,0.0,0.44,1.0,0.9266666666666667,0.9589090909090908,5.56,0.0,0.44,0.3726626506024096,0.7053402872783677,0.93,0.975,0.8959999999999999
U,single,42,0,raw,chopin_op30_no3,304.0,15.0,9.444444444444445,0.5,0.8154194056971834,0.5111111111111112,0.6270257386199416,7.666666666666667,1.7777777777777777,7.333333333333333,0.8154194056971834,0.5111111111111112,0.6270257386199416,7.666666666666667,1.7777777777777777,7.333333333333333,0.8174770188659077,0.5123456790123457,0.6285689484964847,7.685185185185185,1.7592592592592593,7.314814814814815,0.4414506266601783,0.590120334731398,0.1805148392867691,0.2482363315696649,0.1424501424501424
U,single,42,0,raw,chopin_op30_no4,348.0,13.0,8.581818181818182,0.5,0.8161091433818707,0.5370629370629371,0.6460588949917013,6.9818181818181815,1.6,6.0181818181818185,0.8161091433818707,0.5370629370629371,0.6460588949917013,6.9818181818181815,1.6,6.0181818181818185,0.8161091433818707,0.5370629370629371,0.6460588949917013,6.9818181818181815,1.6,6.0181818181818185,0.4561446738562726,0.6660969417370398,0.2259353618205292,0.2933333333333333,0.1848484848484848
U,single,42,0,B10,chopin_op06_no1,289.0,7.0,12.0,0.5,0.5833333333333334,1.0,0.7368421052631579,7.0,5.0,0.0,0.5833333333333334,1.0,0.7368421052631579,7.0,5.0,0.0,0.5833333333333334,1.0,0.7368421052631579,7.0,5.0,0.0,0.5833333333333334,0.7808130447434698,0.2352941176470588,0.1818181818181818,0.3333333333333333
U,single,42,0,B10,chopin_op06_no2,259.0,10.0,10.071428571428571,0.5,0.7705627705627707,0.7761904761904762,0.7732426303854875,7.761904761904762,2.3095238095238093,2.238095238095238,0.7705627705627707,0.7761904761904762,0.7732426303854875,7.761904761904762,2.3095238095238093,2.238095238095238,0.7705627705627707,0.7761904761904762,0.7732426303854875,7.761904761904762,2.3095238095238093,2.238095238095238,0.6089876147019004,0.8377742699895298,0.5374149659863945,0.534438775510204,0.5408163265306122
U,single,42,0,B10,chopin_op06_no3,262.0,12.0,7.214285714285714,0.5,0.7147108843537415,0.4285714285714285,0.5347953216374269,5.142857142857143,2.071428571428572,6.857142857142857,0.7246315192743764,0.4345238095238095,0.5422027290448342,5.214285714285714,2.0,6.785714285714286,0.7246315192743764,0.4345238095238095,0.5422027290448342,5.214285714285714,2.0,6.785714285714286,0.3381644589557621,0.5646633451049399,0.0486111111111111,0.0674603174603174,0.0380952380952381
U,single,42,0,B10,chopin_op06_no4,96.0,6.0,7.333333333333333,0.5,0.3237179487179487,0.3931623931623931,0.3541842772612003,2.358974358974359,4.974358974358975,3.641025641025641,0.7512210012210012,0.9188034188034188,0.8245515168592092,5.512820512820513,1.8205128205128205,0.4871794871794871,0.7512210012210012,0.9188034188034188,0.8245515168592092,5.512820512820513,1.8205128205128205,0.4871794871794871,0.1858465608465608,0.5535667561308587,0.6343434343434343,0.5681318681318681,0.7230769230769231
U,single,42,0,B10,chopin_op30_no2,166.0,6.0,5.64,0.5,0.6,0.5666666666666667,0.5818181818181818,3.4,2.24,2.6,1.0,0.94,0.9672727272727272,5.64,0.0,0.36,1.0,0.94,0.9672727272727272,5.64,0.0,0.36,0.3672182061579652,0.7053402872783677,0.96,1.0,0.928
U,single,42,0,B10,chopin_op30_no3,304.0,15.0,9.37037037037037,0.5,0.882748784137673,0.5518518518518518,0.6780659583155558,8.277777777777779,1.0925925925925926,6.722222222222222,0.8868640104751215,0.554320987654321,0.6811523780686422,8.314814814814815,1.0555555555555556,6.685185185185185,0.8889216236438459,0.5555555555555556,0.6826955879451854,8.333333333333334,1.037037037037037,6.666666666666667,0.5102585389305662,0.590120334731398,0.2287210487057931,0.3134920634920635,0.1809116809116809
U,single,42,0,B10,chopin_op30_no4,348.0,13.0,9.690909090909091,0.5,0.8857805325987144,0.6601398601398601,0.7555036531321117,8.581818181818182,1.1090909090909091,4.418181818181818,0.8857805325987144,0.6601398601398601,0.7555036531321117,8.581818181818182,1.1090909090909091,4.418181818181818,0.8857805325987144,0.6601398601398601,0.7555036531321117,8.581818181818182,1.1090909090909091,4.418181818181818,0.5979148977111359,0.6660969417370398,0.3608691149361006,0.4293362193362193,0.3121212121212121
U,single,43,0,raw,chopin_op06_no1,289.0,7.0,12.264705882352942,0.5,0.5719834087481147,1.0,0.7273853081902617,7.0,5.264705882352941,0.0,0.5719834087481147,1.0,0.7273853081902617,7.0,5.264705882352941,0.0,0.5719834087481147,1.0,0.7273853081902617,7.0,5.264705882352941,0.0,0.5719834087481147,0.7152446759589617,0.2286812764321414,0.1755474917239623,0.3284313725490196
U,single,43,0,raw,chopin_op06_no2,259.0,10.0,10.357142857142858,0.5,0.7785769785769785,0.8,0.7876163210586226,8.0,2.357142857142857,2.0,0.7785769785769785,0.8,0.7876163210586226,8.0,2.357142857142857,2.0,0.7785769785769785,0.8,0.7876163210586226,8.0,2.357142857142857,2.0,0.6305835905835907,0.8485143588721148,0.4196605565303044,0.414172335600907,0.4285714285714285
U,single,43,0,raw,chopin_op06_no3,262.0,12.0,5.4523809523809526,0.5,0.8827097505668934,0.3968253968253968,0.5455929447802512,4.761904761904762,0.6904761904761905,7.238095238095238,0.9238095238095236,0.4146825396825397,0.5703720084525038,4.976190476190476,0.4761904761904761,7.023809523809524,0.9238095238095236,0.4146825396825397,0.5703720084525038,4.976190476190476,0.4761904761904761,7.023809523809524,0.381070195253674,0.570627820531865,0.0065759637188208,0.0107142857142857,0.0047619047619047
U,single,43,0,raw,chopin_op06_no4,96.0,6.0,6.846153846153846,0.5,0.2017704517704517,0.235042735042735,0.2164929088006011,1.4102564102564104,5.435897435897436,4.589743589743589,0.8125763125763126,0.9230769230769232,0.8614633230017846,5.538461538461538,1.3076923076923077,0.4615384615384615,0.8125763125763126,0.9230769230769232,0.8614633230017846,5.538461538461538,1.3076923076923077,0.4615384615384615,0.1129807692307692,0.5186149557944429,0.6553224553224554,0.6114774114774115,0.7128205128205128
U,single,43,0,raw,chopin_op30_no2,166.0,6.0,4.98,0.5,0.4766666666666666,0.4,0.4335353535353535,2.4,2.58,3.6,1.0,0.83,0.9042424242424242,4.98,0.0,1.02,1.0,0.83,0.9042424242424242,4.98,0.0,1.02,0.2321311914323962,0.6169945517445518,0.8423809523809525,0.9466666666666668,0.764
U,single,43,0,raw,chopin_op30_no3,304.0,15.0,7.277777777777778,0.5,0.8348838918283362,0.4049382716049383,0.5438052714864309,6.074074074074074,1.2037037037037035,8.925925925925926,0.8348838918283362,0.4049382716049383,0.5438052714864309,6.074074074074074,1.2037037037037035,8.925925925925926,0.8429306290417401,0.408641975308642,0.5488627475583997,6.12962962962963,1.148148148148148,8.87037037037037,0.3689280299514217,0.6066040283125015,0.0663820043937003,0.1065696649029982,0.0484330484330484
U,single,43,0,raw,chopin_op30_no4,348.0,13.0,8.854545454545455,0.5,0.9006132756132756,0.6111888111888112,0.7238691770749187,7.945454545454545,0.9090909090909092,5.054545454545455,0.9006132756132756,0.6111888111888112,0.7238691770749187,7.945454545454545,0.9090909090909092,5.054545454545455,0.9006132756132756,0.6111888111888112,0.7238691770749187,7.945454545454545,0.9090909090909092,5.054545454545455,0.5648581112374216,0.7354115048348134,0.3141837660103914,0.3949278499278499,0.2636363636363636
U,single,43,0,B10,chopin_op06_no1,289.0,7.0,12.029411764705882,0.5,0.5820135746606335,1.0,0.7357585139318885,7.0,5.029411764705882,0.0,0.5820135746606335,1.0,0.7357585139318885,7.0,5.029411764705882,0.0,0.5820135746606335,1.0,0.7357585139318885,7.0,5.029411764705882,0.0,0.5820135746606335,0.7152446759589617,0.2349096501345636,0.1813725490196078,0.3333333333333333
U,single,43,0,B10,chopin_op06_no2,259.0,10.0,11.166666666666666,0.5,0.733910533910534,0.819047619047619,0.7736961451247165,8.19047619047619,2.9761904761904763,1.809523809523809,0.733910533910534,0.819047619047619,0.7736961451247165,8.19047619047619,2.9761904761904763,1.809523809523809,0.733910533910534,0.819047619047619,0.7736961451247165,8.19047619047619,2.9761904761904763,1.809523809523809,0.6084007198292913,0.8485143588721148,0.4539115646258503,0.4214380196523054,0.4931972789115645
U,single,43,0,B10,chopin_op06_no3,262.0,12.0,7.238095238095238,0.5,0.7617673331959046,0.4543650793650793,0.5651013168598693,5.4523809523809526,1.7857142857142858,6.547619047619048,0.7925307496736069,0.4722222222222222,0.5875113441350004,5.666666666666667,1.5714285714285714,6.333333333333333,0.7925307496736069,0.4722222222222222,0.5875113441350004,5.666666666666667,1.5714285714285714,6.333333333333333,0.3765637553373831,0.570627820531865,0.1126449410173426,0.1486016628873771,0.0928571428571428
U,single,43,0,B10,chopin_op06_no4,96.0,6.0,6.948717948717949,0.5,0.1994810744810744,0.235042735042735,0.2150840612379074,1.4102564102564104,5.538461538461538,4.589743589743589,0.7973137973137973,0.9188034188034188,0.8508500046961586,5.512820512820513,1.435897435897436,0.4871794871794871,0.7973137973137973,0.9188034188034188,0.8508500046961586,5.512820512820513,1.435897435897436,0.4871794871794871,0.1119887057387057,0.5186149557944429,0.6592074592074592,0.6108669108669108,0.7230769230769231
U,single,43,0,B10,chopin_op30_no2,166.0,6.0,5.16,0.5,0.4813333333333333,0.42,0.4478787878787879,2.52,2.64,3.48,1.0,0.86,0.9236363636363636,5.16,0.0,0.84,1.0,0.86,0.9236363636363636,5.16,0.0,0.84,0.2460749665327978,0.6169945517445518,0.9066666666666666,1.0,0.8320000000000001
U,single,43,0,B10,chopin_op30_no3,304.0,15.0,10.055555555555555,0.5,0.8691358024691357,0.5851851851851851,0.6972278192970625,8.777777777777779,1.2777777777777777,6.222222222222222,0.8770435839880284,0.5901234567901235,0.7032873180377207,8.851851851851851,1.2037037037037035,6.148148148148148,0.8976056864945754,0.6024691358024691,0.7186785398057539,9.037037037037036,1.0185185185185186,5.962962962962963,0.5331938619462986,0.6066040283125015,0.3005725226549025,0.3899397413286302,0.2464387464387464
U,single,43,0,B10,chopin_op30_no4,348.0,13.0,10.89090909090909,0.5,0.9117676767676768,0.7636363636363637,0.8299911366630734,9.927272727272728,0.9636363636363636,3.0727272727272728,0.9117676767676768,0.7636363636363637,0.8299911366630734,9.927272727272728,0.9636363636363636,3.0727272727272728,0.9149357208448118,0.7664335664335664,0.8329608336327704,9.963636363636365,0.9272727272727272,3.036363636363636,0.7053603676017469,0.7354115048348134,0.5521078297612518,0.6094451003541912,0.506060606060606
U,single,44,0,raw,chopin_op06_no1,289.0,7.0,12.058823529411764,0.5,0.5563725490196079,0.9579831932773109,0.7038699690402476,6.705882352941177,5.352941176470588,0.2941176470588235,0.5806938159879337,1.0,0.7346749226006191,7.0,5.0588235294117645,0.0,0.5806938159879337,1.0,0.7346749226006191,7.0,5.0588235294117645,0.0,0.5365434568823537,0.6882108847854743,0.2345251826220684,0.1809269162210338,0.3333333333333333
U,single,44,0,raw,chopin_op06_no2,259.0,10.0,11.642857142857142,0.5,0.6891996891996892,0.8,0.7399281188101063,8.0,3.642857142857143,2.0,0.6891996891996892,0.8,0.7399281188101063,8.0,3.642857142857143,2.0,0.6891996891996892,0.8,0.7399281188101063,8.0,3.642857142857143,2.0,0.5590817590817592,0.9091853676447376,0.3907329598506069,0.3552248677248677,0.4353741496598639
U,single,44,0,raw,chopin_op06_no3,262.0,12.0,9.095238095238097,0.5,0.595568783068783,0.4503968253968254,0.5122507237414069,5.404761904761905,3.690476190476191,6.595238095238095,0.6194444444444445,0.4682539682539682,0.5326691941598773,5.619047619047619,3.4761904761904763,6.380952380952381,0.6194444444444445,0.4682539682539682,0.5326691941598773,5.619047619047619,3.4761904761904763,6.380952380952381,0.297005576943554,0.4902752499207653,0.0716005700525824,0.0851284958427815,0.0619047619047619
U,single,44,0,raw,chopin_op06_no4,96.0,6.0,7.666666666666667,0.5,0.3089133089133089,0.3931623931623931,0.3454024607870761,2.358974358974359,5.307692307692308,3.641025641025641,0.746031746031746,0.9529914529914528,0.8356344510190664,5.717948717948718,1.948717948717949,0.282051282051282,0.746031746031746,0.9529914529914528,0.8356344510190664,5.717948717948718,1.948717948717949,0.282051282051282,0.1767653642653642,0.4915801909391653,0.6404040404040403,0.5615384615384615,0.7487179487179488
U,single,44,0,raw,chopin_op30_no2,166.0,6.0,5.98,0.5,0.7666666666666667,0.76,0.7618275058275059,4.56,1.42,1.44,0.9857142857142857,0.98,0.981034965034965,5.88,0.1,0.12,0.9857142857142857,0.98,0.981034965034965,5.88,0.1,0.12,0.6024524765729585,0.8310538535538535,0.9766666666666668,0.9883333333333332,0.968
U,single,44,0,raw,chopin_op30_no3,304.0,15.0,9.925925925925926,0.5,0.8044900572678351,0.5296296296296297,0.6371398456020033,7.944444444444445,1.9814814814814812,7.055555555555555,0.8323800684911796,0.5481481481481482,0.6593420192856585,8.222222222222221,1.7037037037037035,6.777777777777778,0.83834714668048,0.5518518518518518,0.6639099205202265,8.277777777777779,1.648148148148148,6.722222222222222,0.4525854012964149,0.6275670723399673,0.2144782062020811,0.2830053177275399,0.1737891737891738
U,single,44,0,raw,chopin_op30_no4,348.0,13.0,10.61818181818182,0.5,0.8661340679522498,0.7062937062937064,0.7768597436818782,9.181818181818182,1.4363636363636365,3.8181818181818175,0.8661340679522498,0.7062937062937064,0.7768597436818782,9.181818181818182,1.4363636363636365,3.8181818181818175,0.8661340679522498,0.7062937062937064,0.7768597436818782,9.181818181818182,1.4363636363636365,3.8181818181818175,0.6235493103204702,0.6850062584838649,0.4353243331108943,0.4882598714416896,0.393939393939394
U,single,44,0,B10,chopin_op06_no1,289.0,7.0,12.0,0.5,0.5588235294117647,0.9579831932773109,0.7058823529411765,6.705882352941177,5.294117647058823,0.2941176470588235,0.5833333333333334,1.0,0.7368421052631579,7.0,5.0,0.0,0.5833333333333334,1.0,0.7368421052631579,7.0,5.0,0.0,0.538832834171731,0.6882108847854743,0.2352941176470588,0.1818181818181818,0.3333333333333333
U,single,44,0,B10,chopin_op06_no2,259.0,10.0,11.261904761904765,0.5,0.7433927183927184,0.8357142857142857,0.785958072293476,8.357142857142858,2.9047619047619047,1.6428571428571428,0.7433927183927184,0.8357142857142857,0.785958072293476,8.357142857142858,2.9047619047619047,1.6428571428571428,0.7433927183927184,0.8357142857142857,0.785958072293476,8.357142857142858,2.9047619047619047,1.6428571428571428,0.6278929168214883,0.9091853676447376,0.5102390956382553,0.4721749811035525,0.5578231292517006
U,single,44,0,B10,chopin_op06_no3,262.0,12.0,10.61904761904762,0.5,0.5886779886779886,0.5218253968253969,0.5525903220313159,6.261904761904762,4.357142857142857,5.738095238095238,0.6098901098901098,0.5396825396825398,0.5719767327220743,6.476190476190476,4.142857142857143,5.523809523809524,0.6098901098901098,0.5396825396825398,0.5719767327220743,6.476190476190476,4.142857142857143,5.523809523809524,0.3326672126290446,0.4902752499207653,0.1640295884435645,0.1752868824297395,0.1547619047619047
U,single,44,0,B10,chopin_op06_no4,96.0,6.0,7.589743589743589,0.5,0.2999084249084249,0.376068376068376,0.3330515638207946,2.2564102564102564,5.333333333333333,3.743589743589744,0.7384004884004884,0.935897435897436,0.8242697473466704,5.615384615384615,1.9743589743589745,0.3846153846153846,0.7384004884004884,0.935897435897436,0.8242697473466704,5.615384615384615,1.9743589743589745,0.3846153846153846,0.1655982905982906,0.4915801909391653,0.625019425019425,0.5492063492063491,0.7282051282051283
U,single,44,0,B10,chopin_op30_no2,166.0,6.0,5.92,0.5,0.77,0.76,0.7645454545454545,4.56,1.36,1.44,1.0,0.9866666666666668,0.9927272727272728,5.92,0.0,0.08,1.0,0.9866666666666668,0.9927272727272728,5.92,0.0,0.08,0.6052302543507363,0.8310538535538535,0.9911111111111112,1.0,0.984
U,single,44,0,B10,chopin_op30_no3,304.0,15.0,11.592592592592592,0.5,0.8481864842975954,0.65679012345679,0.7381696365221269,9.851851851851851,1.7407407407407407,5.148148148148148,0.8740901074234407,0.6753086419753086,0.7596976969390762,10.12962962962963,1.462962962962963,4.87037037037037,0.8782053337608893,0.6777777777777777,0.7627841166921626,10.166666666666666,1.4259259259259258,4.833333333333333,0.5779628398098183,0.6275670723399673,0.3649829907076284,0.427453770509326,0.3205128205128205
U,single,44,0,B10,chopin_op30_no4,348.0,13.0,12.0,0.5,0.8968031968031969,0.8265734265734266,0.8596353276353276,10.745454545454546,1.2545454545454546,2.2545454545454544,0.8997169497169497,0.8293706293706293,0.8624884744884745,10.78181818181818,1.2181818181818185,2.2181818181818183,0.8997169497169497,0.8293706293706293,0.8624884744884745,10.78181818181818,1.2181818181818185,2.2181818181818183,0.7479191895637519,0.6850062584838649,0.6648882500898311,0.6954863318499682,0.6378787878787878
U,single,45,0,raw,chopin_op06_no1,289.0,7.0,12.029411764705882,0.5,0.5795625942684767,0.995798319327731,0.7326625386996903,6.970588235294118,5.0588235294117645,0.0294117647058823,0.5820135746606335,1.0,0.7357585139318885,7.0,5.029411764705882,0.0,0.5820135746606335,1.0,0.7357585139318885,7.0,5.029411764705882,0.0,0.5775635247444733,0.8067587593106623,0.2316416762783544,0.178921568627451,0.3284313725490196
U,single,45,0,raw,chopin_op06_no2,259.0,10.0,9.047619047619047,0.5,0.8955747955747956,0.8,0.8424712575088515,8.0,1.0476190476190477,2.0,0.8955747955747956,0.8,0.8424712575088515,8.0,1.0476190476190477,2.0,0.8955747955747956,0.8,0.8424712575088515,8.0,1.0476190476190477,2.0,0.7241818441818443,0.8983124518098144,0.5652363509506367,0.6275226757369614,0.5204081632653061
U,single,45,0,raw,chopin_op06_no3,262.0,12.0,6.857142857142857,0.5,0.8426870748299319,0.4801587301587302,0.6106934001670844,5.761904761904762,1.0952380952380951,6.238095238095238,0.8426870748299319,0.4801587301587302,0.6106934001670844,5.761904761904762,1.0952380952380951,6.238095238095238,0.8426870748299319,0.4801587301587302,0.6106934001670844,5.761904761904762,1.0952380952380951,6.238095238095238,0.4288548752834467,0.590369664988511,0.1010487528344671,0.1507936507936508,0.0761904761904762
U,single,45,0,raw,chopin_op06_no4,96.0,6.0,6.717948717948718,0.5,0.2907509157509157,0.3247863247863248,0.3061425753733446,1.948717948717949,4.769230769230769,4.051282051282051,0.8468253968253969,0.9444444444444444,0.8905368136137367,5.666666666666667,1.051282051282051,0.3333333333333333,0.8468253968253969,0.9444444444444444,0.8905368136137367,5.666666666666667,1.051282051282051,0.3333333333333333,0.1506919006919007,0.4696098298662401,0.7080549080549081,0.6681318681318681,0.758974358974359
U,single,45,0,raw,chopin_op30_no2,166.0,6.0,5.7,0.5,0.7346666666666667,0.7033333333333333,0.7173939393939394,4.22,1.48,1.78,1.0,0.95,0.9723636363636364,5.7,0.0,0.3,1.0,0.95,0.9723636363636364,5.7,0.0,0.3,0.5448340026773763,0.7980753968253969,0.9566666666666668,0.9883333333333332,0.932
U,single,45,0,raw,chopin_op30_no3,304.0,15.0,8.555555555555555,0.5,0.8707451499118165,0.4950617283950617,0.6296546207415773,7.425925925925926,1.1296296296296295,7.574074074074074,0.8707451499118165,0.4950617283950617,0.6296546207415773,7.425925925925926,1.1296296296296295,7.574074074074074,0.8707451499118165,0.4950617283950617,0.6296546207415773,7.425925925925926,1.1296296296296295,7.574074074074074,0.4561380173685241,0.6366670324244273,0.106944831213837,0.1522927689594356,0.0826210826210826
U,single,45,0,raw,chopin_op30_no4,348.0,13.0,9.254545454545454,0.5,0.8267368490095762,0.586013986013986,0.6844888181647075,7.618181818181818,1.6363636363636365,5.381818181818182,0.8305752328479602,0.5888111888111889,0.6877227383946751,7.654545454545454,1.6,5.345454545454546,0.8305752328479602,0.5888111888111889,0.6877227383946751,7.654545454545454,1.6,5.345454545454546,0.5006979940992481,0.7054576851845563,0.2834974488563005,0.3496103896103896,0.2393939393939393
U,single,45,0,B10,chopin_op06_no1,289.0,7.0,12.0,0.5,0.5808823529411765,0.995798319327731,0.7337461300309597,6.970588235294118,5.029411764705882,0.0294117647058823,0.5833333333333334,1.0,0.7368421052631579,7.0,5.0,0.0,0.5833333333333334,1.0,0.7368421052631579,7.0,5.0,0.0,0.5788832834171731,0.8067587593106623,0.2352941176470588,0.1818181818181818,0.3333333333333333
U,single,45,0,B10,chopin_op06_no2,259.0,10.0,10.238095238095235,0.5,0.7851370851370851,0.8023809523809524,0.7932797361368791,8.023809523809524,2.2142857142857144,1.9761904761904765,0.7851370851370851,0.8023809523809524,0.7932797361368791,8.023809523809524,2.2142857142857144,1.9761904761904765,0.7851370851370851,0.8023809523809524,0.7932797361368791,8.023809523809524,2.2142857142857144,1.9761904761904765,0.6376877991163706,0.8983124518098144,0.5499716553287981,0.5432256235827664,0.5578231292517006
U,single,45,0,B10,chopin_op06_no3,262.0,12.0,8.095238095238095,0.5,0.7569599051741909,0.5,0.5991665986598971,6.0,2.095238095238096,6.0,0.7569599051741909,0.5,0.5991665986598971,6.0,2.095238095238096,6.0,0.7569599051741909,0.5,0.5991665986598971,6.0,2.095238095238096,6.0,0.401463387903546,0.590369664988511,0.1245667272757055,0.16859410430839,0.1
U,single,45,0,B10,chopin_op06_no4,96.0,6.0,6.128205128205129,0.5,0.3094627594627594,0.3162393162393162,0.3122228199151276,1.8974358974358971,4.230769230769231,4.102564102564102,0.8475579975579975,0.8632478632478632,0.8534098380252226,5.17948717948718,0.9487179487179488,0.8205128205128205,0.8475579975579975,0.8632478632478632,0.8534098380252226,5.17948717948718,0.9487179487179488,0.8205128205128205,0.1555657305657305,0.4696098298662401,0.6822455322455322,0.6756410256410257,0.6923076923076923
U,single,45,0,B10,chopin_op30_no2,166.0,6.0,5.74,0.5,0.7333333333333333,0.7066666666666667,0.7187878787878788,4.24,1.5,1.76,1.0,0.9566666666666668,0.9763636363636364,5.74,0.0,0.26,1.0,0.9566666666666668,0.9763636363636364,5.74,0.0,0.26,0.5472690763052209,0.7980753968253969,0.9711111111111111,1.0,0.948
U,single,45,0,B10,chopin_op30_no3,304.0,15.0,9.444444444444445,0.5,0.8824448185559297,0.5555555555555556,0.6806632074909047,8.333333333333334,1.1111111111111112,6.666666666666667,0.8847596333707445,0.5567901234567901,0.6822735134490368,8.351851851851851,1.0925925925925926,6.648148148148148,0.8847596333707445,0.5567901234567901,0.6822735134490368,8.351851851851851,1.0925925925925926,6.648148148148148,0.5127054823740983,0.6366670324244273,0.2298043454412638,0.3134038800705467,0.1823361823361823
U,single,45,0,B10,chopin_op30_no4,348.0,13.0,11.254545454545454,0.5,0.8553379953379953,0.7398601398601399,0.7916187475238858,9.61818181818182,1.6363636363636365,3.381818181818182,0.8553379953379953,0.7398601398601399,0.7916187475238858,9.61818181818182,1.6363636363636365,3.381818181818182,0.8553379953379953,0.7398601398601399,0.7916187475238858,9.61818181818182,1.6363636363636365,3.381818181818182,0.6432895181339839,0.7054576851845563,0.5029957394384271,0.5445867768595041,0.4696969696969696
U,ensemble,-1,0,raw,chopin_op06_no1,289.0,7.0,12.0,0.5,0.5808823529411765,0.995798319327731,0.7337461300309597,6.970588235294118,5.029411764705882,0.0294117647058823,0.5833333333333334,1.0,0.7368421052631579,7.0,5.0,0.0,0.5833333333333334,1.0,0.7368421052631579,7.0,5.0,0.0,0.5788832834171731,0.7500839849857398,0.2352941176470588,0.1818181818181818,0.3333333333333333
U,ensemble,-1,0,raw,chopin_op06_no2,259.0,10.0,10.095238095238097,0.5,0.8007215007215007,0.8,0.7982206598747952,8.0,2.095238095238096,2.0,0.8007215007215007,0.8,0.7982206598747952,8.0,2.095238095238096,2.0,0.8007215007215007,0.8,0.7982206598747952,8.0,2.095238095238096,2.0,0.6482992082992084,0.8797775145011102,0.4639085121227978,0.4709750566893424,0.4625850340136054
U,ensemble,-1,0,raw,chopin_op06_no3,262.0,12.0,5.428571428571429,0.5,0.9251984126984129,0.4146825396825397,0.5713507625272332,4.976190476190476,0.4523809523809524,7.023809523809524,0.9503968253968254,0.4265873015873016,0.5874260815437287,5.119047619047619,0.3095238095238095,6.880952380952381,0.9503968253968254,0.4265873015873016,0.5874260815437287,5.119047619047619,0.3095238095238095,6.880952380952381,0.4128368724504221,0.5890086320628622,0.0165816326530612,0.0277777777777777,0.0119047619047619
U,ensemble,-1,0,raw,chopin_op06_no4,96.0,6.0,7.435897435897436,0.5,0.259004884004884,0.3205128205128205,0.2859490936414013,1.9230769230769231,5.512820512820513,4.076923076923077,0.7896825396825397,0.9743589743589745,0.8704799474030244,5.846153846153846,1.5897435897435896,0.1538461538461538,0.7896825396825397,0.9743589743589745,0.8704799474030244,5.846153846153846,1.5897435897435896,0.1538461538461538,0.1376297313797314,0.5111131034207957,0.6773892773892773,0.6051282051282051,0.7743589743589744
U,ensemble,-1,0,raw,chopin_op30_no2,166.0,6.0,5.56,0.5,0.642,0.6,0.6183636363636363,3.6,1.96,2.4,1.0,0.9266666666666667,0.9589090909090908,5.56,0.0,0.44,1.0,0.9266666666666667,0.9589090909090908,5.56,0.0,0.44,0.4140133868808567,0.7632496022496023,0.9344444444444444,0.98,0.9
U,ensemble,-1,0,raw,chopin_op30_no3,304.0,15.0,8.851851851851851,0.5,0.8641534391534391,0.508641975308642,0.6392570633874982,7.62962962962963,1.2222222222222223,7.37037037037037,0.8682686654908877,0.5111111111111112,0.6423434831405846,7.666666666666667,1.1851851851851851,7.333333333333333,0.8744415049970605,0.5148148148148148,0.6469731127702142,7.722222222222222,1.1296296296296295,7.277777777777778,0.4643641769031632,0.6312904269701076,0.177966521241375,0.2563051146384479,0.1367521367521367
U,ensemble,-1,0,raw,chopin_op30_no4,348.0,13.0,8.763636363636364,0.5,0.8849567099567099,0.5972027972027972,0.7117690741406156,7.763636363636364,1.0,5.236363636363636,0.8849567099567099,0.5972027972027972,0.7117690741406156,7.763636363636364,1.0,5.236363636363636,0.8849567099567099,0.5972027972027972,0.7117690741406156,7.763636363636364,1.0,5.236363636363636,0.5441762260727778,0.7339500413452761,0.2809812409812409,0.3552669552669552,0.2333333333333333
U,ensemble,-1,0,B10,chopin_op06_no1,289.0,7.0,12.0,0.5,0.5808823529411765,0.995798319327731,0.7337461300309597,6.970588235294118,5.029411764705882,0.0294117647058823,0.5833333333333334,1.0,0.7368421052631579,7.0,5.0,0.0,0.5833333333333334,1.0,0.7368421052631579,7.0,5.0,0.0,0.5788832834171731,0.7500839849857398,0.2352941176470588,0.1818181818181818,0.3333333333333333
U,ensemble,-1,0,B10,chopin_op06_no2,259.0,10.0,10.69047619047619,0.5,0.7676406926406927,0.819047619047619,0.7917336631622346,8.19047619047619,2.5,1.809523809523809,0.7676406926406927,0.819047619047619,0.7917336631622346,8.19047619047619,2.5,1.809523809523809,0.7676406926406927,0.819047619047619,0.7917336631622346,8.19047619047619,2.5,1.809523809523809,0.6358718598004314,0.8797775145011102,0.5288265306122449,0.5074640967498111,0.5544217687074829
U,ensemble,-1,0,B10,chopin_op06_no3,262.0,12.0,8.857142857142858,0.5,0.685976259190545,0.501984126984127,0.5770659552450987,6.023809523809524,2.833333333333333,5.976190476190476,0.7039940218511647,0.5138888888888888,0.5912983254925065,6.166666666666667,2.6904761904761907,5.833333333333333,0.7039940218511647,0.5138888888888888,0.5912983254925065,6.166666666666667,2.6904761904761907,5.833333333333333,0.3689855756024876,0.5890086320628622,0.1386859714646092,0.1688303099017384,0.119047619047619
U,ensemble,-1,0,B10,chopin_op06_no4,96.0,6.0,7.256410256410256,0.5,0.2610805860805861,0.3119658119658119,0.2831911678065524,1.871794871794872,5.384615384615385,4.128205128205129,0.7818070818070818,0.9401709401709402,0.8503846580769656,5.641025641025641,1.6153846153846154,0.358974358974359,0.7818070818070818,0.9401709401709402,0.8503846580769656,5.641025641025641,1.6153846153846154,0.358974358974359,0.1356608669108669,0.5111131034207957,0.6744884744884744,0.6126984126984127,0.758974358974359
U,ensemble,-1,0,B10,chopin_op30_no2,166.0,6.0,5.62,0.5,0.638,0.6033333333333333,0.619090909090909,3.62,2.0,2.38,1.0,0.9366666666666668,0.9654545454545456,5.62,0.0,0.38,1.0,0.9366666666666668,0.9654545454545456,5.62,0.0,0.38,0.4135595716198126,0.7632496022496023,0.9577777777777776,1.0,0.924
U,ensemble,-1,0,B10,chopin_op30_no3,304.0,15.0,10.12962962962963,0.5,0.8888047138047137,0.6012345679012346,0.715110794555239,9.01851851851852,1.1111111111111112,5.981481481481482,0.8944631500187056,0.6049382716049382,0.7195689564208082,9.074074074074074,1.0555555555555556,5.925925925925926,0.8965207631874299,0.6061728395061728,0.7211121662973515,9.092592592592592,1.037037037037037,5.907407407407407,0.5557496258885147,0.6312904269701076,0.2897529469993238,0.3713991769547324,0.2393162393162393
U,ensemble,-1,0,B10,chopin_op30_no4,348.0,13.0,11.163636363636364,0.5,0.911712580348944,0.7832167832167832,0.841465564738292,10.181818181818182,0.9818181818181818,2.8181818181818183,0.911712580348944,0.7832167832167832,0.841465564738292,10.181818181818182,0.9818181818181818,2.8181818181818183,0.911712580348944,0.7832167832167832,0.841465564738292,10.181818181818182,0.9818181818181818,2.8181818181818183,0.7225818712809308,0.7339500413452761,0.5890172971055018,0.6399914731732914,0.546969696969697
B,single,42,0,raw,chopin_op06_no1,289.0,7.0,12.323529411764708,0.5,0.5693815987933636,1.0,0.7252321981424148,7.0,5.323529411764706,0.0,0.5693815987933636,1.0,0.7252321981424148,7.0,5.323529411764706,0.0,0.5693815987933636,1.0,0.7252321981424148,7.0,5.323529411764706,0.0,0.5693815987933636,0.7904437127929466,0.205902588073413,0.1584567393390922,0.2941176470588235
B,single,42,0,raw,chopin_op06_no2,259.0,10.0,10.238095238095235,0.5,0.778835978835979,0.7952380952380952,0.7862860614740315,7.952380952380952,2.2857142857142856,2.0476190476190474,0.778835978835979,0.7952380952380952,0.7862860614740315,7.952380952380952,2.2857142857142856,2.0476190476190474,0.778835978835979,0.7952380952380952,0.7862860614740315,7.952380952380952,2.2857142857142856,2.0476190476190474,0.6272709444138016,0.8558914432838691,0.517667451596023,0.5131802721088435,0.5238095238095238
B,single,42,0,raw,chopin_op06_no3,262.0,12.0,8.238095238095237,0.5,0.713879440665155,0.4861111111111111,0.5765541197872025,5.833333333333333,2.4047619047619047,6.166666666666667,0.7425075585789871,0.5059523809523809,0.5999339980542988,6.071428571428571,2.1666666666666665,5.928571428571429,0.7425075585789871,0.5059523809523809,0.5999339980542988,6.071428571428571,2.1666666666666665,5.928571428571429,0.3759312330388757,0.6340680229834186,0.1111928104575163,0.1457766439909297,0.0904761904761904
B,single,42,0,raw,chopin_op06_no4,96.0,6.0,7.282051282051282,0.5,0.2577228327228327,0.3162393162393162,0.283425975733668,1.8974358974358971,5.384615384615385,4.102564102564102,0.7264041514041514,0.8803418803418804,0.7943125250817559,5.282051282051282,2.0,0.717948717948718,0.7264041514041514,0.8803418803418804,0.7943125250817559,5.282051282051282,2.0,0.717948717948718,0.1496896621896621,0.476204005898576,0.5796166796166796,0.5214896214896215,0.6564102564102564
B,single,42,0,raw,chopin_op30_no2,166.0,6.0,5.58,0.5,0.607,0.57,0.5865454545454545,3.42,2.16,2.58,1.0,0.93,0.9614545454545456,5.58,0.0,0.42,1.0,0.93,0.9614545454545456,5.58,0.0,0.42,0.3774866131191431,0.689937478213794,0.9477777777777776,0.9933333333333332,0.912
B,single,42,0,raw,chopin_op30_no3,304.0,15.0,10.425925925925926,0.5,0.774048174048174,0.5382716049382716,0.6337575935724084,8.074074074074074,2.351851851851852,6.925925925925926,0.774048174048174,0.5382716049382716,0.6337575935724084,8.074074074074074,2.351851851851852,6.925925925925926,0.7811188811188812,0.5432098765432098,0.6395695593843742,8.148148148148149,2.2777777777777777,6.851851851851852,0.44138750301031,0.6307747358890843,0.1978311409470829,0.2486678958901181,0.1652421652421652
B,single,42,0,raw,chopin_op30_no4,348.0,13.0,9.909090909090908,0.5,0.7593183584092674,0.5762237762237763,0.6534658411417305,7.490909090909091,2.418181818181818,5.509090909090909,0.7593183584092674,0.5762237762237763,0.6534658411417305,7.490909090909091,2.418181818181818,5.509090909090909,0.7593183584092674,0.5762237762237763,0.6534658411417305,7.490909090909091,2.418181818181818,5.509090909090909,0.4537525427711104,0.6055269740803668,0.22700478288787,0.2671343303161484,0.1984848484848485
B,single,42,0,B10,chopin_op06_no1,289.0,7.0,12.0,0.5,0.5833333333333334,1.0,0.7368421052631579,7.0,5.0,0.0,0.5833333333333334,1.0,0.7368421052631579,7.0,5.0,0.0,0.5833333333333334,1.0,0.7368421052631579,7.0,5.0,0.0,0.5833333333333334,0.7904437127929466,0.2352941176470588,0.1818181818181818,0.3333333333333333
B,single,42,0,B10,chopin_op06_no2,259.0,10.0,10.61904761904762,0.5,0.8112554112554113,0.861904761904762,0.8353741496598639,8.619047619047619,2.0,1.380952380952381,0.8112554112554113,0.861904761904762,0.8353741496598639,8.619047619047619,2.0,1.380952380952381,0.8112554112554113,0.861904761904762,0.8353741496598639,8.619047619047619,2.0,1.380952380952381,0.7049855421283994,0.8558914432838691,0.7129251700680272,0.6819727891156463,0.7482993197278911
B,single,42,0,B10,chopin_op06_no3,262.0,12.0,9.166666666666666,0.5,0.8141309087737658,0.623015873015873,0.7015804427311456,7.476190476190476,1.6904761904761905,4.523809523809524,0.8406821353249925,0.6428571428571429,0.724212262257375,7.714285714285714,1.4523809523809523,4.285714285714286,0.8406821353249925,0.6428571428571429,0.724212262257375,7.714285714285714,1.4523809523809523,4.285714285714286,0.5344443269027511,0.6340680229834186,0.3681024164051585,0.4271499003641861,0.3285714285714285
B,single,42,0,B10,chopin_op06_no4,96.0,6.0,6.769230769230769,0.5,0.2768925518925519,0.3119658119658119,0.2920498305113689,1.871794871794872,4.897435897435898,4.128205128205129,0.7727716727716728,0.8675213675213675,0.8140150447842756,5.205128205128205,1.564102564102564,0.7948717948717948,0.7727716727716728,0.8675213675213675,0.8140150447842756,5.205128205128205,1.564102564102564,0.7948717948717948,0.1544948107448107,0.476204005898576,0.5926443926443926,0.5571428571428572,0.6410256410256411
B,single,42,0,B10,chopin_op30_no2,166.0,6.0,5.6,0.5,0.604,0.57,0.5854545454545454,3.42,2.18,2.58,1.0,0.9333333333333332,0.9636363636363636,5.6,0.0,0.4,1.0,0.9333333333333332,0.9636363636363636,5.6,0.0,0.4,0.3759866131191432,0.689937478213794,0.9555555555555556,1.0,0.92
B,single,42,0,B10,chopin_op30_no3,304.0,15.0,12.351851851851851,0.5,0.8337218337218337,0.6876543209876543,0.752810563921675,10.314814814814817,2.037037037037037,4.685185185185185,0.8337218337218337,0.6876543209876543,0.752810563921675,10.314814814814817,2.037037037037037,4.685185185185185,0.8388003971337304,0.691358024691358,0.7570882889401408,10.37037037037037,1.9814814814814812,4.62962962962963,0.5903468994185368,0.6307747358890843,0.372118354002412,0.4179573512906846,0.3361823361823361
B,single,42,0,B10,chopin_op30_no4,348.0,13.0,10.236363636363636,0.5,0.853009818464364,0.6685314685314685,0.7480316574071515,8.690909090909091,1.5454545454545454,4.3090909090909095,0.8847813802359257,0.6965034965034965,0.7777478832103338,9.054545454545456,1.181818181818182,3.945454545454545,0.8884177438722893,0.6993006993006993,0.7809099385463022,9.090909090909092,1.1454545454545455,3.909090909090909,0.5836425447927739,0.6055269740803668,0.4033644747873997,0.4605325987144169,0.3606060606060606
B,single,43,0,raw,chopin_op06_no1,289.0,7.0,12.147058823529411,0.5,0.5767345399698341,1.0,0.7314241486068112,7.0,5.147058823529412,0.0,0.5767345399698341,1.0,0.7314241486068112,7.0,5.147058823529412,0.0,0.5767345399698341,1.0,0.7314241486068112,7.0,5.147058823529412,0.0,0.5767345399698341,0.6727652424606206,0.2301038062283737,0.177139037433155,0.3284313725490196
B,single,43,0,raw,chopin_op06_no2,259.0,10.0,11.547619047619047,0.5,0.7025745418602561,0.8023809523809524,0.7470768489075125,8.023809523809524,3.523809523809524,1.9761904761904765,0.7025745418602561,0.8023809523809524,0.7470768489075125,8.023809523809524,3.523809523809524,1.9761904761904765,0.7025745418602561,0.8023809523809524,0.7470768489075125,8.023809523809524,3.523809523809524,1.9761904761904765,0.5714754268325697,0.8705056335263676,0.3912640697304563,0.3609891431320002,0.4319727891156462
B,single,43,0,raw,chopin_op06_no3,262.0,12.0,7.190476190476191,0.5,0.7448885109599396,0.4384920634920635,0.548535278013385,5.261904761904762,1.9285714285714288,6.738095238095238,0.7772486772486773,0.4583333333333333,0.5730230848320189,5.5,1.6904761904761905,6.5,0.7772486772486773,0.4583333333333333,0.5730230848320189,5.5,1.6904761904761905,6.5,0.3559120817538211,0.602229332644218,0.0652761104441776,0.088860544217687,0.0523809523809523
B,single,43,0,raw,chopin_op06_no4,96.0,6.0,6.358974358974359,0.5,0.1444139194139194,0.1538461538461538,0.1485181485181485,0.9230769230769232,5.435897435897436,5.076923076923077,0.8184371184371185,0.8632478632478632,0.838050838050838,5.17948717948718,1.1794871794871795,0.8205128205128205,0.8184371184371185,0.8632478632478632,0.838050838050838,5.17948717948718,1.1794871794871795,0.8205128205128205,0.0912494912494912,0.5052138507266712,0.6287490287490287,0.6122100122100123,0.6512820512820513
B,single,43,0,raw,chopin_op30_no2,166.0,6.0,5.14,0.5,0.575,0.5,0.5332727272727272,3.0,2.14,3.0,1.0,0.8566666666666667,0.9203636363636364,5.14,0.0,0.86,1.0,0.8566666666666667,0.9203636363636364,5.14,0.0,0.86,0.336127844712182,0.6758805916305916,0.8822222222222221,0.9733333333333332,0.812
B,single,43,0,raw,chopin_op30_no3,304.0,15.0,8.518518518518519,0.5,0.833017342739565,0.471604938271605,0.6005660120877513,7.074074074074074,1.4444444444444444,7.925925925925926,0.8369268077601411,0.4740740740740741,0.6035907034457759,7.111111111111111,1.4074074074074074,7.888888888888889,0.8456716637272192,0.4790123456790123,0.6098977351151263,7.185185185185185,1.3333333333333333,7.814814814814815,0.4194471002609404,0.6039691743307715,0.1108883319409635,0.1589506172839506,0.0854700854700854
B,single,43,0,raw,chopin_op30_no4,348.0,13.0,9.909090909090908,0.5,0.7890463072281254,0.5986013986013987,0.6785688961894496,7.781818181818182,2.1272727272727274,5.218181818181818,0.848366784730421,0.6447552447552447,0.7303590849203498,8.381818181818181,1.5272727272727271,4.618181818181818,0.848366784730421,0.6447552447552447,0.7303590849203498,8.381818181818181,1.5272727272727271,4.618181818181818,0.4884332560508109,0.7015109180265112,0.3318117307882234,0.386212777121868,0.2924242424242424
B,single,43,0,B10,chopin_op06_no1,289.0,7.0,12.0,0.5,0.5833333333333334,1.0,0.7368421052631579,7.0,5.0,0.0,0.5833333333333334,1.0,0.7368421052631579,7.0,5.0,0.0,0.5833333333333334,1.0,0.7368421052631579,7.0,5.0,0.0,0.5833333333333334,0.6727652424606206,0.2352941176470588,0.1818181818181818,0.3333333333333333
B,single,43,0,B10,chopin_op06_no2,259.0,10.0,11.595238095238097,0.5,0.7418470418470419,0.8595238095238096,0.7957534528963099,8.595238095238095,3.0,1.4047619047619049,0.7418470418470419,0.8595238095238096,0.7957534528963099,8.595238095238095,3.0,1.4047619047619049,0.7418470418470419,0.8595238095238096,0.7957534528963099,8.595238095238095,3.0,1.4047619047619049,0.6437066194209051,0.8705056335263676,0.5479591836734694,0.4971655328798186,0.6122448979591837
B,single,43,0,B10,chopin_op06_no3,262.0,12.0,10.023809523809524,0.5,0.7564815475529761,0.6329365079365079,0.6851619331596448,7.595238095238095,2.4285714285714284,4.404761904761905,0.7909795891938749,0.6607142857142857,0.7157253900797542,7.928571428571429,2.095238095238096,4.071428571428571,0.7909795891938749,0.6607142857142857,0.7157253900797542,7.928571428571429,2.095238095238096,4.071428571428571,0.506053244931153,0.602229332644218,0.4284934149098235,0.4680237751666323,0.4
B,single,43,0,B10,chopin_op06_no4,96.0,6.0,5.512820512820513,0.5,0.1615384615384615,0.1495726495726495,0.155011655011655,0.8974358974358975,4.615384615384615,5.102564102564102,0.9042735042735044,0.8290598290598291,0.8632478632478632,4.974358974358975,0.5384615384615384,1.0256410256410255,0.9042735042735044,0.8290598290598291,0.8632478632478632,4.974358974358975,0.5384615384615384,1.0256410256410255,0.0940349002849002,0.5052138507266712,0.7116809116809116,0.7551282051282051,0.676923076923077
B,single,43,0,B10,chopin_op30_no2,166.0,6.0,5.22,0.5,0.57,0.5033333333333333,0.5336363636363636,3.02,2.2,2.98,1.0,0.87,0.9290909090909092,5.22,0.0,0.78,1.0,0.87,0.9290909090909092,5.22,0.0,0.78,0.3358406961178046,0.6758805916305916,0.9133333333333332,1.0,0.8440000000000001
B,single,43,0,B10,chopin_op30_no3,304.0,15.0,10.537037037037036,0.5,0.8728373478373478,0.6148148148148147,0.7185766291321847,9.22222222222222,1.3148148148148149,5.777777777777778,0.8784957840513395,0.6185185185185185,0.7230347909977539,9.27777777777778,1.2592592592592593,5.722222222222222,0.8906357017468127,0.6259259259259259,0.7322323218619515,9.38888888888889,1.148148148148148,5.611111111111111,0.5587324108279274,0.6039691743307715,0.3086925152142544,0.3835604724493613,0.2606837606837607
B,single,43,0,B10,chopin_op30_no4,348.0,13.0,11.61818181818182,0.5,0.830060040969132,0.7412587412587412,0.7820757713959295,9.636363636363637,1.981818181818182,3.363636363636364,0.8995076640531187,0.8027972027972028,0.8472269917171102,10.436363636363636,1.181818181818182,2.5636363636363635,0.9095309740764288,0.8125874125874126,0.8571290896192082,10.563636363636364,1.0545454545454545,2.4363636363636365,0.627074677325461,0.7015109180265112,0.6098673921598823,0.6483792470156107,0.5772727272727273
B,single,44,0,raw,chopin_op06_no1,289.0,7.0,12.176470588235292,0.5,0.5199849170437405,0.903361344537815,0.6598555211558308,6.323529411764706,5.852941176470588,0.6764705882352942,0.5756033182503771,1.0,0.7304437564499483,7.0,5.176470588235294,0.0,0.5756033182503771,1.0,0.7304437564499483,7.0,5.176470588235294,0.0,0.4746527304027813,0.7210079342308704,0.2330277828365608,0.1792129439188262,0.3333333333333333
B,single,44,0,raw,chopin_op06_no2,259.0,10.0,11.428571428571429,0.5,0.7049224584938871,0.8023809523809524,0.7497414248967044,8.023809523809524,3.4047619047619047,1.9761904761904765,0.706906585478014,0.8047619047619049,0.7519059270612066,8.047619047619047,3.380952380952381,1.9523809523809523,0.706906585478014,0.8047619047619049,0.7519059270612066,8.047619047619047,3.380952380952381,1.9523809523809523,0.5733537601394745,0.9216699177524336,0.3950291227602152,0.3649573971002542,0.4319727891156462
B,single,44,0,raw,chopin_op06_no3,262.0,12.0,10.904761904761903,0.5,0.5173992673992673,0.4662698412698412,0.4888772649021096,5.595238095238095,5.309523809523809,6.404761904761905,0.5726741512455797,0.5178571428571429,0.5420682354222727,6.214285714285714,4.690476190476191,5.785714285714286,0.5726741512455797,0.5178571428571429,0.5420682354222727,6.214285714285714,4.690476190476191,5.785714285714286,0.2698319056779616,0.4949798388056726,0.1232724987921803,0.1290610183467326,0.119047619047619
B,single,44,0,raw,chopin_op06_no4,96.0,6.0,7.230769230769231,0.5,0.2565628815628815,0.3076923076923077,0.2794214332675871,1.8461538461538465,5.384615384615385,4.153846153846154,0.7261904761904763,0.876068376068376,0.7930402930402931,5.256410256410256,1.9743589743589745,0.7435897435897436,0.7261904761904763,0.876068376068376,0.7930402930402931,5.256410256410256,1.9743589743589745,0.7435897435897436,0.1531847781847782,0.4576786817171432,0.5773115773115772,0.5201465201465201,0.6512820512820513
B,single,44,0,raw,chopin_op30_no2,166.0,6.0,5.48,0.5,0.7144285714285715,0.6566666666666667,0.6819440559440559,3.94,1.54,2.06,0.9971428571428572,0.91,0.9482797202797202,5.46,0.02,0.54,0.9971428571428572,0.91,0.9482797202797202,5.46,0.02,0.54,0.5074175750621533,0.7911918821918822,0.9233333333333332,0.98,0.88
B,single,44,0,raw,chopin_op30_no3,304.0,15.0,10.01851851851852,0.5,0.7833707444818556,0.5209876543209876,0.6245348922563094,7.814814814814815,2.203703703703704,7.185185185185185,0.7974139543583988,0.5296296296296297,0.6352192722885155,7.944444444444445,2.074074074074074,7.055555555555555,0.807084736251403,0.5358024691358024,0.6427501364860463,8.037037037037036,1.9814814814814812,6.962962962962963,0.4333592586029233,0.6185902362853468,0.1843386463523763,0.2419459141681363,0.1495726495726495
B,single,44,0,raw,chopin_op30_no4,348.0,13.0,12.018181818181818,0.5,0.7998588280406462,0.7342657342657343,0.7633991512805742,9.545454545454543,2.4727272727272727,3.4545454545454546,0.8041091232000324,0.7384615384615384,0.7676079054893284,9.6,2.418181818181818,3.4,0.8041091232000324,0.7384615384615384,0.7676079054893284,9.6,2.418181818181818,3.4,0.5978819377444891,0.6383258182173888,0.4179872907066583,0.4389754185208731,0.4015151515151515
B,single,44,0,B10,chopin_op06_no1,289.0,7.0,12.0,0.5,0.5269607843137255,0.903361344537815,0.6656346749226006,6.323529411764706,5.676470588235294,0.6764705882352942,0.5833333333333334,1.0,0.7368421052631579,7.0,5.0,0.0,0.5833333333333334,1.0,0.7368421052631579,7.0,5.0,0.0,0.4809821852616479,0.7210079342308704,0.2352941176470588,0.1818181818181818,0.3333333333333333
B,single,44,0,B10,chopin_op06_no2,259.0,10.0,11.571428571428571,0.5,0.7624098124098124,0.8809523809523809,0.8167800453514739,8.80952380952381,2.761904761904762,1.1904761904761905,0.7687229437229438,0.8880952380952382,0.8234796949082663,8.880952380952381,2.6904761904761907,1.119047619047619,0.7687229437229438,0.8880952380952382,0.8234796949082663,8.880952380952381,2.6904761904761907,1.119047619047619,0.6765372701086987,0.9216699177524336,0.6553004535147393,0.5973639455782314,0.727891156462585
B,single,44,0,B10,chopin_op06_no3,262.0,12.0,12.928571428571429,0.5,0.5916690452404738,0.6408730158730159,0.6141134469395338,7.690476190476191,5.238095238095238,4.309523809523809,0.6538505145648003,0.7063492063492064,0.6777850624952074,8.476190476190476,4.4523809523809526,3.523809523809524,0.6538505145648003,0.7063492063492064,0.6777850624952074,8.476190476190476,4.4523809523809526,3.523809523809524,0.4013788124815933,0.4949798388056726,0.4359571996054506,0.4125781625781625,0.4642857142857143
B,single,44,0,B10,chopin_op06_no4,96.0,6.0,7.0256410256410255,0.5,0.2547008547008547,0.2948717948717949,0.2724625801548879,1.7692307692307692,5.256410256410256,4.230769230769231,0.7271672771672772,0.8504273504273504,0.781509089201397,5.102564102564102,1.9230769230769231,0.8974358974358975,0.7271672771672772,0.8504273504273504,0.781509089201397,5.102564102564102,1.9230769230769231,0.8974358974358975,0.149280118030118,0.4576786817171432,0.5549339549339549,0.5096459096459096,0.6153846153846154
B,single,44,0,B10,chopin_op30_no2,166.0,6.0,5.52,0.5,0.7073333333333334,0.6566666666666667,0.6796969696969697,3.94,1.58,2.06,1.0,0.92,0.9563636363636364,5.52,0.0,0.48,1.0,0.92,0.9563636363636364,5.52,0.0,0.48,0.5038540829986613,0.7911918821918822,0.9466666666666664,1.0,0.904
B,single,44,0,B10,chopin_op30_no3,304.0,15.0,11.574074074074074,0.5,0.850191989080878,0.6555555555555556,0.7375856819024124,9.833333333333334,1.7407407407407407,5.166666666666667,0.8621477288143955,0.6641975308641975,0.747582591714137,9.962962962962964,1.6111111111111112,5.037037037037037,0.869143613588058,0.6691358024691358,0.7533507672971275,10.037037037037036,1.537037037037037,4.962962962962963,0.5761411735510176,0.6185902362853468,0.3532132923437271,0.4139316444872,0.3105413105413105
B,single,44,0,B10,chopin_op30_no4,348.0,13.0,12.49090909090909,0.5,0.8630499803227076,0.827972027972028,0.8443115210071732,10.763636363636364,1.7272727272727273,2.2363636363636363,0.8786843459570732,0.8433566433566434,0.8598121685078207,10.963636363636365,1.5272727272727271,2.036363636363636,0.8786843459570732,0.8433566433566434,0.8598121685078207,10.963636363636365,1.5272727272727271,2.036363636363636,0.7233371371013039,0.6383258182173888,0.6688218263949489,0.6835876244967154,0.656060606060606
B,single,45,0,raw,chopin_op06_no1,289.0,7.0,11.941176470588236,0.5,0.571301247771836,0.9747899159663866,0.7203302373581011,6.823529411764706,5.117647058823529,0.1764705882352941,0.5811051693404634,0.9915966386554622,0.7327141382868936,6.941176470588236,5.0,0.0588235294117647,0.5811051693404634,0.9915966386554622,0.7327141382868936,6.941176470588236,5.0,0.0588235294117647,0.5589248596576095,0.8222803587361175,0.236159169550173,0.1828877005347593,0.3333333333333333
B,single,45,0,raw,chopin_op06_no2,259.0,10.0,8.30952380952381,0.5,0.968253968253968,0.8,0.8749651907546644,8.0,0.3095238095238095,2.0,0.968253968253968,0.8,0.8749651907546644,8.0,0.3095238095238095,2.0,0.968253968253968,0.8,0.8749651907546644,8.0,0.3095238095238095,2.0,0.7823251823251824,0.9173353981376096,0.6406767835339264,0.751360544217687,0.5612244897959183
B,single,45,0,raw,chopin_op06_no3,262.0,12.0,6.642857142857143,0.5,0.8241685563114135,0.4464285714285714,0.5753793915226909,5.357142857142857,1.2857142857142858,6.642857142857143,0.8241685563114135,0.4464285714285714,0.5753793915226909,5.357142857142857,1.2857142857142858,6.642857142857143,0.8241685563114135,0.4464285714285714,0.5753793915226909,5.357142857142857,1.2857142857142858,6.642857142857143,0.3947405969738758,0.621293976927087,0.0533346672002134,0.0798185941043083,0.0404761904761904
B,single,45,0,raw,chopin_op06_no4,96.0,6.0,6.128205128205129,0.5,0.2485958485958485,0.2564102564102564,0.2510293125677741,1.5384615384615383,4.589743589743589,4.461538461538462,0.8717948717948718,0.8888888888888888,0.8747841901688056,5.333333333333333,0.7948717948717948,0.6666666666666666,0.8717948717948718,0.8888888888888888,0.8747841901688056,5.333333333333333,0.7948717948717948,0.6666666666666666,0.123550061050061,0.4633863259805945,0.6679098679098678,0.6586691086691087,0.6871794871794872
B,single,45,0,raw,chopin_op30_no2,166.0,6.0,5.48,0.5,0.747,0.69,0.7145454545454545,4.14,1.34,1.86,1.0,0.9133333333333332,0.9505454545454544,5.48,0.0,0.52,1.0,0.9133333333333332,0.9505454545454544,5.48,0.0,0.52,0.5497048192771085,0.824491563991564,0.8911111111111112,0.94,0.856
B,single,45,0,raw,chopin_op30_no3,304.0,15.0,9.037037037037036,0.5,0.8109454331676553,0.4876543209876543,0.6077339541832295,7.314814814814815,1.7222222222222223,7.685185185185185,0.8109454331676553,0.4876543209876543,0.6077339541832295,7.314814814814815,1.7222222222222223,7.685185185185185,0.8177576024798248,0.491358024691358,0.6125092433063448,7.37037037037037,1.6666666666666667,7.62962962962963,0.4220045120751748,0.5707552312117886,0.1064276853750538,0.1460170487948265,0.084045584045584
B,single,45,0,raw,chopin_op30_no4,348.0,13.0,8.2,0.5,0.9648484848484848,0.6055944055944056,0.7428561162157999,7.872727272727273,0.3272727272727272,5.127272727272727,0.9648484848484848,0.6055944055944056,0.7428561162157999,7.872727272727273,0.3272727272727272,5.127272727272727,0.9648484848484848,0.6055944055944056,0.7428561162157999,7.872727272727273,0.3272727272727272,5.127272727272727,0.5986962462824532,0.70619279690489,0.3028358775727197,0.4056277056277056,0.2424242424242424
B,single,45,0,B10,chopin_op06_no1,289.0,7.0,12.0,0.5,0.5710784313725491,0.9789915966386554,0.7213622291021671,6.852941176470588,5.147058823529412,0.1470588235294117,0.5833333333333334,1.0,0.7368421052631579,7.0,5.0,0.0,0.5833333333333334,1.0,0.7368421052631579,7.0,5.0,0.0,0.5610830837525322,0.8222803587361175,0.2352941176470588,0.1818181818181818,0.3333333333333333
B,single,45,0,B10,chopin_op06_no2,259.0,10.0,10.261904761904765,0.5,0.8025974025974026,0.8238095238095239,0.8126984126984127,8.238095238095237,2.023809523809524,1.761904761904762,0.8047619047619049,0.8261904761904763,0.8149659863945578,8.261904761904763,2.0,1.738095238095238,0.8047619047619049,0.8261904761904763,0.8149659863945578,8.261904761904763,2.0,1.738095238095238,0.6683611626468771,0.9173353981376096,0.6312925170068027,0.6181972789115646,0.6462585034013605
B,single,45,0,B10,chopin_op06_no3,262.0,12.0,10.0,0.5,0.6664115646258504,0.5496031746031746,0.5999104433396686,6.595238095238095,3.4047619047619047,5.404761904761905,0.6723639455782313,0.5535714285714286,0.6046723481015733,6.642857142857143,3.357142857142857,5.357142857142857,0.6723639455782313,0.5535714285714286,0.6046723481015733,6.642857142857143,3.357142857142857,5.357142857142857,0.3871501550924942,0.621293976927087,0.1662481366815732,0.1890022675736961,0.15
B,single,45,0,B10,chopin_op06_no4,96.0,6.0,5.487179487179487,0.5,0.2786324786324786,0.2564102564102564,0.2658119658119658,1.5384615384615383,3.948717948717949,4.461538461538462,0.9188034188034188,0.8418803418803419,0.8747474747474748,5.051282051282051,0.4358974358974359,0.9487179487179488,0.9188034188034188,0.8418803418803419,0.8747474747474748,5.051282051282051,0.4358974358974359,0.9487179487179488,0.1332264957264957,0.4633863259805945,0.6801994301994302,0.7051282051282052,0.6615384615384615
B,single,45,0,B10,chopin_op30_no2,166.0,6.0,5.68,0.5,0.732,0.7,0.7145454545454545,4.2,1.48,1.8,1.0,0.9466666666666668,0.9709090909090908,5.68,0.0,0.32,1.0,0.9466666666666668,0.9709090909090908,5.68,0.0,0.32,0.5477322623828649,0.824491563991564,0.9644444444444444,1.0,0.936
B,single,45,0,B10,chopin_op30_no3,304.0,15.0,9.796296296296296,0.5,0.8450897867564534,0.5506172839506173,0.665372480742851,8.25925925925926,1.537037037037037,6.7407407407407405,0.8489992517770296,0.5530864197530865,0.6683971721008758,8.296296296296296,1.5,6.703703703703703,0.8508511036288814,0.554320987654321,0.6698786535823573,8.314814814814815,1.4814814814814814,6.685185185185185,0.4885215376638378,0.5707552312117886,0.2224369296833064,0.2953336272780717,0.1794871794871795
B,single,45,0,B10,chopin_op30_no4,348.0,13.0,10.181818181818182,0.5,0.8878145087235997,0.6923076923076924,0.7759948667932858,9.0,1.181818181818182,4.0,0.9386134067952248,0.7328671328671329,0.8209899560255292,9.527272727272727,0.6545454545454545,3.4727272727272727,0.9386134067952248,0.7328671328671329,0.8209899560255292,9.527272727272727,0.6545454545454545,3.4727272727272727,0.6282456832613572,0.70619279690489,0.5206492335762151,0.6008015217106126,0.4621212121212121
B,ensemble,-1,0,raw,chopin_op06_no1,289.0,7.0,12.0,0.5,0.5808823529411765,0.995798319327731,0.7337461300309597,6.970588235294118,5.029411764705882,0.0294117647058823,0.5833333333333334,1.0,0.7368421052631579,7.0,5.0,0.0,0.5833333333333334,1.0,0.7368421052631579,7.0,5.0,0.0,0.5788832834171731,0.7602458819123425,0.2352941176470588,0.1818181818181818,0.3333333333333333
B,ensemble,-1,0,raw,chopin_op06_no2,259.0,10.0,10.452380952380953,0.5,0.773027898027898,0.8023809523809524,0.7858914964178122,8.023809523809524,2.4285714285714284,1.9761904761904765,0.773027898027898,0.8023809523809524,0.7858914964178122,8.023809523809524,2.4285714285714284,1.9761904761904765,0.773027898027898,0.8023809523809524,0.7858914964178122,8.023809523809524,2.4285714285714284,1.9761904761904765,0.6278381117666832,0.898841282437311,0.4853130995988138,0.4787603930461073,0.4965986394557823
B,ensemble,-1,0,raw,chopin_op06_no3,262.0,12.0,6.190476190476191,0.5,0.8912698412698412,0.4543650793650793,0.5983570036201614,5.4523809523809526,0.7380952380952381,6.547619047619048,0.9156746031746033,0.4662698412698413,0.6142767048339804,5.595238095238095,0.5952380952380952,6.404761904761905,0.9156746031746033,0.4662698412698413,0.6142767048339804,5.595238095238095,0.5952380952380952,6.404761904761905,0.4324124921385009,0.6396749296669192,0.0797335600907029,0.1222222222222222,0.0595238095238095
B,ensemble,-1,0,raw,chopin_op06_no4,96.0,6.0,7.128205128205129,0.5,0.1843101343101343,0.2222222222222222,0.2008205469743931,1.3333333333333333,5.794871794871795,4.666666666666667,0.7659340659340659,0.905982905982906,0.827326519634212,5.435897435897436,1.6923076923076923,0.5641025641025641,0.7659340659340659,0.905982905982906,0.827326519634212,5.435897435897436,1.6923076923076923,0.5641025641025641,0.1058353683353683,0.470729008436399,0.6255374255374255,0.5717948717948718,0.6974358974358974
B,ensemble,-1,0,raw,chopin_op30_no2,166.0,6.0,5.44,0.5,0.6313333333333333,0.5766666666666667,0.6007878787878788,3.46,1.98,2.54,1.0,0.9066666666666668,0.948,5.44,0.0,0.56,1.0,0.9066666666666668,0.948,5.44,0.0,0.56,0.3946345381526104,0.7620352147852149,0.9211111111111112,0.98,0.8760000000000001
B,ensemble,-1,0,raw,chopin_op30_no3,304.0,15.0,9.074074074074074,0.5,0.8594042274597831,0.5185185185185185,0.6460846855774391,7.777777777777778,1.2962962962962965,7.222222222222222,0.8614618406285073,0.519753086419753,0.6476278954539824,7.796296296296297,1.2777777777777777,7.203703703703703,0.8696922933034044,0.5246913580246914,0.6538007349601552,7.87037037037037,1.2037037037037035,7.12962962962963,0.469743405464653,0.6280015091214309,0.1838645435136663,0.2602880658436214,0.1424501424501424
B,ensemble,-1,0,raw,chopin_op30_no4,348.0,13.0,8.836363636363636,0.5,0.8772786304604486,0.5958041958041957,0.7083467652242356,7.745454545454545,1.0909090909090908,5.254545454545455,0.8772786304604486,0.5958041958041957,0.7083467652242356,7.745454545454545,1.0909090909090908,5.254545454545455,0.8772786304604486,0.5958041958041957,0.7083467652242356,7.745454545454545,1.0909090909090908,5.254545454545455,0.5381114583779161,0.7246082668109902,0.2734921325351947,0.3452453102453102,0.2272727272727272
B,ensemble,-1,0,B10,chopin_op06_no1,289.0,7.0,12.0,0.5,0.5808823529411765,0.995798319327731,0.7337461300309597,6.970588235294118,5.029411764705882,0.0294117647058823,0.5833333333333334,1.0,0.7368421052631579,7.0,5.0,0.0,0.5833333333333334,1.0,0.7368421052631579,7.0,5.0,0.0,0.5788832834171731,0.7602458819123425,0.2352941176470588,0.1818181818181818,0.3333333333333333
B,ensemble,-1,0,B10,chopin_op06_no2,259.0,10.0,10.952380952380953,0.5,0.7965367965367965,0.8714285714285714,0.831581117295403,8.714285714285714,2.238095238095238,1.2857142857142858,0.7965367965367965,0.8714285714285714,0.831581117295403,8.714285714285714,2.238095238095238,1.2857142857142858,0.7965367965367965,0.8714285714285714,0.831581117295403,8.714285714285714,2.238095238095238,1.2857142857142858,0.6993364421935852,0.898841282437311,0.6931972789115646,0.652588813303099,0.7414965986394557
B,ensemble,-1,0,B10,chopin_op06_no3,262.0,12.0,9.452380952380953,0.5,0.84683312719027,0.6626984126984127,0.7402574052296184,7.952380952380952,1.5,4.047619047619048,0.8619124922696351,0.6746031746031745,0.7535536328115603,8.095238095238095,1.3571428571428572,3.9047619047619047,0.8619124922696351,0.6746031746031745,0.7535536328115603,8.095238095238095,1.3571428571428572,3.9047619047619047,0.585694395378374,0.6396749296669192,0.4450826821956852,0.5174225245653817,0.3952380952380951
B,ensemble,-1,0,B10,chopin_op06_no4,96.0,6.0,6.102564102564102,0.5,0.2112332112332112,0.2136752136752136,0.2114099575638037,1.2820512820512822,4.82051282051282,4.717948717948718,0.8511599511599511,0.8675213675213675,0.8562369254676947,5.205128205128205,0.8974358974358975,0.7948717948717948,0.8511599511599511,0.8675213675213675,0.8562369254676947,5.205128205128205,0.8974358974358975,0.7948717948717948,0.110989010989011,0.470729008436399,0.6417378917378918,0.6324786324786325,0.6564102564102564
B,ensemble,-1,0,B10,chopin_op30_no2,166.0,6.0,5.5,0.5,0.6233333333333333,0.5766666666666667,0.5978787878787879,3.46,2.04,2.54,1.0,0.9166666666666669,0.9545454545454546,5.5,0.0,0.5,1.0,0.9166666666666669,0.9545454545454546,5.5,0.0,0.5,0.3909678714859437,0.7620352147852149,0.9444444444444444,1.0,0.9
B,ensemble,-1,0,B10,chopin_op30_no3,304.0,15.0,11.12962962962963,0.5,0.8810816755261199,0.6543209876543209,0.7482087537834664,9.814814814814817,1.3148148148148149,5.185185185185185,0.8826248854026632,0.6555555555555556,0.7495804958959492,9.833333333333334,1.2962962962962965,5.166666666666667,0.888797724908836,0.6592592592592593,0.7542101255255789,9.88888888888889,1.2407407407407407,5.111111111111111,0.5955100657049974,0.6280015091214309,0.3460896055098953,0.4149677996900219,0.2991452991452991
B,ensemble,-1,0,B10,chopin_op30_no4,348.0,13.0,11.49090909090909,0.5,0.9095775941230486,0.8041958041958043,0.8528068032099653,10.454545454545457,1.0363636363636364,2.5454545454545454,0.9126078971533516,0.806993006993007,0.8557158941190562,10.49090909090909,1.0,2.5090909090909093,0.9126078971533516,0.806993006993007,0.8557158941190562,10.49090909090909,1.0,2.5090909090909093,0.7392118191804711,0.7246082668109902,0.6226097222935167,0.665,0.5863636363636363
U,single,42,1,raw,chopin_op07_no1,276.0,9.0,11.048780487804878,0.5,0.7149601076430345,0.8699186991869918,0.78295035445228,7.829268292682927,3.2195121951219514,1.170731707317073,0.8227102166126556,1.0,0.9005151459580214,9.0,2.048780487804878,0.0,0.8227102166126556,1.0,0.9005151459580214,9.0,2.048780487804878,0.0,0.627596656122637,0.7534874726828339,0.6717888695914822,0.6135624538063562,0.7469512195121951
U,single,42,1,raw,chopin_op07_no2,336.0,14.0,9.857142857142858,0.5,0.9948051948051948,0.7,0.8203741765480896,9.8,0.0571428571428571,4.2,0.9948051948051948,0.7,0.8203741765480896,9.8,0.0571428571428571,4.2,0.9948051948051948,0.7,0.8203741765480896,9.8,0.0571428571428571,4.2,0.7087894248608534,0.8552066532032518,0.4541822087686749,0.5622562358276644,0.3824175824175824
U,single,42,1,raw,chopin_op07_no3,276.0,11.0,10.689655172413794,0.5,0.6210966236828305,0.5987460815047022,0.6076687704222621,6.586206896551724,4.103448275862069,4.413793103448276,0.7887243503622814,0.7601880877742947,0.7715289826037084,8.362068965517242,2.327586206896552,2.6379310344827585,0.7887243503622814,0.7601880877742947,0.7715289826037084,8.362068965517242,2.327586206896552,2.6379310344827585,0.3914962802859763,0.6741959615011542,0.4692184488050294,0.4824271035477932,0.4603448275862069
U,single,42,1,raw,chopin_op67_no1,156.0,7.0,8.085714285714285,0.5,0.3480199958771387,0.4,0.3665472666799513,2.8,5.285714285714286,4.2,0.4790898783755926,0.5428571428571428,0.5012775771577187,3.8,4.285714285714286,3.2,0.4790898783755926,0.5428571428571428,0.5012775771577187,3.8,4.285714285714286,3.2,0.1778517514231799,0.4974709131617111,0.1705803160425009,0.167620078334364,0.1809523809523809
U,single,42,1,raw,chopin_op67_no2,192.0,7.0,4.967741935483871,0.5,0.5268817204301075,0.3732718894009216,0.4319873674712384,2.6129032258064515,2.3548387096774195,4.387096774193548,0.6277265745007681,0.4423963133640552,0.5131653292943615,3.096774193548387,1.870967741935484,3.903225806451613,0.6277265745007681,0.4423963133640552,0.5131653292943615,3.096774193548387,1.870967741935484,3.903225806451613,0.252671713846829,0.4175991951816132,0.2980123818833496,0.3602150537634408,0.2580645161290322
U,single,42,1,raw,chopin_op67_no3,145.0,6.0,5.75,0.5,0.6802380952380952,0.6541666666666666,0.6644308469308469,3.925,1.825,2.075,0.9878571428571428,0.9458333333333334,0.961911421911422,5.675,0.075,0.325,0.9878571428571428,0.9458333333333334,0.961911421911422,5.675,0.075,0.325,0.4705801860974275,0.7235416666666666,0.912950937950938,0.9354166666666666,0.9
U,single,42,1,raw,chopin_op67_no4,288.0,9.0,14.976190476190476,0.5,0.5930613912231559,0.9814814814814816,0.7385470085470085,8.833333333333334,6.142857142857143,0.1666666666666666,0.6024009603841536,0.9973544973544972,0.7502999416042895,8.976190476190476,6.0,0.0238095238095238,0.6024009603841536,0.9973544973544972,0.7502999416042895,8.976190476190476,6.0,0.0238095238095238,0.5843461921805759,0.8535731165068522,0.4311332042698502,0.3405612886180112,0.5892857142857143
U,single,42,1,B10,chopin_op07_no1,276.0,9.0,12.390243902439025,0.5,0.6458117762995812,0.8699186991869918,0.7373039309607932,7.829268292682927,4.560975609756097,1.170731707317073,0.74214565921883,1.0,0.8473933556536671,9.0,3.3902439024390243,0.0,0.74214565921883,1.0,0.8473933556536671,9.0,3.3902439024390243,0.0,0.5679233123029517,0.7534874726828339,0.4993570836355703,0.4436265631387582,0.5792682926829268
U,single,42,1,B10,chopin_op07_no2,336.0,14.0,12.4,0.5,0.960295656724228,0.8448979591836734,0.8976138468355218,11.82857142857143,0.5714285714285714,2.1714285714285717,0.9833333333333332,0.8673469387755102,0.9203198181129216,12.142857142857142,0.2571428571428571,1.8571428571428568,0.9833333333333332,0.8673469387755102,0.9203198181129216,12.142857142857142,0.2571428571428571,1.8571428571428568,0.8202194064438962,0.8552066532032518,0.7580311485156206,0.8129973201401773,0.7120879120879121
U,single,42,1,B10,chopin_op07_no3,276.0,11.0,12.241379310344827,0.5,0.6085759068517689,0.6724137931034483,0.6373877921179271,7.396551724137931,4.844827586206897,3.603448275862069,0.8009246500625811,0.884012539184953,0.8384706572787531,9.724137931034482,2.5172413793103448,1.2758620689655171,0.8009246500625811,0.884012539184953,0.8384706572787531,9.724137931034482,2.5172413793103448,1.2758620689655171,0.4240203994361007,0.6741959615011542,0.6086764375843521,0.5806320116664945,0.643103448275862
U,single,42,1,B10,chopin_op67_no1,156.0,7.0,9.028571428571428,0.5,0.3584034219748505,0.4693877551020408,0.4049173002534347,3.2857142857142856,5.742857142857143,3.7142857142857135,0.4712069676355391,0.6122448979591836,0.5303954915299453,4.285714285714286,4.742857142857143,2.7142857142857144,0.4712069676355391,0.6122448979591836,0.5303954915299453,4.285714285714286,4.742857142857143,2.7142857142857144,0.2083951762523191,0.4974709131617111,0.173189429618001,0.1538208616780045,0.2
U,single,42,1,B10,chopin_op67_no2,192.0,7.0,6.580645161290323,0.5,0.5702764976958525,0.5299539170506912,0.5481507739572256,3.7096774193548394,2.870967741935484,3.290322580645161,0.7031490015360983,0.6543778801843317,0.6763086375989602,4.580645161290323,2.0,2.419354838709677,0.7031490015360983,0.6543778801843317,0.6763086375989602,4.580645161290323,2.0,2.419354838709677,0.327044930875576,0.4175991951816132,0.599894728926987,0.6307219662058372,0.575268817204301
U,single,42,1,B10,chopin_op67_no3,145.0,6.0,6.05,0.5,0.7003571428571428,0.7041666666666666,0.7018356643356644,4.225,1.825,1.775,0.9892857142857142,0.9958333333333332,0.991958041958042,5.975,0.075,0.025,0.9892857142857142,0.9958333333333332,0.991958041958042,5.975,0.075,0.025,0.5117850301039957,0.7235416666666666,0.9767676767676768,0.975,0.98
U,single,42,1,B10,chopin_op67_no4,288.0,9.0,13.214285714285714,0.5,0.6732600732600732,0.9841269841269842,0.7987080207577102,8.857142857142858,4.357142857142857,0.1428571428571428,0.6839874411302983,1.0,0.8115068161652013,9.0,4.214285714285714,0.0,0.6839874411302983,1.0,0.8115068161652013,9.0,4.214285714285714,0.0,0.6642206668992383,0.8535731165068522,0.6363229502327247,0.5290443683300826,0.8005952380952381
U,single,43,1,raw,chopin_op07_no1,276.0,9.0,11.048780487804878,0.5,0.5392461197339247,0.6504065040650406,0.5871713652201457,5.853658536585366,5.195121951219512,3.1463414634146343,0.8288418898174995,1.0,0.9025448877181868,9.0,2.048780487804878,0.0,0.8288418898174995,1.0,0.9025448877181868,9.0,2.048780487804878,0.0,0.3678896395227254,0.7154637893660397,0.6794796870006414,0.6285397529299969,0.7469512195121951
U,single,43,1,raw,chopin_op07_no2,336.0,14.0,14.228571428571428,0.5,0.7990688489848153,0.8061224489795917,0.8002406155944214,11.285714285714286,2.942857142857143,2.7142857142857144,0.8043466267625932,0.8122448979591836,0.8059015351346512,11.371428571428572,2.857142857142857,2.628571428571429,0.8043466267625932,0.8122448979591836,0.8059015351346512,11.371428571428572,2.857142857142857,2.628571428571429,0.653681953967068,0.8487291703531278,0.4868638883070239,0.4864493699577734,0.4901098901098901
U,single,43,1,raw,chopin_op07_no3,276.0,11.0,13.310344827586206,0.5,0.4748296286201966,0.567398119122257,0.5147280178314662,6.241379310344827,7.068965517241379,4.758620689655173,0.650276223945088,0.7758620689655172,0.7045019817208723,8.53448275862069,4.775862068965517,2.4655172413793105,0.650276223945088,0.7758620689655172,0.7045019817208723,8.53448275862069,4.775862068965517,2.4655172413793105,0.290093608140584,0.6466596109697421,0.342052422314002,0.3166533657912968,0.3758620689655172
U,single,43,1,raw,chopin_op67_no1,156.0,7.0,11.6,0.5,0.3853758939473225,0.6326530612244898,0.4772097196135232,4.428571428571429,7.171428571428572,2.571428571428572,0.4729573601002173,0.7755102040816326,0.585388126542483,5.428571428571429,6.171428571428572,1.5714285714285714,0.4729573601002173,0.7755102040816326,0.585388126542483,5.428571428571429,6.171428571428572,1.5714285714285714,0.2640016219608056,0.3281146634621338,0.1045814817154932,0.0847663447663447,0.138095238095238
U,single,43,1,raw,chopin_op67_no2,192.0,7.0,6.67741935483871,0.5,0.3586405529953916,0.3410138248847926,0.3452730065633291,2.3870967741935485,4.290322580645161,4.612903225806452,0.5836533538146441,0.5529953917050691,0.5612970362970363,3.870967741935484,2.806451612903226,3.129032258064516,0.5836533538146441,0.5529953917050691,0.5612970362970363,3.870967741935484,2.806451612903226,3.129032258064516,0.1591454995976885,0.4096030326824579,0.3136147007114748,0.3182027649769585,0.3172043010752687
U,single,43,1,raw,chopin_op67_no3,145.0,6.0,5.825,0.5,0.6403571428571428,0.625,0.6309265734265734,3.75,2.075,2.25,0.9792857142857144,0.95,0.9615034965034964,5.7,0.125,0.3,0.9792857142857144,0.95,0.9615034965034964,5.7,0.125,0.3,0.4217275588396278,0.6458426295926296,0.9156565656565656,0.9333333333333332,0.905
U,single,43,1,raw,chopin_op67_no4,288.0,9.0,15.523809523809524,0.5,0.5230975723622782,0.902116402116402,0.6615031586770718,8.119047619047619,7.404761904761905,0.8809523809523809,0.5278736494597839,0.91005291005291,0.6674624409407018,8.19047619047619,7.333333333333333,0.8095238095238095,0.5278736494597839,0.91005291005291,0.6674624409407018,8.19047619047619,7.333333333333333,0.8095238095238095,0.4784471659033983,0.6167198187000005,0.3668548842461885,0.2845320179353792,0.5178571428571429
U,single,43,1,B10,chopin_op07_no1,276.0,9.0,12.51219512195122,0.5,0.479503787699627,0.6504065040650406,0.548836115420365,5.853658536585366,6.658536585365853,3.1463414634146343,0.7365674855990495,1.0,0.8434480142840917,9.0,3.5121951219512195,0.0,0.7365674855990495,1.0,0.8434480142840917,9.0,3.5121951219512195,0.0,0.3284423042181447,0.7154637893660397,0.4840056231334314,0.429440478220966,0.5609756097560976
U,single,43,1,B10,chopin_op07_no2,336.0,14.0,13.342857142857143,0.5,0.8964573521716379,0.8510204081632653,0.8722760545420644,11.914285714285716,1.4285714285714286,2.085714285714286,0.9921088435374148,0.9448979591836734,0.9669960763556822,13.228571428571428,0.1142857142857142,0.7714285714285715,0.9921088435374148,0.9448979591836734,0.9669960763556822,13.228571428571428,0.1142857142857142,0.7714285714285715,0.7695217537564475,0.8487291703531278,0.8973992673992673,0.920831549402978,0.8769230769230769
U,single,43,1,B10,chopin_op07_no3,276.0,11.0,12.93103448275862,0.5,0.5916819531043669,0.6896551724137931,0.635515569720967,7.586206896551724,5.344827586206897,3.413793103448276,0.7923600106789762,0.9231974921630094,0.8509005442888502,10.155172413793103,2.7758620689655173,0.8448275862068966,0.7923600106789762,0.9231974921630094,0.8509005442888502,10.155172413793103,2.7758620689655173,0.8448275862068966,0.4246389579367977,0.6466596109697421,0.5970506954315049,0.554540287298908,0.65
U,single,43,1,B10,chopin_op67_no1,156.0,7.0,10.771428571428572,0.5,0.3925807525807526,0.6040816326530613,0.4742790800530738,4.228571428571429,6.542857142857143,2.771428571428572,0.4868986568986569,0.746938775510204,0.5874529460907171,5.228571428571429,5.542857142857143,1.7714285714285714,0.4868986568986569,0.746938775510204,0.5874529460907171,5.228571428571429,5.542857142857143,1.7714285714285714,0.2610927168070025,0.3281146634621338,0.1058660387231815,0.0882426303854875,0.1333333333333333
U,single,43,1,B10,chopin_op67_no2,192.0,7.0,7.258064516129032,0.5,0.4606374807987711,0.4700460829493088,0.4628707314191185,3.290322580645161,3.967741935483871,3.7096774193548394,0.6932283666154634,0.7050691244239632,0.6955098664776084,4.935483870967742,2.3225806451612905,2.064516129032258,0.6932283666154634,0.7050691244239632,0.6955098664776084,4.935483870967742,2.3225806451612905,2.064516129032258,0.2451368316143661,0.4096030326824579,0.5668417603901474,0.5715821812596006,0.5698924731182796
U,single,43,1,B10,chopin_op67_no3,145.0,6.0,5.925,0.5,0.6658333333333333,0.6583333333333333,0.6617424242424242,3.95,1.975,2.05,1.0,0.9875,0.9931818181818182,5.925,0.0,0.075,1.0,0.9875,0.9931818181818182,5.925,0.0,0.075,0.4539990421455939,0.6458426295926296,0.9916666666666666,1.0,0.985
U,single,43,1,B10,chopin_op67_no4,288.0,9.0,14.857142857142858,0.5,0.5980773078462155,0.9841269841269842,0.7433421650812955,8.857142857142858,6.0,0.1428571428571428,0.6030834128523205,0.992063492063492,0.7494749212140517,8.928571428571429,5.928571428571429,0.0714285714285714,0.6030834128523205,0.992063492063492,0.7494749212140517,8.928571428571429,5.928571428571429,0.0714285714285714,0.5904197647720056,0.6167198187000005,0.5410401710091151,0.4287207831850689,0.7351190476190477
U,single,44,1,raw,chopin_op07_no1,276.0,9.0,10.707317073170731,0.5,0.5312051092538898,0.6287262872628726,0.574554337236509,5.658536585365853,5.048780487804878,3.341463414634146,0.8183111603843312,0.967479674796748,0.884551570657438,8.707317073170731,2.0,0.2926829268292683,0.8183111603843312,0.967479674796748,0.884551570657438,8.707317073170731,2.0,0.2926829268292683,0.3578520931825986,0.68909107698874,0.633191539345734,0.5819484038996234,0.698170731707317
U,single,44,1,raw,chopin_op07_no2,336.0,14.0,18.085714285714285,0.5,0.5277570137366687,0.6673469387755102,0.5859478127225461,9.342857142857143,8.742857142857142,4.6571428571428575,0.6851787576765463,0.8693877551020408,0.761905568161529,12.17142857142857,5.914285714285715,1.8285714285714283,0.6882698186623442,0.8734693877551021,0.765422884178845,12.228571428571428,5.857142857142857,1.7714285714285714,0.3750683248043771,0.6866080918780555,0.4260551332679608,0.3868806851603998,0.4813186813186813
U,single,44,1,raw,chopin_op07_no3,276.0,11.0,10.724137931034482,0.5,0.5814718806098116,0.5626959247648903,0.5689867779712331,6.189655172413793,4.5344827586206895,4.810344827586207,0.694732949043294,0.6755485893416927,0.6814518105494984,7.431034482758621,3.293103448275862,3.5689655172413794,0.694732949043294,0.6755485893416927,0.6814518105494984,7.431034482758621,3.293103448275862,3.5689655172413794,0.3507004251484284,0.6559661484015431,0.1932865171826186,0.1959151959151959,0.193103448275862
U,single,44,1,raw,chopin_op67_no1,156.0,7.0,6.514285714285714,0.5,0.4941051805337519,0.4653061224489795,0.4665299779585494,3.257142857142857,3.257142857142857,3.742857142857143,0.6194463473034902,0.5673469387755102,0.5758227486798916,3.971428571428572,2.5428571428571427,3.0285714285714285,0.6194463473034902,0.5673469387755102,0.5758227486798916,3.971428571428572,2.5428571428571427,3.0285714285714285,0.269742604334441,0.555959473941767,0.2316879945451374,0.2480612244897959,0.2285714285714285
U,single,44,1,raw,chopin_op67_no2,192.0,7.0,8.193548387096774,0.5,0.470575571382023,0.5299539170506912,0.4923584424608093,3.7096774193548394,4.483870967741935,3.290322580645161,0.516133687101429,0.5852534562211982,0.54219127882116,4.096774193548387,4.096774193548387,2.903225806451613,0.516133687101429,0.5852534562211982,0.54219127882116,4.096774193548387,4.096774193548387,2.903225806451613,0.2720095540660057,0.4298943346703227,0.3919790414097814,0.3754631569147698,0.4247311827956989
U,single,44,1,raw,chopin_op67_no3,145.0,6.0,5.175,0.5,0.6983333333333334,0.6083333333333333,0.6385227272727272,3.65,1.525,2.35,1.0,0.8625,0.9074242424242424,5.175,0.0,0.825,1.0,0.8625,0.9074242424242424,5.175,0.0,0.825,0.4542624521072797,0.7679732367863088,0.8177579365079366,0.9041666666666666,0.7849999999999999
U,single,44,1,raw,chopin_op67_no4,288.0,9.0,11.071428571428571,0.5,0.3946439803582661,0.4841269841269841,0.4330348771734845,4.357142857142857,6.714285714285714,4.642857142857143,0.6337153587153587,0.7698412698412699,0.6924034032631613,6.928571428571429,4.142857142857143,2.071428571428572,0.6356994856994858,0.7724867724867724,0.6946709769593065,6.9523809523809526,4.119047619047619,2.0476190476190474,0.2264416928603436,0.5970260991245782,0.3650973369261256,0.3313903688903689,0.4107142857142857
U,single,44,1,B10,chopin_op07_no1,276.0,9.0,11.585365853658535,0.5,0.5086092769019598,0.6476964769647697,0.5676464007797378,5.829268292682927,5.7560975609756095,3.1707317073170733,0.7794449452986039,0.9864498644986448,0.8675248204382546,8.878048780487806,2.707317073170732,0.1219512195121951,0.7794449452986039,0.9864498644986448,0.8675248204382546,8.878048780487806,2.707317073170732,0.1219512195121951,0.350920481532005,0.68909107698874,0.5926199024364092,0.5346373139056065,0.6707317073170732
U,single,44,1,B10,chopin_op07_no2,336.0,14.0,15.457142857142856,0.5,0.6306885237225794,0.6897959183673469,0.657417727598484,9.657142857142857,5.8,4.342857142857143,0.8572900347723434,0.9387755102040818,0.8942349158454355,13.142857142857142,2.3142857142857145,0.8571428571428571,0.8572900347723434,0.9387755102040818,0.8942349158454355,13.142857142857142,2.3142857142857145,0.8571428571428571,0.4596292446031815,0.6866080918780555,0.7415746939525741,0.7115073278728741,0.778021978021978
U,single,44,1,B10,chopin_op07_no3,276.0,11.0,14.155172413793103,0.5,0.601777245742763,0.7695924764890283,0.6743517246815598,8.46551724137931,5.689655172413793,2.534482758620689,0.7512738698083525,0.962382445141066,0.8425261999924668,10.586206896551724,3.5689655172413794,0.4137931034482758,0.7512738698083525,0.962382445141066,0.8425261999924668,10.586206896551724,3.5689655172413794,0.4137931034482758,0.476208281292103,0.6559661484015431,0.5333463463073658,0.4732161516644275,0.6137931034482759
U,single,44,1,B10,chopin_op67_no1,156.0,7.0,7.514285714285714,0.5,0.4969160997732426,0.5306122448979591,0.5116740542370793,3.7142857142857135,3.8,3.2857142857142856,0.6047619047619048,0.6448979591836734,0.6223561732385262,4.514285714285714,3.0,2.4857142857142858,0.6047619047619048,0.6448979591836734,0.6223561732385262,4.514285714285714,3.0,2.4857142857142858,0.3002848172235927,0.555959473941767,0.334045954045954,0.3276303854875283,0.3428571428571428
U,single,44,1,B10,chopin_op67_no2,192.0,7.0,8.516129032258064,0.5,0.4650921658986175,0.5622119815668202,0.5081187313635132,3.935483870967742,4.580645161290323,3.064516129032258,0.5471966205837174,0.6589861751152073,0.5967380500587331,4.612903225806452,3.903225806451613,2.3870967741935485,0.5471966205837174,0.6589861751152073,0.5967380500587331,4.612903225806452,3.903225806451613,2.3870967741935485,0.2827246086606685,0.4298943346703227,0.5002245066761196,0.4544930875576036,0.5591397849462365
U,single,44,1,B10,chopin_op67_no3,145.0,6.0,5.975,0.5,0.7075,0.7041666666666666,0.7056818181818182,4.225,1.75,1.775,0.9875,0.9833333333333334,0.9852272727272726,5.9,0.075,0.1,0.9875,0.9833333333333334,0.9852272727272726,5.9,0.075,0.1,0.5179358237547893,0.7679732367863088,0.9822222222222224,0.985,0.98
U,single,44,1,B10,chopin_op67_no4,288.0,9.0,11.214285714285714,0.5,0.4992784992784992,0.6243386243386243,0.5546485260770975,5.619047619047619,5.595238095238095,3.380952380952381,0.7321428571428571,0.9126984126984126,0.8122448979591836,8.214285714285714,3.0,0.7857142857142857,0.7321428571428571,0.9126984126984126,0.8122448979591836,8.214285714285714,3.0,0.7857142857142857,0.335813492063492,0.5970260991245782,0.6790587580061264,0.6054112554112554,0.7738095238095238
U,single,45,1,raw,chopin_op07_no1,276.0,9.0,9.731707317073171,0.5,0.6501174976784733,0.6937669376693767,0.6696862259121565,6.243902439024391,3.4878048780487805,2.756097560975609,0.9346239126726932,1.0,0.9638214160678858,9.0,0.7317073170731707,0.0,0.9346239126726932,1.0,0.9638214160678858,9.0,0.7317073170731707,0.0,0.4703246035872405,0.6615424242633505,0.879523773565909,0.8563192904656319,0.9085365853658536
U,single,45,1,raw,chopin_op07_no2,336.0,14.0,13.114285714285714,0.5,0.7755883192437814,0.7183673469387755,0.7429028713869013,10.057142857142855,3.057142857142857,3.942857142857143,0.7890956452511074,0.7326530612244898,0.7567762521568338,10.257142857142858,2.857142857142857,3.742857142857143,0.7890956452511074,0.7326530612244898,0.7567762521568338,10.257142857142858,2.857142857142857,3.742857142857143,0.5685734893357942,0.786234681103156,0.3860301471768595,0.4033181501038643,0.3736263736263737
U,single,45,1,raw,chopin_op07_no3,276.0,11.0,9.155172413793103,0.5,0.6637744439468577,0.5391849529780564,0.5895359200568051,5.931034482758621,3.2241379310344827,5.068965517241379,0.7593135791411654,0.6222570532915361,0.6777333258504438,6.844827586206897,2.310344827586207,4.155172413793103,0.7614687515549585,0.6238244514106582,0.6795482078831117,6.862068965517241,2.293103448275862,4.137931034482759,0.3791211537088598,0.6447762660073061,0.3357602508638059,0.3909949246156142,0.3
U,single,45,1,raw,chopin_op67_no1,156.0,7.0,5.942857142857143,0.5,0.637437641723356,0.5387755102040817,0.575449074734789,3.7714285714285714,2.1714285714285717,3.2285714285714286,0.8181632653061225,0.6816326530612246,0.7320826792255364,4.771428571428571,1.1714285714285717,2.2285714285714286,0.8181632653061225,0.6816326530612246,0.7320826792255364,4.771428571428571,1.1714285714285717,2.2285714285714286,0.3796237322767934,0.6082159271867962,0.5049808921237493,0.5717687074829932,0.4666666666666666
U,single,45,1,raw,chopin_op67_no2,192.0,7.0,6.225806451612903,0.5,0.2153097798259088,0.184331797235023,0.1953073176033327,1.2903225806451613,4.935483870967742,5.709677419354839,0.5295826932923707,0.4700460829493088,0.4895354171445253,3.290322580645161,2.935483870967742,3.7096774193548394,0.5295826932923707,0.4700460829493088,0.4895354171445253,3.290322580645161,2.935483870967742,3.7096774193548394,0.0751990984565869,0.3457135773948683,0.187459851975981,0.1969150025601638,0.1881720430107527
U,single,45,1,raw,chopin_op67_no3,145.0,6.0,5.4,0.5,0.7329166666666667,0.6541666666666666,0.6882575757575757,3.925,1.475,2.075,1.0,0.9,0.943181818181818,5.4,0.0,0.6,1.0,0.9,0.943181818181818,5.4,0.0,0.6,0.4949353448275862,0.8813017075517076,0.8458333333333334,0.9041666666666666,0.805
U,single,45,1,raw,chopin_op67_no4,288.0,9.0,13.452380952380953,0.5,0.5704658320204539,0.8492063492063492,0.6807571758813994,7.642857142857143,5.809523809523809,1.3571428571428572,0.6056470198802132,0.902116402116402,0.7229352565998529,8.119047619047619,5.333333333333333,0.8809523809523809,0.6056470198802132,0.902116402116402,0.7229352565998529,8.119047619047619,5.333333333333333,0.8809523809523809,0.4947271031567249,0.7026857924279472,0.4130327583498555,0.3400162337662338,0.5297619047619048
U,single,45,1,B10,chopin_op07_no1,276.0,9.0,9.707317073170731,0.5,0.6494016823285116,0.6937669376693767,0.6689731575315099,6.243902439024391,3.463414634146341,2.756097560975609,0.937852391510928,1.0,0.9653928033232604,9.0,0.7073170731707317,0.0,0.937852391510928,1.0,0.9653928033232604,9.0,0.7073170731707317,0.0,0.4675457804832141,0.6615424242633505,0.8848663984207289,0.8635738245494343,0.9115853658536586
U,single,45,1,B10,chopin_op07_no2,336.0,14.0,15.742857142857142,0.5,0.7003321328531412,0.7836734693877551,0.7388806913199095,10.971428571428572,4.771428571428571,3.0285714285714285,0.8120978391356543,0.9102040816326532,0.8574697509704661,12.742857142857142,3.0,1.2571428571428571,0.8120978391356543,0.9102040816326532,0.8574697509704661,12.742857142857142,3.0,1.2571428571428571,0.5628495683987881,0.786234681103156,0.689508812661522,0.6514769754055468,0.7340659340659341
U,single,45,1,B10,chopin_op07_no3,276.0,11.0,11.844827586206897,0.5,0.6314366667814943,0.6739811912225706,0.6499783574746093,7.413793103448276,4.431034482758621,3.586206896551724,0.8102443533478016,0.8636363636363636,0.8335311989359965,9.5,2.3448275862068964,1.5,0.8130432785605199,0.8667711598746082,0.8364779073999464,9.53448275862069,2.310344827586207,1.4655172413793105,0.4416442934195422,0.6447762660073061,0.5600333889787847,0.5471350488591867,0.5775862068965517
U,single,45,1,B10,chopin_op67_no1,156.0,7.0,7.8,0.5,0.5390136054421769,0.6,0.5652870378920799,4.2,3.6,2.8,0.6695238095238095,0.7428571428571429,0.7011010558069382,5.2,2.6,1.8,0.6695238095238095,0.7428571428571429,0.7011010558069382,5.2,2.6,1.8,0.359203981959084,0.6082159271867962,0.42861519432948,0.4114965986394557,0.4523809523809523
U,single,45,1,B10,chopin_op67_no2,192.0,7.0,8.0,0.5,0.2859703020993344,0.3271889400921658,0.3040633623176317,2.290322580645161,5.709677419354839,4.709677419354839,0.6535074244751664,0.7373271889400922,0.6904075525992035,5.161290322580645,2.838709677419355,1.8387096774193548,0.6535074244751664,0.7373271889400922,0.6904075525992035,5.161290322580645,2.838709677419355,1.8387096774193548,0.1343898580937751,0.3457135773948683,0.5017068952552823,0.4745391705069124,0.5376344086021506
U,single,45,1,B10,chopin_op67_no3,145.0,6.0,5.9,0.5,0.69,0.6791666666666666,0.6840909090909091,4.075,1.825,1.925,1.0,0.9833333333333334,0.9909090909090909,5.9,0.0,0.1,1.0,0.9833333333333334,0.9909090909090909,5.9,0.0,0.1,0.4879980842911878,0.8813017075517076,0.9888888888888888,1.0,0.98
U,single,45,1,B10,chopin_op67_no4,288.0,9.0,12.333333333333334,0.5,0.690218511647083,0.941798941798942,0.7960187500560171,8.476190476190476,3.857142857142857,0.5238095238095238,0.7300318728890157,0.9973544973544972,0.8423516442149983,8.976190476190476,3.357142857142857,0.0238095238095238,0.7300318728890157,0.9973544973544972,0.8423516442149983,8.976190476190476,3.357142857142857,0.0238095238095238,0.6547236383545907,0.7026857924279472,0.7198691172375382,0.6153429903429903,0.8690476190476191
U,ensemble,-1,1,raw,chopin_op07_no1,276.0,9.0,10.390243902439025,0.5,0.6243229670058938,0.7154471544715447,0.6653216559506675,6.439024390243903,3.951219512195122,2.5609756097560976,0.8743134913866621,1.0,0.9307937248887184,9.0,1.3902439024390243,0.0,0.8743134913866621,1.0,0.9307937248887184,9.0,1.3902439024390243,0.0,0.4703403138892711,0.7366818302674353,0.7693775327846157,0.7234786893323478,0.8262195121951219
U,ensemble,-1,1,raw,chopin_op07_no2,336.0,14.0,11.4,0.5,0.9732196375053516,0.789795918367347,0.8698150903616743,11.057142857142855,0.3428571428571428,2.942857142857143,0.9732196375053516,0.789795918367347,0.8698150903616743,11.057142857142855,0.3428571428571428,2.942857142857143,0.9732196375053516,0.789795918367347,0.8698150903616743,11.057142857142855,0.3428571428571428,2.942857142857143,0.7780669160771201,0.8621752882561833,0.6112513407917135,0.6892868242868243,0.5516483516483516
U,ensemble,-1,1,raw,chopin_op07_no3,276.0,11.0,8.46551724137931,0.5,0.7240234860924516,0.5517241379310345,0.6233599523131228,6.068965517241379,2.396551724137931,4.931034482758621,0.9081454943523908,0.6943573667711599,0.7833841355360008,7.637931034482759,0.8275862068965517,3.362068965517241,0.9081454943523908,0.6943573667711599,0.7833841355360008,7.637931034482759,0.8275862068965517,3.362068965517241,0.4226311381892682,0.7006716922842346,0.5090158628484667,0.602533960292581,0.4448275862068965
U,ensemble,-1,1,raw,chopin_op67_no1,156.0,7.0,7.542857142857143,0.5,0.4593588950731808,0.4938775510204081,0.4699052441489416,3.4571428571428573,4.085714285714285,3.5428571428571427,0.5983508554937126,0.636734693877551,0.6091468895250408,4.457142857142857,3.085714285714286,2.5428571428571427,0.5983508554937126,0.636734693877551,0.6091468895250408,4.457142857142857,3.085714285714286,2.5428571428571427,0.2637654862144657,0.5277532057938229,0.2631382902811474,0.2648185941043084,0.2714285714285714
U,ensemble,-1,1,raw,chopin_op67_no2,192.0,7.0,5.32258064516129,0.5,0.4415514592933948,0.336405529953917,0.3753979891076665,2.3548387096774195,2.967741935483871,4.645161290322581,0.6360087045570917,0.4792626728110599,0.5373784817333205,3.3548387096774195,1.967741935483871,3.645161290322581,0.6360087045570917,0.4792626728110599,0.5373784817333205,3.3548387096774195,1.967741935483871,3.645161290322581,0.1999780557384244,0.4114471380616335,0.3059696575825608,0.3640937019969278,0.2741935483870967
U,ensemble,-1,1,raw,chopin_op67_no3,145.0,6.0,5.6,0.5,0.6617857142857143,0.6208333333333333,0.6368240093240093,3.725,1.875,2.275,0.9964285714285712,0.9291666666666666,0.95504662004662,5.575,0.025,0.425,0.9964285714285712,0.9291666666666666,0.95504662004662,5.575,0.025,0.425,0.4327134646962233,0.7740800865800865,0.9012175324675324,0.9375,0.8800000000000001
U,ensemble,-1,1,raw,chopin_op67_no4,288.0,9.0,13.761904761904765,0.5,0.5998966311466312,0.9153439153439152,0.7232143930313266,8.238095238095237,5.523809523809524,0.7619047619047619,0.6068301737944596,0.9259259259259258,0.7315900753200525,8.333333333333334,5.428571428571429,0.6666666666666666,0.6068301737944596,0.9259259259259258,0.7315900753200525,8.333333333333334,5.428571428571429,0.6666666666666666,0.5553799485347104,0.7467015933355117,0.4177429823604083,0.3400039114324829,0.5446428571428571
U,ensemble,-1,1,B10,chopin_op07_no1,276.0,9.0,11.53658536585366,0.5,0.570497828729536,0.7154471544715447,0.6307285453905982,6.439024390243903,5.097560975609756,2.5609756097560976,0.8010638751492409,1.0,0.8839038669652053,9.0,2.5365853658536586,0.0,0.8010638751492409,1.0,0.8839038669652053,9.0,2.5365853658536586,0.0,0.4298860113414726,0.7366818302674353,0.6163518509840931,0.5674959187154309,0.6829268292682927
U,ensemble,-1,1,B10,chopin_op07_no2,336.0,14.0,13.942857142857145,0.5,0.8620152676455197,0.8551020408163265,0.8577080515520051,11.971428571428572,1.9714285714285715,2.0285714285714285,0.9836314525810324,0.9775510204081632,0.9796619484240652,13.685714285714283,0.2571428571428571,0.3142857142857143,0.9836314525810324,0.9775510204081632,0.9796619484240652,13.685714285714283,0.2571428571428571,0.3142857142857143,0.743579244884767,0.8621752882561833,0.9407207716567322,0.9447726083440368,0.9384615384615383
U,ensemble,-1,1,B10,chopin_op07_no3,276.0,11.0,12.241379310344827,0.5,0.6866211374832064,0.7601880877742947,0.7206369867014545,8.362068965517242,3.8793103448275854,2.6379310344827585,0.8885697635697636,0.9843260188087776,0.9328243670372606,10.827586206896552,1.4137931034482758,0.1724137931034483,0.8885697635697636,0.9843260188087776,0.9328243670372606,10.827586206896552,1.4137931034482758,0.1724137931034483,0.5337358157720704,0.7006716922842346,0.795772277907526,0.7568329180398147,0.8413793103448277
U,ensemble,-1,1,B10,chopin_op67_no1,156.0,7.0,8.142857142857142,0.5,0.4068645640074211,0.4816326530612245,0.4381866079765239,3.3714285714285714,4.771428571428571,3.628571428571429,0.5326953205524634,0.6244897959183674,0.5712298252634387,4.371428571428571,3.7714285714285714,2.628571428571429,0.5326953205524634,0.6244897959183674,0.5712298252634387,4.371428571428571,3.7714285714285714,2.628571428571429,0.235482000992205,0.5277532057938229,0.2413814756671899,0.2269047619047619,0.2619047619047618
U,ensemble,-1,1,B10,chopin_op67_no2,192.0,7.0,7.419354838709677,0.5,0.5070148489503328,0.5299539170506912,0.5158744639294924,3.7096774193548394,3.7096774193548394,3.290322580645161,0.7006784434203789,0.728110599078341,0.7106765783236371,5.096774193548387,2.3225806451612905,1.903225806451613,0.7006784434203789,0.728110599078341,0.7106765783236371,5.096774193548387,2.3225806451612905,1.903225806451613,0.29731411381757,0.4114471380616335,0.5597918210821436,0.5571812596006145,0.5698924731182796
U,ensemble,-1,1,B10,chopin_op67_no3,145.0,6.0,5.9,0.5,0.6733333333333333,0.6625,0.6674242424242424,3.975,1.925,2.025,1.0,0.9833333333333334,0.9909090909090909,5.9,0.0,0.1,1.0,0.9833333333333334,0.9909090909090909,5.9,0.0,0.1,0.4622988505747126,0.7740800865800865,0.9888888888888888,1.0,0.98
U,ensemble,-1,1,B10,chopin_op67_no4,288.0,9.0,12.333333333333334,0.5,0.7206345242059528,0.9841269841269842,0.8314305432317853,8.857142857142858,3.4761904761904763,0.1428571428571428,0.7298356405499262,0.9973544973544972,0.8422709795380602,8.976190476190476,3.357142857142857,0.0238095238095238,0.7298356405499262,0.9973544973544972,0.8422709795380602,8.976190476190476,3.357142857142857,0.0238095238095238,0.7110277839444505,0.7467015933355117,0.7224310776942355,0.6175296925296925,0.8720238095238095
B,single,42,1,raw,chopin_op07_no1,276.0,9.0,12.390243902439025,0.5,0.6124619402596447,0.8292682926829268,0.7016145325159111,7.463414634146342,4.926829268292683,1.5365853658536586,0.7400603342138493,1.0,0.8469382785546207,9.0,3.3902439024390243,0.0,0.7400603342138493,1.0,0.8469382785546207,9.0,3.3902439024390243,0.0,0.518471427656756,0.808249541564941,0.5081226928760818,0.4464128351323472,0.5945121951219512
B,single,42,1,raw,chopin_op07_no2,336.0,14.0,10.657142857142857,0.5,0.8867965367965368,0.6714285714285714,0.7612681661167419,9.4,1.2571428571428571,4.6,0.8955844155844156,0.6795918367346938,0.7696925692997657,9.514285714285714,1.1428571428571428,4.485714285714286,0.9003463203463203,0.6836734693877551,0.7740881736953701,9.571428571428571,1.0857142857142856,4.428571428571429,0.616600185528757,0.814697002681292,0.4589356744015129,0.5404504225932797,0.4021978021978022
B,single,42,1,raw,chopin_op07_no3,276.0,11.0,11.172413793103448,0.5,0.6457182185630461,0.6473354231974922,0.6435966325948965,7.120689655172414,4.051724137931035,3.8793103448275854,0.8313417425486391,0.8338557993730408,0.8288898703547958,9.172413793103448,2.0,1.827586206896552,0.8313417425486391,0.8338557993730408,0.8288898703547958,9.172413793103448,2.0,1.827586206896552,0.4337634419326528,0.7182902536446789,0.5396441711193778,0.5464888559716146,0.5379310344827586
B,single,42,1,raw,chopin_op67_no1,156.0,7.0,9.514285714285714,0.5,0.4156303220588935,0.5591836734693877,0.4727726826223067,3.914285714285714,5.6,3.085714285714286,0.5339237746380603,0.7142857142857143,0.6058283475333452,5.0,4.514285714285714,2.0,0.5339237746380603,0.7142857142857143,0.6058283475333452,5.0,4.514285714285714,2.0,0.2658856902734454,0.4815206833207882,0.1465582736591139,0.13001443001443,0.1714285714285714
B,single,42,1,raw,chopin_op67_no2,192.0,7.0,6.709677419354839,0.5,0.3756656426011264,0.3548387096774194,0.3628175587853007,2.4838709677419355,4.225806451612903,4.516129032258065,0.5715053763440859,0.5391705069124424,0.5512200165425972,3.774193548387097,2.935483870967742,3.225806451612903,0.5715053763440859,0.5391705069124424,0.5512200165425972,3.774193548387097,2.935483870967742,3.225806451612903,0.180710079730817,0.4496795484979338,0.2377096022257312,0.2494623655913978,0.2311827956989247
B,single,42,1,raw,chopin_op67_no3,145.0,6.0,5.975,0.5,0.7342857142857142,0.7291666666666667,0.7305944055944056,4.375,1.6,1.625,0.981547619047619,0.975,0.9767773892773892,5.85,0.125,0.15,0.981547619047619,0.975,0.9767773892773892,5.85,0.125,0.15,0.5581513409961686,0.7604943783068783,0.9488383838383838,0.9566666666666668,0.945
B,single,42,1,raw,chopin_op67_no4,288.0,9.0,14.952380952380953,0.5,0.593219787915166,0.9814814814814816,0.7388445612358656,8.833333333333334,6.119047619047619,0.1666666666666666,0.6024859943977591,0.9973544973544972,0.7505311355311355,8.976190476190476,5.976190476190476,0.0238095238095238,0.6024859943977591,0.9973544973544972,0.7505311355311355,8.976190476190476,5.976190476190476,0.0238095238095238,0.5840501478369126,0.821334609535504,0.4519003253475303,0.3563851822780394,0.6190476190476191
B,single,42,1,B10,chopin_op07_no1,276.0,9.0,13.24390243902439,0.5,0.5740357681534152,0.8292682926829268,0.6754751425204067,7.463414634146342,5.780487804878049,1.5365853658536586,0.6920916243010935,1.0,0.8144054388431238,9.0,4.243902439024391,0.0,0.6920916243010935,1.0,0.8144054388431238,9.0,4.243902439024391,0.0,0.4870970259810632,0.808249541564941,0.3961862560405186,0.3404181523083961,0.4786585365853658
B,single,42,1,B10,chopin_op07_no2,336.0,14.0,12.971428571428572,0.5,0.8953187288901574,0.8244897959183674,0.8563807077797225,11.542857142857144,1.4285714285714286,2.4571428571428573,0.9420560391988962,0.8714285714285714,0.9031600514063568,12.2,0.7714285714285715,1.8,0.9440968555254272,0.873469387755102,0.9052008677328874,12.228571428571428,0.7428571428571429,1.7714285714285714,0.7499363901404718,0.814697002681292,0.7541527752210981,0.7872598829741687,0.7274725274725274
B,single,42,1,B10,chopin_op07_no3,276.0,11.0,12.327586206896552,0.5,0.6558546338718753,0.7304075235109718,0.68952517497495,8.03448275862069,4.293103448275862,2.9655172413793105,0.8507402080677943,0.9467084639498432,0.8941167325650085,10.413793103448276,1.913793103448276,0.5862068965517241,0.8507402080677943,0.9467084639498432,0.8941167325650085,10.413793103448276,1.913793103448276,0.5862068965517241,0.4928479606123738,0.7182902536446789,0.6797500122119391,0.6462579566027842,0.7206896551724138
B,single,42,1,B10,chopin_op67_no1,156.0,7.0,9.514285714285714,0.5,0.4304193425621997,0.5836734693877551,0.4924300597431956,4.085714285714285,5.428571428571429,2.914285714285714,0.5482025910597339,0.7387755102040816,0.6255275794528338,5.171428571428572,4.342857142857143,1.8285714285714283,0.5482025910597339,0.7387755102040816,0.6255275794528338,5.171428571428572,4.342857142857143,1.8285714285714283,0.2860044150860477,0.4815206833207882,0.2281913791157488,0.2015780251494537,0.2666666666666666
B,single,42,1,B10,chopin_op67_no2,192.0,7.0,7.580645161290323,0.5,0.4909754224270353,0.5253456221198156,0.5064841072905588,3.6774193548387095,3.903225806451613,3.3225806451612905,0.6915002560163851,0.7419354838709677,0.71433593288432,5.193548387096774,2.3870967741935485,1.8064516129032255,0.6915002560163851,0.7419354838709677,0.71433593288432,5.193548387096774,2.3870967741935485,1.8064516129032255,0.2934462091288128,0.4496795484979338,0.507809394906169,0.4930491551459293,0.5268817204301075
B,single,42,1,B10,chopin_op67_no3,145.0,6.0,6.075,0.5,0.7458333333333333,0.7541666666666667,0.7496794871794872,4.525,1.55,1.475,0.9892857142857142,1.0,0.9942307692307693,6.0,0.075,0.0,0.9892857142857142,1.0,0.9942307692307693,6.0,0.075,0.0,0.5832874931581828,0.7604943783068783,0.9795454545454544,0.975,0.985
B,single,42,1,B10,chopin_op67_no4,288.0,9.0,14.095238095238097,0.5,0.6363298738298738,0.9841269841269842,0.7708077870293192,8.857142857142858,5.238095238095238,0.1428571428571428,0.6461309523809524,1.0,0.7828765471933175,9.0,5.095238095238095,0.0,0.6461309523809524,1.0,0.7828765471933175,9.0,5.095238095238095,0.0,0.6281138357527246,0.821334609535504,0.5779819160172216,0.4713153559792215,0.7529761904761905
B,single,43,1,raw,chopin_op07_no1,276.0,9.0,10.609756097560975,0.5,0.5824691568594008,0.6829268292682927,0.6275405809423781,6.146341463414634,4.463414634146342,2.8536585365853657,0.8545795667746887,1.0,0.9198822999849958,9.0,1.6097560975609757,0.0,0.8545795667746887,1.0,0.9198822999849958,9.0,1.6097560975609757,0.0,0.410637824529659,0.7231126672183583,0.73559868106421,0.6823355506282336,0.801829268292683
B,single,43,1,raw,chopin_op07_no2,336.0,14.0,13.514285714285714,0.5,0.8009942438513867,0.7714285714285715,0.7848860098121182,10.8,2.7142857142857144,3.2,0.8009942438513867,0.7714285714285715,0.7848860098121182,10.8,2.7142857142857144,3.2,0.8009942438513867,0.7714285714285715,0.7848860098121182,10.8,2.7142857142857144,3.2,0.6306843836435673,0.8379272865165291,0.4358054538054538,0.4446210931925217,0.4285714285714285
B,single,43,1,raw,chopin_op07_no3,276.0,11.0,13.53448275862069,0.5,0.4853585140349846,0.5924764890282131,0.5322111421811572,6.517241379310345,7.017241379310345,4.482758620689655,0.6784965414909634,0.829153605015674,0.7443566378648837,9.120689655172416,4.413793103448276,1.8793103448275863,0.6784965414909634,0.829153605015674,0.7443566378648837,9.120689655172416,4.413793103448276,1.8793103448275863,0.3066315112489218,0.6763514442434256,0.4317699127984774,0.3914722729377901,0.4844827586206897
B,single,43,1,raw,chopin_op67_no1,156.0,7.0,11.0,0.5,0.4590470640470641,0.7142857142857143,0.5567236719249103,5.0,6.0,2.0,0.5514169164169164,0.8571428571428571,0.6684711779448621,6.0,5.0,1.0,0.5514169164169164,0.8571428571428571,0.6684711779448621,6.0,5.0,1.0,0.3417787767787767,0.501447690655655,0.2176256143483034,0.1790950319521748,0.2809523809523809
B,single,43,1,raw,chopin_op67_no2,192.0,7.0,6.0,0.5,0.5577956989247312,0.456221198156682,0.4944356718550267,3.193548387096774,2.806451612903226,3.806451612903226,0.668125960061444,0.5529953917050691,0.5962446155994543,3.870967741935484,2.129032258064516,3.129032258064516,0.668125960061444,0.5529953917050691,0.5962446155994543,3.870967741935484,2.129032258064516,3.129032258064516,0.2911715492648672,0.5499939210468047,0.4258352758352758,0.4969278033794163,0.3870967741935484
B,single,43,1,raw,chopin_op67_no3,145.0,6.0,5.75,0.5,0.6197619047619047,0.6,0.6067968142968143,3.6,2.15,2.4,0.9779761904761906,0.9333333333333332,0.9492482517482518,5.6,0.15,0.4,0.9779761904761906,0.9333333333333332,0.9492482517482518,5.6,0.15,0.4,0.3959763273125342,0.5697825079404026,0.8783297258297258,0.9045833333333332,0.865
B,single,43,1,raw,chopin_op67_no4,288.0,9.0,14.095238095238097,0.5,0.5696156026513169,0.8915343915343915,0.6936859275989711,8.023809523809524,6.071428571428571,0.9761904761904762,0.5747176434676435,0.8994708994708995,0.6998971077231947,8.095238095238095,6.0,0.9047619047619048,0.5747176434676435,0.8994708994708995,0.6998971077231947,8.095238095238095,6.0,0.9047619047619048,0.5141383583347869,0.6624875887614016,0.3856988131914579,0.3105505605505605,0.5119047619047619
B,single,43,1,B10,chopin_op07_no1,276.0,9.0,10.634146341463415,0.5,0.5821981541493736,0.6829268292682927,0.6270706329756394,6.146341463414634,4.487804878048781,2.8536585365853657,0.8545369264881459,1.0,0.9193754897220878,9.0,1.6341463414634143,0.0,0.8545369264881459,1.0,0.9193754897220878,9.0,1.6341463414634143,0.0,0.4103287087733888,0.7231126672183583,0.7340154547056306,0.6824464153732447,0.7987804878048781
B,single,43,1,B10,chopin_op07_no2,336.0,14.0,12.971428571428572,0.5,0.9169021454735742,0.846938775510204,0.8797332403046688,11.857142857142858,1.1142857142857143,2.142857142857143,0.9740973312401884,0.9020408163265304,0.935829524972382,12.628571428571428,0.3428571428571428,1.3714285714285714,0.9740973312401884,0.9020408163265304,0.935829524972382,12.628571428571428,0.3428571428571428,1.3714285714285714,0.7831810196606115,0.8379272865165291,0.8280286669851887,0.8625074925074926,0.7978021978021979
B,single,43,1,B10,chopin_op07_no3,276.0,11.0,12.948275862068966,0.5,0.5928785548461005,0.6912225705329154,0.6370003110332946,7.603448275862069,5.344827586206897,3.396551724137931,0.8124425608198428,0.9482758620689656,0.8733487576890876,10.43103448275862,2.5172413793103448,0.5689655172413793,0.8124425608198428,0.9482758620689656,0.8733487576890876,10.43103448275862,2.5172413793103448,0.5689655172413793,0.4267672808154573,0.6763514442434256,0.6885667930270629,0.6377951789589721,0.7517241379310345
B,single,43,1,B10,chopin_op67_no1,156.0,7.0,10.257142857142858,0.5,0.4399144506287363,0.6448979591836734,0.5216659997332267,4.514285714285714,5.742857142857143,2.4857142857142858,0.5386209029066171,0.7877551020408162,0.6380391454827544,5.514285714285714,4.742857142857143,1.4857142857142858,0.5386209029066171,0.7877551020408162,0.6380391454827544,5.514285714285714,4.742857142857143,1.4857142857142858,0.3050171710375792,0.501447690655655,0.1760842798657924,0.1481653267367553,0.219047619047619
B,single,43,1,B10,chopin_op67_no2,192.0,7.0,7.161290322580645,0.5,0.5809395801331285,0.5898617511520737,0.5834923299344551,4.129032258064516,3.032258064516129,2.870967741935484,0.7740271377368152,0.7834101382488479,0.7761468607294034,5.483870967741935,1.6774193548387095,1.5161290322580645,0.7740271377368152,0.7834101382488479,0.7761468607294034,5.483870967741935,1.6774193548387095,1.5161290322580645,0.3655253364786774,0.5499939210468047,0.6170356525195234,0.6208525345622119,0.618279569892473
B,single,43,1,B10,chopin_op67_no3,145.0,6.0,5.975,0.5,0.6649999999999999,0.6625,0.6636363636363636,3.975,2.0,2.025,1.0,0.9958333333333332,0.9977272727272728,5.975,0.0,0.025,1.0,0.9958333333333332,0.9977272727272728,5.975,0.0,0.025,0.4547988505747126,0.5697825079404026,0.997222222222222,1.0,0.995
B,single,43,1,B10,chopin_op67_no4,288.0,9.0,13.142857142857142,0.5,0.6644307081807082,0.9656084656084656,0.7861405089044841,8.69047619047619,4.4523809523809526,0.3095238095238095,0.6734791993720565,0.978835978835979,0.796877873679116,8.80952380952381,4.333333333333333,0.1904761904761904,0.6734791993720565,0.978835978835979,0.796877873679116,8.80952380952381,4.333333333333333,0.1904761904761904,0.6452862448398162,0.6624875887614016,0.6306727905779883,0.5254249718535432,0.7916666666666666
B,single,44,1,raw,chopin_op07_no1,276.0,9.0,10.951219512195122,0.5,0.4952953550514525,0.5962059620596205,0.5389307526021261,5.365853658536586,5.585365853658536,3.634146341463415,0.8323554494286203,0.9972899728997288,0.903935281663138,8.975609756097562,1.975609756097561,0.024390243902439,0.8323554494286203,0.9972899728997288,0.903935281663138,8.975609756097562,1.975609756097561,0.024390243902439,0.3215443812828047,0.6671700715331226,0.7036420994663085,0.649873297434273,0.774390243902439
B,single,44,1,raw,chopin_op07_no2,336.0,14.0,14.228571428571428,0.5,0.8068458572240085,0.8122448979591836,0.8066506679870735,11.371428571428572,2.857142857142857,2.628571428571429,0.8156327052965708,0.8224489795918367,0.8160724366945564,11.514285714285714,2.7142857142857144,2.4857142857142858,0.8156327052965708,0.8224489795918367,0.8160724366945564,11.514285714285714,2.7142857142857144,2.4857142857142858,0.6644432138489761,0.8218021552314401,0.5129191273890353,0.513356391507652,0.5164835164835164
B,single,44,1,raw,chopin_op07_no3,276.0,11.0,9.827586206896552,0.5,0.6098678620230344,0.5376175548589341,0.5680174871418645,5.913793103448276,3.913793103448276,5.086206896551724,0.7941214915352847,0.7021943573667712,0.7408063721412851,7.724137931034483,2.103448275862069,3.2758620689655173,0.7941214915352847,0.7021943573667712,0.7408063721412851,7.724137931034483,2.103448275862069,3.2758620689655173,0.349154947735771,0.6987374191996107,0.3285359928495404,0.359962929790516,0.3068965517241379
B,single,44,1,raw,chopin_op67_no1,156.0,7.0,6.2,0.5,0.3895011337868481,0.3346938775510203,0.3482946605215513,2.342857142857143,3.857142857142857,4.6571428571428575,0.5731519274376418,0.4775510204081632,0.5038199195762221,3.342857142857143,2.857142857142857,3.657142857142857,0.5731519274376418,0.4775510204081632,0.5038199195762221,3.342857142857143,2.857142857142857,3.657142857142857,0.1696558770028157,0.4344543056449247,0.1486840143983001,0.1788775510204081,0.138095238095238
B,single,44,1,raw,chopin_op67_no2,192.0,7.0,8.387096774193548,0.5,0.3233905879067169,0.3917050691244239,0.3525971182517672,2.7419354838709675,5.645161290322581,4.258064516129032,0.4721000325839035,0.5668202764976958,0.5122881493374852,3.967741935483871,4.419354838709677,3.032258064516129,0.4721000325839035,0.5668202764976958,0.5122881493374852,3.967741935483871,4.419354838709677,3.032258064516129,0.1681100837206827,0.3375803074949627,0.3008918500853984,0.270084485407066,0.3440860215053763
B,single,44,1,raw,chopin_op67_no3,145.0,6.0,5.7,0.5,0.6975595238095238,0.6583333333333333,0.6746911421911422,3.95,1.75,2.05,0.9878571428571428,0.9375,0.9584265734265734,5.625,0.075,0.375,0.9878571428571428,0.9375,0.9584265734265734,5.625,0.075,0.375,0.4758343596059113,0.7770576067451067,0.9051136363636364,0.9354166666666666,0.885
B,single,44,1,raw,chopin_op67_no4,288.0,9.0,13.571428571428571,0.5,0.6483625071915652,0.9603174603174603,0.7706999149405389,8.642857142857142,4.928571428571429,0.3571428571428571,0.6563224253018591,0.9735449735449736,0.7805451005728311,8.761904761904763,4.809523809523809,0.238095238095238,0.6563224253018591,0.9735449735449736,0.7805451005728311,8.761904761904763,4.809523809523809,0.238095238095238,0.6256637202618884,0.7966796099289324,0.5647457787387214,0.4701951277996169,0.7142857142857143
B,single,44,1,B10,chopin_op07_no1,276.0,9.0,11.24390243902439,0.5,0.4887510524705647,0.5989159891598915,0.5348533598207093,5.390243902439025,5.853658536585366,3.609756097560976,0.8225280816744233,1.0,0.8967179541449787,9.0,2.2439024390243905,0.0,0.8225280816744233,1.0,0.8967179541449787,9.0,2.2439024390243905,0.0,0.3170886565681546,0.6671700715331226,0.6635388765094697,0.6182661511929805,0.725609756097561
B,single,44,1,B10,chopin_op07_no2,336.0,14.0,13.628571428571428,0.5,0.8709942438513867,0.8428571428571429,0.855453424517464,11.8,1.8285714285714283,2.2,0.9542268445839874,0.926530612244898,0.9388360189345412,12.971428571428572,0.6571428571428571,1.0285714285714285,0.9542268445839874,0.926530612244898,0.9388360189345412,12.971428571428572,0.6571428571428571,1.0285714285714285,0.7419139194139194,0.8218021552314401,0.8286778301064015,0.8427244184387042,0.8175824175824177
B,single,44,1,B10,chopin_op07_no3,276.0,11.0,12.89655172413793,0.5,0.6357553366174057,0.7398119122257054,0.6822062045900126,8.137931034482758,4.758620689655173,2.862068965517241,0.8120049490739146,0.945141065830721,0.8714272983388426,10.39655172413793,2.5,0.603448275862069,0.8120049490739146,0.945141065830721,0.8714272983388426,10.39655172413793,2.5,0.603448275862069,0.4829795199121899,0.6987374191996107,0.5986380357326463,0.5577378560137182,0.65
B,single,44,1,B10,chopin_op67_no1,156.0,7.0,7.371428571428571,0.5,0.3648866213151927,0.3877551020408163,0.3744488564656631,2.7142857142857144,4.6571428571428575,4.285714285714286,0.5024603174603174,0.5306122448979591,0.5141542770954536,3.7142857142857135,3.657142857142857,3.2857142857142856,0.5024603174603174,0.5306122448979591,0.5141542770954536,3.7142857142857135,3.657142857142857,3.2857142857142856,0.183363359996013,0.4344543056449247,0.2268560011417154,0.2225850340136054,0.2333333333333333
B,single,44,1,B10,chopin_op67_no2,192.0,7.0,8.32258064516129,0.5,0.4365719406041986,0.511520737327189,0.4692634373848795,3.5806451612903225,4.741935483870968,3.419354838709677,0.6441116231438813,0.7511520737327189,0.6907771545342702,5.258064516129032,3.064516129032258,1.7419354838709675,0.6441116231438813,0.7511520737327189,0.6907771545342702,5.258064516129032,3.064516129032258,1.7419354838709675,0.249893478896935,0.3375803074949627,0.5056943056943057,0.4703917050691244,0.5537634408602151
B,single,44,1,B10,chopin_op67_no3,145.0,6.0,5.975,0.5,0.6889285714285714,0.6833333333333333,0.6852272727272727,4.1,1.875,1.9,0.9892857142857142,0.9833333333333334,0.9851398601398602,5.9,0.075,0.1,0.9892857142857142,0.9833333333333334,0.9851398601398602,5.9,0.075,0.1,0.4871709085933224,0.7770576067451067,0.9684343434343434,0.975,0.965
B,single,44,1,B10,chopin_op67_no4,288.0,9.0,12.357142857142858,0.5,0.7193917193917194,0.9841269841269842,0.8305970082367599,8.857142857142858,3.5,0.1428571428571428,0.7284620141762999,0.9973544973544972,0.8413433357532737,8.976190476190476,3.380952380952381,0.0238095238095238,0.7284620141762999,0.9973544973544972,0.8413433357532737,8.976190476190476,3.380952380952381,0.0238095238095238,0.7099012649607888,0.7966796099289324,0.7215538847117794,0.6162670662670662,0.8720238095238095
B,single,45,1,raw,chopin_op07_no1,276.0,9.0,10.097560975609756,0.5,0.5968130785203956,0.6585365853658537,0.6242551412111048,5.926829268292683,4.170731707317073,3.073170731707317,0.9039752929996832,1.0,0.9464650491552316,9.0,1.0975609756097562,0.0,0.9039752929996832,1.0,0.9464650491552316,9.0,1.0975609756097562,0.0,0.4117359271654075,0.6667049250322804,0.8219364767729941,0.789231906305077,0.8628048780487805
B,single,45,1,raw,chopin_op07_no2,336.0,14.0,15.057142857142855,0.5,0.6776261740127286,0.7224489795918367,0.6967839581950499,10.114285714285714,4.942857142857143,3.8857142857142857,0.7085018576195047,0.7571428571428571,0.7293808534603863,10.6,4.457142857142857,3.4,0.7085018576195047,0.7571428571428571,0.7293808534603863,10.6,4.457142857142857,3.4,0.502631492490436,0.7934498184871477,0.3851211899719075,0.3726052239077448,0.4021978021978022
B,single,45,1,raw,chopin_op07_no3,276.0,11.0,9.5,0.5,0.6718810404155231,0.5626959247648903,0.6057869708040753,6.189655172413793,3.310344827586207,4.810344827586207,0.7741399883641263,0.6551724137931034,0.7021805388341934,7.206896551724138,2.293103448275862,3.793103448275862,0.7782108695901799,0.658307210031348,0.7057195587978957,7.241379310344827,2.2586206896551726,3.7586206896551726,0.3984929191399819,0.6540691417779705,0.3595246279229945,0.4109724088172364,0.3258620689655172
B,single,45,1,raw,chopin_op67_no1,156.0,7.0,6.371428571428571,0.5,0.6257482993197279,0.5591836734693877,0.5776548241674292,3.914285714285714,2.4571428571428573,3.085714285714286,0.7992063492063491,0.7020408163265306,0.7302625805566981,4.914285714285715,1.457142857142857,2.085714285714286,0.7992063492063491,0.7020408163265306,0.7302625805566981,4.914285714285715,1.457142857142857,2.085714285714286,0.3810128080536243,0.655887575161878,0.4479878851307423,0.5040362811791383,0.4238095238095238
B,single,45,1,raw,chopin_op67_no2,192.0,7.0,6.483870967741935,0.5,0.255747567844342,0.2350230414746544,0.2401256870896339,1.6451612903225807,4.838709677419355,5.354838709677419,0.4841781874039939,0.4516129032258064,0.4585708883147213,3.161290322580645,3.3225806451612905,3.838709677419355,0.4841781874039939,0.4516129032258064,0.4585708883147213,3.161290322580645,3.3225806451612905,3.838709677419355,0.1016645636749323,0.3580683623558255,0.1677677161548129,0.1672299027137737,0.1720430107526881
B,single,45,1,raw,chopin_op67_no3,145.0,6.0,5.325,0.5,0.7701190476190476,0.6708333333333333,0.710081585081585,4.025,1.3,1.975,0.9964285714285712,0.8833333333333334,0.9285314685314684,5.3,0.025,0.7,0.9964285714285712,0.8833333333333334,0.9285314685314684,5.3,0.025,0.7,0.5305056102900931,0.8752863455988455,0.7937770562770563,0.8479166666666667,0.76
B,single,45,1,raw,chopin_op67_no4,288.0,9.0,12.857142857142858,0.5,0.62757104007104,0.8915343915343915,0.7347570837502188,8.023809523809524,4.833333333333333,0.9761904761904762,0.6442682317682318,0.9153439153439152,0.7543664426452918,8.238095238095237,4.619047619047619,0.7619047619047619,0.6442682317682318,0.9153439153439152,0.7543664426452918,8.238095238095237,4.619047619047619,0.7619047619047619,0.5682785633678491,0.7257269931240347,0.4944305535819487,0.4160525981954553,0.6130952380952381
B,single,45,1,B10,chopin_op07_no1,276.0,9.0,10.097560975609756,0.5,0.59677639433737,0.6585365853658537,0.6231822083889953,5.926829268292683,4.170731707317073,3.073170731707317,0.9097609707365804,1.0,0.9483354704122688,9.0,1.0975609756097562,0.0,0.9097609707365804,1.0,0.9483354704122688,9.0,1.0975609756097562,0.0,0.4091620632094297,0.6667049250322804,0.8312350917727342,0.8050847526457282,0.8658536585365854
B,single,45,1,B10,chopin_op07_no2,336.0,14.0,15.571428571428571,0.5,0.7402221657893927,0.8183673469387754,0.7764096665733404,11.457142857142856,4.114285714285714,2.5428571428571427,0.8520318127250901,0.9428571428571428,0.8940899983773017,13.2,2.3714285714285714,0.8,0.8520318127250901,0.9428571428571428,0.8940899983773017,13.2,2.3714285714285714,0.8,0.6178980108526927,0.7934498184871477,0.7514144326755164,0.7154696493982209,0.7934065934065935
B,single,45,1,B10,chopin_op07_no3,276.0,11.0,11.879310344827584,0.5,0.6453523488006246,0.6896551724137931,0.6647597055618044,7.586206896551724,4.293103448275862,3.413793103448276,0.8164789233754751,0.8730407523510971,0.8412774581740099,9.60344827586207,2.2758620689655173,1.396551724137931,0.81924196493162,0.8761755485893418,0.8442134901580178,9.637931034482758,2.2413793103448274,1.362068965517241,0.4597562766160286,0.6540691417779705,0.5785494470809707,0.5650406107302659,0.596551724137931
B,single,45,1,B10,chopin_op67_no1,156.0,7.0,7.942857142857143,0.5,0.4859863945578231,0.5551020408163265,0.5159497645211931,3.8857142857142857,4.057142857142857,3.1142857142857143,0.606859410430839,0.6897959183673469,0.6428103549111952,4.828571428571428,3.1142857142857143,2.1714285714285717,0.606859410430839,0.6897959183673469,0.6428103549111952,4.828571428571428,3.1142857142857143,2.1714285714285717,0.3115150382497321,0.655887575161878,0.3581380524237667,0.337891156462585,0.3857142857142857
B,single,45,1,B10,chopin_op67_no2,192.0,7.0,8.258064516129032,0.5,0.3190348182283666,0.3732718894009216,0.3424859770210813,2.6129032258064515,5.645161290322581,4.387096774193548,0.672247823860727,0.7834101382488479,0.7205489640024745,5.483870967741935,2.774193548387097,1.5161290322580645,0.672247823860727,0.7834101382488479,0.7205489640024745,5.483870967741935,2.774193548387097,1.5161290322580645,0.1664581961816985,0.3580683623558255,0.4985047210853662,0.4657066052227342,0.543010752688172
B,single,45,1,B10,chopin_op67_no3,145.0,6.0,5.95,0.5,0.7142857142857142,0.7083333333333333,0.7108391608391609,4.25,1.7,1.75,0.9964285714285712,0.9875,0.9912587412587414,5.925,0.025,0.075,0.9964285714285712,0.9875,0.9912587412587414,5.925,0.025,0.075,0.5263149972632731,0.8752863455988455,0.9848484848484848,0.9916666666666666,0.98
B,single,45,1,B10,chopin_op67_no4,288.0,9.0,12.30952380952381,0.5,0.7120617477760335,0.9708994708994708,0.8211798553413461,8.738095238095237,3.571428571428572,0.2619047619047619,0.7327315541601256,1.0,0.8453254819714446,9.0,3.3095238095238093,0.0,0.7327315541601256,1.0,0.8453254819714446,9.0,3.3095238095238093,0.0,0.6945979780801209,0.7257269931240347,0.725689223057644,0.6205322455322455,0.875
B,ensemble,-1,1,raw,chopin_op07_no1,276.0,9.0,10.268292682926829,0.5,0.6562097793805111,0.7425474254742547,0.6948389805452929,6.682926829268292,3.5853658536585367,2.317073170731707,0.8869995857800737,1.0,0.9374482190243756,9.0,1.2682926829268293,0.0,0.8869995857800737,1.0,0.9374482190243756,9.0,1.2682926829268293,0.0,0.5084446313149035,0.7113195245249286,0.7940482483108776,0.7535012413061194,0.8445121951219512
B,ensemble,-1,1,raw,chopin_op07_no2,336.0,14.0,11.542857142857144,0.5,0.9429451500880072,0.7755102040816326,0.8492471775624485,10.857142857142858,0.6857142857142857,3.142857142857143,0.9491356262784834,0.7816326530612245,0.8553858664597581,10.942857142857145,0.6,3.057142857142857,0.9491356262784834,0.7816326530612245,0.8553858664597581,10.942857142857145,0.6,3.057142857142857,0.7439883246005694,0.8562533676197951,0.5958171683389074,0.6637286523000809,0.5428571428571428
B,ensemble,-1,1,raw,chopin_op07_no3,276.0,11.0,9.551724137931034,0.5,0.6743537592675524,0.5768025078369906,0.6188789747299965,6.344827586206897,3.206896551724138,4.655172413793103,0.8767284918146988,0.7523510971786834,0.8060532561242733,8.275862068965518,1.2758620689655171,2.7241379310344827,0.8767284918146988,0.7523510971786834,0.8060532561242733,8.275862068965518,1.2758620689655171,2.7241379310344827,0.4091643203388467,0.7248839307297119,0.5113516338174713,0.566109991541026,0.4706896551724138
B,ensemble,-1,1,raw,chopin_op67_no1,156.0,7.0,7.542857142857143,0.5,0.4920892599464028,0.5183673469387755,0.4973759220287305,3.628571428571429,3.914285714285714,3.3714285714285714,0.6327932385075242,0.6612244897959183,0.6371099262917043,4.628571428571429,2.914285714285714,2.3714285714285714,0.6327932385075242,0.6612244897959183,0.6371099262917043,4.628571428571429,2.914285714285714,2.3714285714285714,0.2856914400791951,0.5443027011651534,0.2694474013381576,0.281134817563389,0.2666666666666666
B,ensemble,-1,1,raw,chopin_op67_no2,192.0,7.0,5.741935483870968,0.5,0.4170506912442396,0.3456221198156682,0.3724289151708506,2.419354838709677,3.3225806451612905,4.580645161290323,0.6327060931899641,0.511520737327189,0.5569384916159109,3.5806451612903225,2.161290322580645,3.419354838709677,0.6327060931899641,0.511520737327189,0.5569384916159109,3.5806451612903225,2.161290322580645,3.419354838709677,0.1962955343427693,0.466961952022488,0.2805538547474031,0.3213133640552995,0.2580645161290322
B,ensemble,-1,1,raw,chopin_op67_no3,145.0,6.0,5.75,0.5,0.6655357142857142,0.6375,0.6494755244755244,3.825,1.925,2.175,0.9922619047619048,0.95,0.9680011655011656,5.7,0.05,0.3,0.9922619047619048,0.95,0.9680011655011656,5.7,0.05,0.3,0.4427876984126984,0.7805456349206349,0.9276262626262628,0.9525,0.91
B,ensemble,-1,1,raw,chopin_op67_no4,288.0,9.0,14.0,0.5,0.6103479853479854,0.9470899470899472,0.7410829232878923,8.523809523809524,5.476190476190476,0.4761904761904761,0.6187728937728938,0.9603174603174603,0.7513643085692776,8.642857142857142,5.357142857142857,0.3571428571428571,0.6187728937728938,0.9603174603174603,0.7513643085692776,8.642857142857142,5.357142857142857,0.3571428571428571,0.5815103106769774,0.7802914854166927,0.4686854771032607,0.3793171114599686,0.6160714285714286
B,ensemble,-1,1,B10,chopin_op07_no1,276.0,9.0,11.048780487804878,0.5,0.6160357257918233,0.7425474254742547,0.6689799146795296,6.682926829268292,4.365853658536586,2.317073170731707,0.8374186788820936,1.0,0.9055902433225644,9.0,2.048780487804878,0.0,0.8374186788820936,1.0,0.9055902433225644,9.0,2.048780487804878,0.0,0.4752830774216423,0.7113195245249286,0.6900150467469051,0.6479030454640211,0.7469512195121951
B,ensemble,-1,1,B10,chopin_op07_no2,336.0,14.0,13.457142857142856,0.5,0.888843537414966,0.8510204081632653,0.8686142137373664,11.914285714285716,1.542857142857143,2.085714285714286,0.9838016745159602,0.9448979591836734,0.962980726626047,13.228571428571428,0.2285714285714285,0.7714285714285715,0.9838016745159602,0.9448979591836734,0.962980726626047,13.228571428571428,0.2285714285714285,0.7714285714285715,0.762872280780444,0.8562533676197951,0.893767660910518,0.9132791018505304,0.8769230769230769
B,ensemble,-1,1,B10,chopin_op07_no3,276.0,11.0,12.29310344827586,0.5,0.6697150550598827,0.744514106583072,0.7038938997034949,8.189655172413794,4.103448275862069,2.810344827586207,0.8715118215118215,0.9686520376175548,0.9158899621118513,10.655172413793103,1.637931034482759,0.3448275862068966,0.8715118215118215,0.9686520376175548,0.9158899621118513,10.655172413793103,1.637931034482759,0.3448275862068966,0.5118621031868954,0.7248839307297119,0.7306334016860333,0.6943549745273883,0.7741379310344827
B,ensemble,-1,1,B10,chopin_op67_no1,156.0,7.0,8.17142857142857,0.5,0.4101647558790415,0.4857142857142857,0.4415072695744965,3.4,4.771428571428571,3.6,0.5358556522842237,0.6285714285714286,0.5744197679071629,4.4,3.7714285714285714,2.6,0.5358556522842237,0.6285714285714286,0.5744197679071629,4.4,3.7714285714285714,2.6,0.2355902600800559,0.5443027011651534,0.2544618873190301,0.2391609977324263,0.2761904761904761
B,ensemble,-1,1,B10,chopin_op67_no2,192.0,7.0,7.451612903225806,0.5,0.5300563236047107,0.5576036866359446,0.541397328162034,3.903225806451613,3.548387096774193,3.096774193548387,0.7452252944188429,0.7834101382488479,0.7607031646405461,5.483870967741935,1.967741935483871,1.5161290322580645,0.7452252944188429,0.7834101382488479,0.7607031646405461,5.483870967741935,1.967741935483871,1.5161290322580645,0.3260405237363762,0.466961952022488,0.578627823789114,0.5723886328725037,0.5913978494623655
B,ensemble,-1,1,B10,chopin_op67_no3,145.0,6.0,6.05,0.5,0.6744047619047618,0.6791666666666666,0.676602564102564,4.075,1.975,1.925,0.9928571428571428,1.0,0.9961538461538462,6.0,0.05,0.0,0.9928571428571428,1.0,0.9961538461538462,6.0,0.05,0.0,0.4732957033388068,0.7805456349206349,0.9863636363636364,0.9833333333333334,0.99
B,ensemble,-1,1,B10,chopin_op67_no4,288.0,9.0,12.595238095238097,0.5,0.7083551369265655,0.9867724867724867,0.8239314170991189,8.880952380952381,3.7142857142857135,0.119047619047619,0.717425431711146,1.0,0.8346777446156327,9.0,3.595238095238096,0.0,0.717425431711146,1.0,0.8346777446156327,9.0,3.595238095238096,0.0,0.7007060124619648,0.7802914854166927,0.7156641604010024,0.6065462315462316,0.875
